ARL93075	d__Bacteria; p__Proteobacteria; c__Betaproteobacteria; o__Burkholderiales; f__Burkholderiaceae; g__Burkholderia; s__Burkholderia pseudomallei
ARC07303	d__Bacteria; p__Proteobacteria; c__Betaproteobacteria; o__Neisseriales; f__Neisseriaceae; g__Neisseria; s__Neisseria meningitidis
AON53932	d__Bacteria; p__Proteobacteria; c__Betaproteobacteria; o__Burkholderiales; f__Oxalobacteraceae; g__Herbaspirillum; s__Herbaspirillum seropedicae
VEH72687	d__Bacteria; p__Actinobacteria; c__Actinobacteria; o__Corynebacteriales; f__Corynebacteriaceae; g__Corynebacterium; s__Corynebacterium segmentosum
AAC79439	d__Bacteria; p__Proteobacteria; c__Alphaproteobacteria; o__Rhizobiales; f__Rhizobiaceae
ACE62774	d__Bacteria; p__Proteobacteria; c__Gammaproteobacteria; o__Pasteurellales; f__Pasteurellaceae; g__Actinobacillus; s__Actinobacillus pleuropneumoniae
ADU93288	d__Bacteria; p__Firmicutes; c__Bacilli; o__Bacillales; f__Bacillaceae; g__Geobacillus; s__Geobacillus sp. Y412MC52
KFL22476	d__Bacteria; p__Proteobacteria; c__Betaproteobacteria; o__Burkholderiales; f__Burkholderiaceae; g__Ralstonia; s__Ralstonia pickettii
QDY96975	d__Bacteria; p__Proteobacteria; c__Alphaproteobacteria; o__Rhizobiales; f__Rhizobiaceae; g__Agrobacterium; s__Agrobacterium tumefaciens
EGQ77692	d__Bacteria; p__Proteobacteria; c__Betaproteobacteria; o__Neisseriales; f__Neisseriaceae; g__Neisseria; s__Neisseria macacae
QEN10787	d__Bacteria; p__Proteobacteria; c__Gammaproteobacteria; o__Pasteurellales; f__Pasteurellaceae; g__Haemophilus; s__Haemophilus parahaemolyticus
AEI07212	d__Bacteria; p__Proteobacteria; c__Alphaproteobacteria; o__Rhizobiales; f__Bradyrhizobiaceae; g__Oligotropha; s__Oligotropha carboxidovorans
ARK95460	d__Bacteria; p__Proteobacteria; c__Betaproteobacteria; o__Burkholderiales; f__Burkholderiaceae; g__Burkholderia; s__Burkholderia pseudomallei
VEJ50234	d__Bacteria; p__Proteobacteria; c__Betaproteobacteria; o__Neisseriales; f__Neisseriaceae; g__Neisseria; s__Neisseria weaveri
SMX60660	d__Bacteria; p__Proteobacteria; c__Alphaproteobacteria; o__Rhizobiales; f__Bradyrhizobiaceae; g__Bradyrhizobium; s__Bradyrhizobium sp. ORS 285
AGB30565	d__Archaea; p__Euryarchaeota; c__Halobacteria; o__Natrialbales; f__Natrialbaceae; g__Natrinema; s__Natrinema pellirubrum
SMX56039	d__Bacteria; p__Proteobacteria; c__Alphaproteobacteria; o__Rhizobiales; f__Bradyrhizobiaceae; g__Bradyrhizobium; s__Bradyrhizobium sp. ORS 285
AGB32182	d__Archaea; p__Euryarchaeota; c__Halobacteria; o__Natrialbales; f__Natrialbaceae; g__Natrinema; s__Natrinema pellirubrum
ABZ97186	r__Root
KPD32437	d__Bacteria; p__Deinococcus-Thermus; c__Deinococci; o__Thermales; f__Thermaceae; g__Thermus; s__Thermus scotoductus
OOR95290	d__Bacteria; p__Proteobacteria; c__Gammaproteobacteria; o__Pasteurellales; f__Pasteurellaceae; g__Haemophilus; s__Haemophilus paraphrohaemolyticus
VEE13588	d__Bacteria; p__Proteobacteria; c__Gammaproteobacteria; o__Pseudomonadales; f__Pseudomonadaceae; g__Pseudomonas; s__Pseudomonas mendocina
AHB64591	d__Archaea; p__Euryarchaeota; c__Halobacteria; o__Halobacteriales; f__Haloarculaceae; g__Haloarcula; s__Haloarcula hispanica
VEJ64438	d__Bacteria; p__Actinobacteria; c__Actinobacteria; o__Corynebacteriales; f__Corynebacteriaceae; g__Corynebacterium; s__Corynebacterium diphtheriae
BAT31446	d__Bacteria; p__Proteobacteria; c__Alphaproteobacteria; o__Rhizobiales; f__Aurantimonadaceae; g__Fulvimarina; s__Fulvimarina pelagi
CAD89521	d__Archaea; p__Euryarchaeota; c__Halobacteria; o__Haloferacales; f__Haloferacaceae; g__Haloferax; s__Haloferax denitrificans
ACE99638	d__Bacteria; p__Proteobacteria; c__Alphaproteobacteria; o__Rhizobiales; f__Bradyrhizobiaceae; g__Rhodopseudomonas; s__Rhodopseudomonas palustris
ADU45901	d__Bacteria; p__Proteobacteria; c__Alphaproteobacteria; o__Rhizobiales; f__Bradyrhizobiaceae; g__Rhodopseudomonas; s__Rhodopseudomonas palustris
ABF43992	d__Bacteria; p__Deinococcus-Thermus; c__Deinococci; o__Deinococcales; f__Deinococcaceae; g__Deinococcus; s__Deinococcus geothermalis
ADQ83600	d__Bacteria; p__Proteobacteria; c__Betaproteobacteria; o__Nitrosomonadales; f__Methylophilaceae; g__Methylovorus; s__Methylovorus sp. MP688
ABE49348	d__Bacteria; p__Proteobacteria; c__Betaproteobacteria; o__Nitrosomonadales; f__Methylophilaceae; g__Methylobacillus; s__Methylobacillus flagellatus
QCD65625	d__Archaea; p__Euryarchaeota; c__Halobacteria; o__Halobacteriales; f__Haloarculaceae; g__Halomicrobium; s__Halomicrobium mukohataei
EIE17502	d__Bacteria; p__Proteobacteria; c__Betaproteobacteria; o__Burkholderiales; f__Burkholderiaceae; g__Burkholderia; s__Burkholderia sp. SJ98
SJN25874	d__Bacteria; p__Proteobacteria; c__Gammaproteobacteria; o__Alteromonadales; f__Pseudoalteromonadaceae; g__Pseudoalteromonas; s__Pseudoalteromonas sp. JB197
ACA52191	d__Bacteria; p__Proteobacteria; c__Gammaproteobacteria; o__Pseudomonadales; f__Moraxellaceae; g__Moraxella; s__Moraxella catarrhalis
OPF96545	d__Bacteria; p__Proteobacteria; c__Alphaproteobacteria; o__Rhizobiales; f__Bradyrhizobiaceae; g__Rhodopseudomonas; s__Rhodopseudomonas palustris
ACY48098	d__Bacteria; p__Bacteroidetes
AMX97529	d__Bacteria; p__Proteobacteria; c__Alphaproteobacteria; o__Rhizobiales; f__Phyllobacteriaceae; g__Mesorhizobium; s__Mesorhizobium ciceri
EHB63762	d__Bacteria; p__Proteobacteria; c__Alphaproteobacteria; o__Rhizobiales; f__Phyllobacteriaceae; g__Mesorhizobium; s__Mesorhizobium australicum
EKX56953	d__Bacteria; p__Proteobacteria; c__Alphaproteobacteria; o__Rhodobacterales; f__Rhodobacteraceae; g__Rhodobacter; s__Rhodobacter sp. AKP1
ABE33693	d__Bacteria; p__Proteobacteria; c__Betaproteobacteria; o__Burkholderiales; f__Burkholderiaceae; g__Paraburkholderia; s__Paraburkholderia xenovorans
AUT70722	d__Bacteria; p__Proteobacteria; c__Betaproteobacteria; o__Burkholderiales; f__Burkholderiaceae; g__Paraburkholderia; s__Paraburkholderia hospita
QCL68245	d__Bacteria; p__Proteobacteria; c__Betaproteobacteria; o__Neisseriales; f__Neisseriaceae; g__Neisseria; s__Neisseria flavescens
EHP28298	d__Bacteria; p__Firmicutes; c__Bacilli; o__Bacillales; f__Bacillaceae; g__Bacillus; s__Bacillus sp. 1NLA3E
AFF60947	d__Archaea; p__Thaumarchaeota
OOR38059	d__Bacteria; p__Firmicutes; c__Bacilli; o__Bacillales; f__Bacillaceae; g__Bacillus; s__Bacillus cereus
CAP13839	d__Archaea; p__Euryarchaeota; c__Halobacteria; o__Halobacteriales; f__Halobacteriaceae; g__Halobacterium; s__Halobacterium salinarum
QDY72612	d__Bacteria; p__Firmicutes; c__Bacilli; o__Bacillales; f__Bacillaceae; g__Geobacillus; s__Geobacillus thermoleovorans
AIE61766	d__Bacteria; p__Firmicutes; c__Bacilli; o__Bacillales; f__Bacillaceae; g__Bacillus; s__Bacillus methanolicus
ANT53857	d__Bacteria; p__Proteobacteria; c__Alphaproteobacteria; o__Rhizobiales; f__Phyllobacteriaceae; g__Mesorhizobium; s__Mesorhizobium amorphae
EFR62310	d__Bacteria; p__Firmicutes; c__Clostridia; o__Clostridiales; f__Clostridiales Family XVII. Incertae Sedis; g__Thermaerobacter; s__Thermaerobacter subterraneus
AFF60941	d__Archaea; p__Thaumarchaeota
ADQ66774	d__Archaea; p__Euryarchaeota; c__Halobacteria; o__Haloferacales; f__Haloferacaceae; g__Halogeometricum; s__Halogeometricum borinquense
AFF60945	d__Archaea; p__Thaumarchaeota
KJS72046	d__Bacteria; p__Proteobacteria; c__Gammaproteobacteria; o__Pseudomonadales; f__Pseudomonadaceae; g__Pseudomonas; s__Pseudomonas sp. BICA1-14
SNV89017	d__Bacteria; p__Proteobacteria; c__Gammaproteobacteria; o__Pasteurellales; f__Pasteurellaceae; g__Haemophilus; s__Haemophilus pittmaniae
SQG71730	d__Bacteria; p__Proteobacteria; c__Betaproteobacteria; o__Burkholderiales; f__Alcaligenaceae; g__Achromobacter; s__Achromobacter xylosoxidans
VEG76565	d__Bacteria; p__Proteobacteria; c__Gammaproteobacteria; o__Cardiobacteriales; f__Cardiobacteriaceae; g__Cardiobacterium; s__Cardiobacterium hominis
EGP32908	d__Bacteria; p__Firmicutes; c__Bacilli; o__Bacillales; f__Paenibacillaceae; g__Brevibacillus; s__Brevibacillus laterosporus
ADQ68227	d__Archaea; p__Euryarchaeota; c__Halobacteria; o__Haloferacales; f__Haloferacaceae; g__Halogeometricum; s__Halogeometricum borinquense
EIB95115	d__Bacteria; p__Firmicutes; c__Clostridia; o__Clostridiales; f__Peptococcaceae; g__Desulfosporosinus; s__Desulfosporosinus acidiphilus
VEH01335	d__Bacteria; p__Proteobacteria; c__Betaproteobacteria; o__Burkholderiales; f__Burkholderiaceae; g__Lautropia; s__Lautropia mirabilis
EEK95388	d__Bacteria; p__Firmicutes; c__Bacilli; o__Bacillales; f__Bacillaceae; g__Bacillus; s__Bacillus cereus
AGM35631	d__Bacteria; p__Proteobacteria; c__Gammaproteobacteria; o__Alteromonadales; f__Idiomarinaceae; g__Idiomarina; s__Idiomarina loihiensis
EEM53967	d__Bacteria; p__Firmicutes; c__Bacilli; o__Bacillales; f__Bacillaceae; g__Bacillus; s__Bacillus thuringiensis
ADQ68963	d__Archaea; p__Euryarchaeota; c__Halobacteria; o__Haloferacales; f__Haloferacaceae; g__Halogeometricum; s__Halogeometricum borinquense
EFI52045	d__Bacteria; p__Proteobacteria; c__Alphaproteobacteria; o__Rhizobiales; f__Bradyrhizobiaceae; g__Afipia; s__Afipia sp. 1NLS2
AUL60863	d__Bacteria; p__Proteobacteria; c__Betaproteobacteria; o__Burkholderiales; f__Burkholderiaceae; g__Burkholderia; s__Burkholderia pseudomallei
KEY53070	d__Bacteria; p__Proteobacteria; c__Alphaproteobacteria; o__Rhizobiales; f__Rhizobiaceae; g__Agrobacterium; s__Agrobacterium tumefaciens
CBA07163	d__Bacteria; p__Proteobacteria; c__Betaproteobacteria; o__Neisseriales; f__Neisseriaceae; g__Neisseria; s__Neisseria meningitidis
QBH19039	d__Bacteria; p__Proteobacteria; c__Betaproteobacteria; o__Burkholderiales; f__Alcaligenaceae; g__Alcaligenes; s__Alcaligenes faecalis
EEL35094	d__Bacteria; p__Firmicutes; c__Bacilli; o__Bacillales; f__Bacillaceae; g__Bacillus; s__Bacillus cereus
EEM08382	d__Bacteria; p__Firmicutes; c__Bacilli; o__Bacillales; f__Bacillaceae; g__Bacillus; s__Bacillus pseudomycoides
AJI33257	d__Bacteria; p__Firmicutes; c__Bacilli; o__Bacillales; f__Bacillaceae; g__Bacillus; s__Bacillus thuringiensis
AOS47426	d__Bacteria; p__Actinobacteria; c__Actinobacteria; o__Actinomycetales; f__Actinomycetaceae; g__Pauljensenia; s__Pauljensenia hongkongensis
SOH02832	d__Bacteria; p__Planctomycetes; c__Candidatus Brocadiae; o__Candidatus Brocadiales; f__Candidatus Brocadiaceae; g__Candidatus Kuenenia; s__Candidatus Kuenenia stuttgartiensis
EHP05801	d__Bacteria; p__Bacteroidetes; c__Sphingobacteriia; o__Sphingobacteriales; f__Sphingobacteriaceae; g__Solitalea; s__Solitalea canadensis
EFF79390	d__Bacteria; p__Actinobacteria; c__Actinobacteria; o__Actinomycetales; f__Actinomycetaceae; g__Schaalia; s__Schaalia odontolytica
VEJ36679	d__Bacteria; p__Proteobacteria; c__Betaproteobacteria; o__Neisseriales; f__Neisseriaceae; g__Neisseria; s__Neisseria meningitidis
AEH48959	d__Bacteria; p__Firmicutes; c__Bacilli; o__Bacillales; f__Bacillaceae; g__Parageobacillus; s__Parageobacillus thermoglucosidasius
SHL56746	d__Bacteria; p__Bacteroidetes; c__Flavobacteriia; o__Flavobacteriales; f__Flavobacteriaceae; g__Flavobacterium; s__Flavobacterium johnsoniae
ABY34789	d__Bacteria; p__Chloroflexi; c__Chloroflexia; o__Chloroflexales; f__Chloroflexaceae; g__Chloroflexus; s__Chloroflexus aurantiacus
EEW50838	d__Bacteria; p__Actinobacteria; c__Actinobacteria; o__Corynebacteriales; f__Corynebacteriaceae; g__Corynebacterium; s__Corynebacterium efficiens
AEJ41804	d__Bacteria; p__Firmicutes; c__Clostridia; o__Clostridiales; f__Clostridiales Family XVII. Incertae Sedis; g__Sulfobacillus; s__Sulfobacillus acidophilus
KHE69291	d__Bacteria; p__Bacteroidetes; c__Flavobacteriia; o__Flavobacteriales; f__Flavobacteriaceae; g__Capnocytophaga; s__Capnocytophaga sp. oral taxon 329
AVQ03139	d__Bacteria; p__Proteobacteria; c__Alphaproteobacteria; o__Caulobacterales; f__Caulobacteraceae; g__Caulobacter; s__Caulobacter segnis
EFI52042	d__Bacteria; p__Proteobacteria; c__Alphaproteobacteria; o__Rhizobiales; f__Bradyrhizobiaceae; g__Afipia; s__Afipia sp. 1NLS2
EFM86596	d__Bacteria; p__Proteobacteria; c__Gammaproteobacteria; o__Pasteurellales; f__Pasteurellaceae; g__Actinobacillus; s__Actinobacillus pleuropneumoniae
EAU66216	d__Bacteria; p__Proteobacteria; c__Deltaproteobacteria; o__Myxococcales; f__Archangiaceae; g__Stigmatella; s__Stigmatella aurantiaca
KXY88680	d__Bacteria; p__Firmicutes; c__Bacilli; o__Bacillales; f__Bacillaceae; g__Bacillus; s__Bacillus cereus
EHB77638	d__Bacteria; p__Proteobacteria; c__Alphaproteobacteria; o__Rhizobiales; f__Hyphomicrobiaceae; g__Hyphomicrobium; s__Hyphomicrobium denitrificans
ATA83057	d__Bacteria; p__Bacteroidetes; c__Flavobacteriia; o__Flavobacteriales; f__Flavobacteriaceae; g__Capnocytophaga; s__Capnocytophaga sputigena
BAJ47002	d__Archaea; p__Thaumarchaeota
ADB62587	d__Archaea; p__Euryarchaeota; c__Halobacteria; o__Natrialbales; f__Natrialbaceae; g__Haloterrigena; s__Haloterrigena turkmenica
ABP70488	d__Bacteria; p__Proteobacteria; c__Alphaproteobacteria; o__Rhodobacterales; f__Rhodobacteraceae; g__Rhodobacter; s__Rhodobacter sphaeroides
ABG61388	d__Bacteria; p__Proteobacteria; c__Alphaproteobacteria; o__Rhizobiales; f__Phyllobacteriaceae; g__Chelativorans; s__Chelativorans sp. BNC1
ADB62455	d__Archaea; p__Euryarchaeota; c__Halobacteria; o__Natrialbales; f__Natrialbaceae; g__Haloterrigena; s__Haloterrigena turkmenica
ACF98123	d__Archaea; p__Thaumarchaeota
EIM72710	d__Bacteria; p__Proteobacteria; c__Alphaproteobacteria; o__Rhizobiales; f__Phyllobacteriaceae; g__Nitratireductor; s__Nitratireductor aquibiodomus
ACZ37592	d__Bacteria; p__Chloroflexi; c__Thermomicrobia; o__Sphaerobacterales; f__Sphaerobacteraceae; g__Sphaerobacter; s__Sphaerobacter thermophilus
VEJ43531	d__Bacteria; p__Proteobacteria; c__Betaproteobacteria; o__Neisseriales; f__Neisseriaceae; g__Neisseria; s__Neisseria meningitidis
ABG63634	d__Bacteria; p__Proteobacteria; c__Alphaproteobacteria; o__Rhizobiales; f__Phyllobacteriaceae; g__Chelativorans; s__Chelativorans sp. BNC1
CAL63355	d__Bacteria; p__Proteobacteria; c__Betaproteobacteria; o__Burkholderiales; f__Oxalobacteraceae; g__Herminiimonas; s__Herminiimonas arsenicoxydans
EHK53213	d__Bacteria; p__Proteobacteria; c__Alphaproteobacteria; o__Rhizobiales; f__Phyllobacteriaceae; g__Mesorhizobium; s__Mesorhizobium alhagi
EHH02540	d__Bacteria; p__Proteobacteria; c__Alphaproteobacteria; o__Rhizobiales; f__Phyllobacteriaceae; g__Mesorhizobium; s__Mesorhizobium amorphae
AEH90440	d__Bacteria; p__Proteobacteria; c__Alphaproteobacteria; o__Rhizobiales; f__Phyllobacteriaceae; g__Mesorhizobium; s__Mesorhizobium opportunistum
ACV48080	d__Archaea; p__Euryarchaeota; c__Halobacteria; o__Halobacteriales; f__Haloarculaceae; g__Halomicrobium; s__Halomicrobium mukohataei
AEC17780	d__Bacteria; p__Proteobacteria; c__Gammaproteobacteria; o__Pasteurellales; f__Pasteurellaceae; g__Gallibacterium; s__Gallibacterium anatis
ACP24785	d__Bacteria; p__Proteobacteria; c__Alphaproteobacteria; o__Rhizobiales; f__Rhizobiaceae; g__Sinorhizobium; s__Sinorhizobium fredii
ADQ68950	d__Archaea; p__Euryarchaeota; c__Halobacteria; o__Haloferacales; f__Haloferacaceae; g__Halogeometricum; s__Halogeometricum borinquense
ACF98152	d__Archaea; p__Thaumarchaeota
EEP62384	d__Bacteria; p__Proteobacteria; c__Alphaproteobacteria; o__Rhizobiales; f__Brucellaceae; g__Brucella; s__Brucella abortus
CWT36128	d__Bacteria; p__Proteobacteria; c__Betaproteobacteria; o__Neisseriales; f__Neisseriaceae; g__Neisseria; s__Neisseria meningitidis
AAB05767	d__Bacteria; p__Proteobacteria; c__Alphaproteobacteria; o__Rhodobacterales; f__Rhodobacteraceae; g__Rhodobacter; s__Rhodobacter sphaeroides
ADU51617	d__Bacteria; p__Firmicutes; c__Clostridia; o__Clostridiales; f__Clostridiales Family XVII. Incertae Sedis; g__Thermaerobacter; s__Thermaerobacter marianensis
AFL52404	d__Bacteria; p__Proteobacteria; c__Alphaproteobacteria; o__Rhizobiales; f__Rhizobiaceae; g__Sinorhizobium; s__Sinorhizobium fredii
AAB05880	d__Bacteria; p__Proteobacteria; c__Alphaproteobacteria; o__Rhizobiales; f__Rhizobiaceae; g__Rhizobium; s__Rhizobium sullae
ABR64876	d__Bacteria; p__Proteobacteria; c__Alphaproteobacteria; o__Rhizobiales; f__Rhizobiaceae; g__Sinorhizobium; s__Sinorhizobium medicae
BAH39808	d__Bacteria; p__Gemmatimonadetes; c__Gemmatimonadetes; o__Gemmatimonadales; f__Gemmatimonadaceae; g__Gemmatimonas; s__Gemmatimonas aurantiaca
ABR74346	d__Bacteria; p__Proteobacteria; c__Gammaproteobacteria; o__Pasteurellales; f__Pasteurellaceae; g__Actinobacillus; s__Actinobacillus succinogenes
AEH37135	d__Archaea; p__Euryarchaeota; c__Halobacteria; o__Natrialbales; f__Natrialbaceae; g__Halopiger; s__Halopiger xanaduensis
ABC94414	d__Bacteria; p__Proteobacteria; c__Alphaproteobacteria; o__Rhizobiales; f__Rhizobiaceae; g__Rhizobium; s__Rhizobium etli
AEH37894	d__Archaea; p__Euryarchaeota; c__Halobacteria; o__Natrialbales; f__Natrialbaceae; g__Halopiger; s__Halopiger xanaduensis
AWY64093	d__Bacteria; p__Proteobacteria; c__Betaproteobacteria; o__Burkholderiales; f__Burkholderiaceae; g__Burkholderia; s__Burkholderia thailandensis
EFI52480	d__Bacteria; p__Proteobacteria; c__Alphaproteobacteria; o__Rhizobiales; f__Bradyrhizobiaceae; g__Afipia; s__Afipia sp. 1NLS2
ACF02227	d__Bacteria; p__Proteobacteria; c__Alphaproteobacteria; o__Rhizobiales; f__Bradyrhizobiaceae; g__Rhodopseudomonas; s__Rhodopseudomonas palustris
EFX97847	d__Bacteria; p__Proteobacteria; c__Alphaproteobacteria; o__Rhizobiales; f__Methylocystaceae; g__Methylocystis; s__Methylocystis sp. ATCC 49242
ACF98088	d__Archaea; p__Thaumarchaeota
ADH88466	d__Bacteria; p__Proteobacteria; c__Alphaproteobacteria; o__Rhizobiales; f__Xanthobacteraceae; g__Starkeya; s__Starkeya novella
CAK17851	d__Bacteria; p__Proteobacteria; c__Gammaproteobacteria; o__Pseudomonadales; f__Pseudomonadaceae; g__Pseudomonas; s__Pseudomonas entomophila
AFF60943	d__Archaea; p__Thaumarchaeota
AFF60948	d__Archaea; p__Thaumarchaeota
AFF60931	d__Archaea; p__Thaumarchaeota
AFF60920	d__Archaea; p__Thaumarchaeota
AZE07615	d__Bacteria; p__Proteobacteria; c__Gammaproteobacteria; o__Pseudomonadales; f__Pseudomonadaceae; g__Pseudomonas; s__Pseudomonas chlororaphis
AFF60922	d__Archaea; p__Thaumarchaeota
AFF60921	d__Archaea; p__Thaumarchaeota
ACV58146	d__Bacteria; p__Firmicutes; c__Bacilli; o__Bacillales; f__Alicyclobacillaceae; g__Alicyclobacillus; s__Alicyclobacillus acidocaldarius
CCG91710	d__Bacteria; p__Verrucomicrobia; c__Methylacidiphilae; o__Methylacidiphilales; f__Methylacidiphilaceae; g__Methylacidiphilum; s__Methylacidiphilum fumariolicum
ACX47984	d__Bacteria; p__Proteobacteria; c__Gammaproteobacteria; o__Pseudomonadales; f__Pseudomonadaceae; g__Pseudomonas; s__Pseudomonas aeruginosa
BAL59424	d__Bacteria; p__Candidatus Bipolaricaulota
BAL59143	d__Bacteria; p__Candidatus Bipolaricaulota
AFF60944	d__Archaea; p__Thaumarchaeota
AFF60932	d__Archaea; p__Thaumarchaeota
ABG03064	d__Bacteria; p__Actinobacteria; c__Rubrobacteria; o__Rubrobacterales; f__Rubrobacteraceae; g__Rubrobacter; s__Rubrobacter xylanophilus
AFF60916	d__Archaea; p__Thaumarchaeota
AFF60930	d__Archaea; p__Thaumarchaeota
AFF60902	d__Archaea; p__Thaumarchaeota
AFF60897	d__Archaea; p__Thaumarchaeota
AFF60896	d__Archaea; p__Thaumarchaeota
AFF60935	d__Archaea; p__Thaumarchaeota
AFF60937	d__Archaea; p__Thaumarchaeota
GAB64238	d__Bacteria; p__Planctomycetes; c__Candidatus Brocadiae; o__Candidatus Brocadiales; f__Candidatus Brocadiaceae; g__Candidatus Jettenia; s__Candidatus Jettenia caeni
AFF60908	d__Archaea; p__Thaumarchaeota
AFF60890	d__Archaea; p__Thaumarchaeota
ABA05901	d__Bacteria; p__Proteobacteria; c__Alphaproteobacteria; o__Rhizobiales; f__Bradyrhizobiaceae; g__Nitrobacter; s__Nitrobacter winogradskyi
ASQ12425	d__Bacteria; p__Proteobacteria; c__Alphaproteobacteria; o__Rhizobiales; f__Rhizobiaceae; g__Sinorhizobium; s__Sinorhizobium meliloti
EIL87967	d__Bacteria; p__Proteobacteria; c__Gammaproteobacteria; o__Xanthomonadales; f__Rhodanobacteraceae; g__Rhodanobacter; s__Rhodanobacter fulvus
EIT84313	d__Bacteria; p__Firmicutes; c__Bacilli; o__Bacillales; f__Bacillaceae; g__Fictibacillus; s__Fictibacillus macauensis
ABQ68154	d__Bacteria; p__Proteobacteria; c__Alphaproteobacteria; o__Sphingomonadales; f__Sphingomonadaceae; g__Sphingomonas; s__Sphingomonas wittichii
ACD82984	d__Bacteria; p__Verrucomicrobia; c__Methylacidiphilae; o__Methylacidiphilales; f__Methylacidiphilaceae; g__Methylacidiphilum; s__Methylacidiphilum infernorum
CAL63352	d__Bacteria; p__Proteobacteria; c__Betaproteobacteria; o__Burkholderiales; f__Oxalobacteraceae; g__Herminiimonas; s__Herminiimonas arsenicoxydans
EDU38903	d__Bacteria; p__Firmicutes; c__Clostridia; o__Clostridiales; f__Clostridiaceae; g__Clostridium; s__Clostridium sporogenes
EIL87082	d__Bacteria; p__Proteobacteria; c__Gammaproteobacteria; o__Xanthomonadales; f__Rhodanobacteraceae; g__Rhodanobacter; s__Rhodanobacter sp. 115
ABD46578	d__Eukaryota; p__Discosea
ABD46561	d__Eukaryota; p__Tubulinea; c__Echinamoebida
ABD11878	d__Bacteria; p__Actinobacteria; c__Actinobacteria; o__Frankiales; f__Frankiaceae; g__Frankia; s__Frankia casuarinae
ATI29089	d__Bacteria; p__Proteobacteria; c__Betaproteobacteria; o__Burkholderiales; f__Burkholderiaceae; g__Ralstonia; s__Ralstonia solanacearum
EHK55601	d__Bacteria; p__Proteobacteria; c__Alphaproteobacteria; o__Rhizobiales; f__Phyllobacteriaceae; g__Mesorhizobium; s__Mesorhizobium alhagi
EAR20165	d__Bacteria; p__Proteobacteria; c__Gammaproteobacteria; o__Chromatiales; f__Ectothiorhodospiraceae; g__Nitrococcus; s__Nitrococcus mobilis
ADE14254	d__Bacteria; p__Proteobacteria; c__Gammaproteobacteria; o__Chromatiales; f__Chromatiaceae; g__Nitrosococcus; s__Nitrosococcus halophilus
EHB70168	d__Bacteria; p__Proteobacteria; c__Alphaproteobacteria; o__Rhizobiales; f__Hyphomicrobiaceae; g__Hyphomicrobium; s__Hyphomicrobium denitrificans
ADI27611	d__Bacteria; p__Firmicutes; c__Bacilli; o__Bacillales; f__Bacillaceae; g__Geobacillus; s__Geobacillus sp. C56-T3
CBK42243	d__Bacteria; p__Nitrospirae; c__Nitrospira; o__Nitrospirales; f__Nitrospiraceae; g__Nitrospira; s__Nitrospira defluvii
CBK43917	d__Bacteria; p__Nitrospirae; c__Nitrospira; o__Nitrospirales; f__Nitrospiraceae; g__Nitrospira; s__Nitrospira defluvii
EAQ36620	d__Bacteria; p__Proteobacteria; c__Alphaproteobacteria; o__Rhizobiales; f__Bradyrhizobiaceae; g__Nitrobacter; s__Nitrobacter sp. Nb-311A
EIL87964	d__Bacteria; p__Proteobacteria; c__Gammaproteobacteria; o__Xanthomonadales; f__Rhodanobacteraceae; g__Rhodanobacter; s__Rhodanobacter fulvus
AAU37483	r__Root
AXK68147	d__Bacteria; p__Proteobacteria; c__Betaproteobacteria; o__Burkholderiales; f__Burkholderiaceae; g__Burkholderia; s__Burkholderia sp. IDO3
ACA85709	d__Bacteria; p__Proteobacteria; c__Gammaproteobacteria; o__Alteromonadales; f__Shewanellaceae; g__Shewanella; s__Shewanella woodyi
ABE64015	d__Bacteria; p__Proteobacteria; c__Alphaproteobacteria; o__Rhizobiales; f__Bradyrhizobiaceae; g__Nitrobacter; s__Nitrobacter hamburgensis
ABI59651	d__Bacteria; p__Proteobacteria; c__Betaproteobacteria; o__Nitrosomonadales; f__Nitrosomonadaceae; g__Nitrosomonas; s__Nitrosomonas eutropha
BAD60586	d__Bacteria; p__Actinobacteria; c__Actinobacteria; o__Corynebacteriales; f__Nocardiaceae; g__Nocardia; s__Nocardia farcinica
ACV10224	d__Archaea; p__Euryarchaeota; c__Halobacteria; o__Halobacteriales; f__Haloarculaceae; g__Halorhabdus; s__Halorhabdus utahensis
BAB21510	d__Bacteria; p__Proteobacteria; c__Betaproteobacteria; o__Burkholderiales; f__Alcaligenaceae; g__Alcaligenes; s__Alcaligenes sp. STC1
CAI48890	d__Archaea; p__Euryarchaeota; c__Halobacteria; o__Halobacteriales; f__Haloarculaceae; g__Natronomonas; s__Natronomonas pharaonis
CAD84838	d__Bacteria; p__Proteobacteria; c__Betaproteobacteria; o__Nitrosomonadales; f__Nitrosomonadaceae; g__Nitrosomonas; s__Nitrosomonas europaea
EIJ70175	d__Bacteria; p__Proteobacteria; c__Gammaproteobacteria; o__Pasteurellales; f__Pasteurellaceae; g__Pasteurella; s__Pasteurella bettyae
ACA85706	d__Bacteria; p__Proteobacteria; c__Gammaproteobacteria; o__Alteromonadales; f__Shewanellaceae; g__Shewanella; s__Shewanella woodyi
ANK75663	d__Bacteria; p__Proteobacteria; c__Alphaproteobacteria; o__Rhizobiales; f__Rhizobiaceae; g__Ensifer; s__Ensifer adhaerens
EFX92260	d__Bacteria; p__Proteobacteria; c__Gammaproteobacteria; o__Pasteurellales; f__Pasteurellaceae; g__Actinobacillus; s__Actinobacillus ureae
AEB11294	d__Bacteria; p__Deinococcus-Thermus; c__Deinococci; o__Thermales; f__Thermaceae; g__Marinithermus; s__Marinithermus hydrothermalis
CBG76812	d__Archaea; p__Euryarchaeota; c__Halobacteria; o__Haloferacales; f__Haloferacaceae; g__Haloferax; s__Haloferax mediterranei
EHK66522	d__Bacteria; p__Proteobacteria; c__Betaproteobacteria; o__Burkholderiales; f__Alcaligenaceae; g__Achromobacter; s__Achromobacter arsenitoxydans
ADP15711	d__Bacteria; p__Proteobacteria; c__Betaproteobacteria; o__Burkholderiales; f__Alcaligenaceae; g__Achromobacter; s__Achromobacter xylosoxidans
CAL75133	d__Bacteria; p__Proteobacteria; c__Alphaproteobacteria; o__Rhizobiales; f__Bradyrhizobiaceae; g__Bradyrhizobium; s__Bradyrhizobium sp. ORS 278
AEJ02107	d__Bacteria; p__Proteobacteria; c__Betaproteobacteria; o__Nitrosomonadales; f__Nitrosomonadaceae; g__Nitrosomonas; s__Nitrosomonas sp. Is79A3
ABQ68152	d__Bacteria; p__Proteobacteria; c__Alphaproteobacteria; o__Sphingomonadales; f__Sphingomonadaceae; g__Sphingomonas; s__Sphingomonas wittichii
ADZ27212	d__Bacteria; p__Proteobacteria; c__Betaproteobacteria; o__Nitrosomonadales; f__Nitrosomonadaceae; g__Nitrosomonas; s__Nitrosomonas sp. AL212
ABG61243	d__Bacteria; p__Proteobacteria; c__Alphaproteobacteria; o__Rhizobiales; f__Phyllobacteriaceae; g__Chelativorans; s__Chelativorans sp. BNC1
EAO55859	d__Bacteria; p__Firmicutes; c__Bacilli; o__Bacillales; f__Bacillaceae; g__Bacillus; s__Bacillus thuringiensis
ABJ07997	d__Bacteria; p__Proteobacteria; c__Alphaproteobacteria; o__Rhizobiales; f__Bradyrhizobiaceae; g__Rhodopseudomonas; s__Rhodopseudomonas palustris
CCE00380	d__Bacteria; p__Proteobacteria; c__Alphaproteobacteria; o__Rhizobiales; f__Bradyrhizobiaceae; g__Bradyrhizobium; s__Bradyrhizobium sp. STM 3809
CCD95204	d__Bacteria; p__Proteobacteria; c__Alphaproteobacteria; o__Rhizobiales; f__Bradyrhizobiaceae; g__Bradyrhizobium; s__Bradyrhizobium sp. ORS 375
CCE07040	d__Bacteria; p__Proteobacteria; c__Alphaproteobacteria; o__Rhizobiales; f__Bradyrhizobiaceae; g__Bradyrhizobium; s__Bradyrhizobium sp. STM 3843
ABQ38713	d__Bacteria; p__Proteobacteria; c__Alphaproteobacteria; o__Rhizobiales; f__Bradyrhizobiaceae; g__Bradyrhizobium; s__Bradyrhizobium sp. BTAi1
ADE14251	d__Bacteria; p__Proteobacteria; c__Gammaproteobacteria; o__Chromatiales; f__Chromatiaceae; g__Nitrosococcus; s__Nitrosococcus halophilus
BAL74450	d__Bacteria; p__Proteobacteria; c__Alphaproteobacteria; o__Rhizobiales; f__Bradyrhizobiaceae; g__Bradyrhizobium; s__Bradyrhizobium sp. S23321
CCG91707	d__Bacteria; p__Verrucomicrobia; c__Methylacidiphilae; o__Methylacidiphilales; f__Methylacidiphilaceae; g__Methylacidiphilum; s__Methylacidiphilum fumariolicum
EEV24935	d__Bacteria; p__Proteobacteria; c__Gammaproteobacteria; o__Pasteurellales; f__Pasteurellaceae; g__Actinobacillus; s__Actinobacillus minor
ABS62632	d__Bacteria; p__Proteobacteria; c__Alphaproteobacteria; o__Rhizobiales; f__Rhodobiaceae; g__Parvibaculum; s__Parvibaculum lavamentivorans
AIS50383	d__Bacteria; p__Proteobacteria; c__Betaproteobacteria; o__Burkholderiales; f__Burkholderiaceae; g__Burkholderia; s__Burkholderia pseudomallei
EER46470	d__Bacteria; p__Proteobacteria; c__Gammaproteobacteria; o__Pasteurellales; f__Pasteurellaceae; g__Actinobacillus; s__Actinobacillus minor
EFV76012	d__Bacteria; p__Firmicutes; c__Bacilli; o__Bacillales; f__Bacillaceae; g__Bacillus; s__Bacillus sp. 2_A_57_CT2
ADB61952	d__Archaea; p__Euryarchaeota; c__Halobacteria; o__Natrialbales; f__Natrialbaceae; g__Haloterrigena; s__Haloterrigena turkmenica
EIJ66536	d__Archaea; p__Thaumarchaeota
EAQ13954	d__Bacteria; p__Proteobacteria; c__Alphaproteobacteria; o__Rhodobacterales; f__Rhodobacteraceae; g__Maritimibacter; s__Maritimibacter alkaliphilus
ACU06855	d__Bacteria; p__Bacteroidetes; c__Flavobacteriia; o__Flavobacteriales; f__Flavobacteriaceae
ACG77028	d__Bacteria; p__Proteobacteria; c__Alphaproteobacteria; o__Caulobacterales; f__Caulobacteraceae; g__Phenylobacterium; s__Phenylobacterium zucineum
AEO64597	d__Eukaryota; p__Ascomycota; c__Sordariomycetes; o__Sordariales; f__Chaetomiaceae; g__Thermothielavioides; s__Thermothielavioides terrestris
ACL24695	d__Bacteria; p__Chloroflexi; c__Chloroflexia; o__Chloroflexales; f__Chloroflexaceae; g__Chloroflexus; s__Chloroflexus aggregans
EGP44463	d__Bacteria; p__Proteobacteria; c__Betaproteobacteria; o__Burkholderiales; f__Alcaligenaceae; g__Achromobacter; s__Achromobacter insuavis
KLT05947	d__Bacteria; p__Proteobacteria; c__Betaproteobacteria; o__Neisseriales; f__Neisseriaceae; g__Neisseria; s__Neisseria gonorrhoeae
VEG32735	d__Bacteria; p__Proteobacteria; c__Betaproteobacteria; o__Burkholderiales; f__Alcaligenaceae; g__Taylorella; s__Taylorella equigenitalis
BAI75496	d__Bacteria; p__Proteobacteria; c__Alphaproteobacteria; o__Rhodospirillales; f__Rhodospirillaceae; g__Azospirillum; s__Azospirillum lipoferum
ADV26214	d__Bacteria; p__Proteobacteria; c__Gammaproteobacteria; o__Xanthomonadales; f__Xanthomonadaceae; g__Pseudoxanthomonas; s__Pseudoxanthomonas suwonensis
ABA05904	d__Bacteria; p__Proteobacteria; c__Alphaproteobacteria; o__Rhizobiales; f__Bradyrhizobiaceae; g__Nitrobacter; s__Nitrobacter winogradskyi
ABE64018	d__Bacteria; p__Proteobacteria; c__Alphaproteobacteria; o__Rhizobiales; f__Bradyrhizobiaceae; g__Nitrobacter; s__Nitrobacter hamburgensis
ABS13828	d__Bacteria; p__Proteobacteria; c__Alphaproteobacteria; o__Rhizobiales; f__Brucellaceae; g__Ochrobactrum; s__Ochrobactrum anthropi
CBS89931	d__Bacteria; p__Proteobacteria; c__Alphaproteobacteria; o__Rhodospirillales; f__Rhodospirillaceae; g__Azospirillum; s__Azospirillum lipoferum
BAD75052	d__Bacteria; p__Firmicutes; c__Bacilli; o__Bacillales; f__Bacillaceae; g__Geobacillus; s__Geobacillus kaustophilus
ABI59654	d__Bacteria; p__Proteobacteria; c__Betaproteobacteria; o__Nitrosomonadales; f__Nitrosomonadaceae; g__Nitrosomonas; s__Nitrosomonas eutropha
ACD82987	d__Bacteria; p__Verrucomicrobia; c__Methylacidiphilae; o__Methylacidiphilales; f__Methylacidiphilaceae; g__Methylacidiphilum; s__Methylacidiphilum infernorum
EAQ36623	d__Bacteria; p__Proteobacteria; c__Alphaproteobacteria; o__Rhizobiales; f__Bradyrhizobiaceae; g__Nitrobacter; s__Nitrobacter sp. Nb-311A
ARP57207	d__Bacteria; p__Firmicutes; c__Bacilli; o__Bacillales; f__Bacillaceae; g__Bacillus; s__Bacillus thuringiensis
BAD39726	d__Bacteria; p__Firmicutes; c__Clostridia; o__Clostridiales; f__Symbiobacteriaceae; g__Symbiobacterium; s__Symbiobacterium thermophilum
ADB82651	r__Root
ADV66099	d__Bacteria; p__Deinococcus-Thermus; c__Deinococci; o__Deinococcales; f__Deinococcaceae; g__Deinococcus; s__Deinococcus maricopensis
ACK50469	d__Bacteria; p__Proteobacteria; c__Alphaproteobacteria; o__Rhizobiales; f__Beijerinckiaceae; g__Methylocella; s__Methylocella silvestris
ADC72147	d__Bacteria; p__Proteobacteria; c__Gammaproteobacteria; o__Chromatiales; f__Ectothiorhodospiraceae; g__Thioalkalivibrio; s__Thioalkalivibrio sp. K90mix
EAR01831	d__Bacteria; p__Bacteroidetes; c__Flavobacteriia; o__Flavobacteriales; f__Flavobacteriaceae; g__Maribacter; s__Maribacter sp. HTCC2170
EIZ84359	d__Bacteria; p__Proteobacteria; c__Alphaproteobacteria; o__Rhizobiales; f__Methylobacteriaceae; g__Methylobacterium; s__Methylobacterium sp. GXF4
AEM71702	d__Bacteria; p__Bacteroidetes; c__Flavobacteriia; o__Flavobacteriales; f__Flavobacteriaceae; g__Muricauda; s__Muricauda ruestringensis
BAL27513	d__Bacteria; p__Proteobacteria; c__Betaproteobacteria; o__Rhodocyclales; f__Zoogloeaceae; g__Azoarcus; s__Azoarcus sp. KH32C
ABK52276	d__Bacteria; p__Actinobacteria; c__Actinobacteria; o__Acidothermales; f__Acidothermaceae; g__Acidothermus; s__Acidothermus cellulolyticus
AWY65997	d__Bacteria; p__Proteobacteria; c__Betaproteobacteria; o__Burkholderiales; f__Burkholderiaceae; g__Burkholderia; s__Burkholderia thailandensis
ACT47970	d__Bacteria; p__Proteobacteria; c__Betaproteobacteria; o__Nitrosomonadales; f__Methylophilaceae; g__Methylotenera; s__Methylotenera mobilis
EGD33903	d__Bacteria; p__Bacteroidetes; c__Flavobacteriia; o__Flavobacteriales; f__Flavobacteriaceae; g__Capnocytophaga; s__Capnocytophaga sp. oral taxon 338
CAP97677	d__Eukaryota; p__Ascomycota; c__Eurotiomycetes; o__Eurotiales; f__Aspergillaceae; g__Penicillium; s__Penicillium rubens
BAC00912	d__Bacteria; p__Proteobacteria; c__Alphaproteobacteria; o__Rhizobiales; f__Hyphomicrobiaceae; g__Hyphomicrobium; s__Hyphomicrobium denitrificans
EIL91558	d__Bacteria; p__Proteobacteria; c__Gammaproteobacteria; o__Xanthomonadales; f__Rhodanobacteraceae; g__Rhodanobacter; s__Rhodanobacter fulvus
EER25787	d__Eukaryota; p__Ascomycota; c__Eurotiomycetes; o__Onygenales
AAQ59679	d__Bacteria; p__Proteobacteria; c__Betaproteobacteria; o__Neisseriales; f__Chromobacteriaceae; g__Chromobacterium; s__Chromobacterium violaceum
ADR22678	d__Bacteria; p__Bacteroidetes; c__Cytophagia; o__Cytophagales; f__Flammeovirgaceae; g__Marivirga; s__Marivirga tractuosa
EFU60726	d__Bacteria; p__Actinobacteria; c__Actinobacteria; o__Actinomycetales; f__Actinomycetaceae; g__Actinomyces; s__Actinomyces sp. oral taxon 180
EIL92380	d__Bacteria; p__Proteobacteria; c__Gammaproteobacteria; o__Xanthomonadales; f__Rhodanobacteraceae; g__Rhodanobacter; s__Rhodanobacter spathiphylli
AXT24902	d__Bacteria; p__Proteobacteria; c__Alphaproteobacteria; o__Rhodobacterales; f__Rhodobacteraceae; g__Phaeobacter; s__Phaeobacter inhibens
AFL79638	d__Bacteria; p__Bacteroidetes; c__Flavobacteriia; o__Flavobacteriales; f__Flavobacteriaceae; g__Aequorivita; s__Aequorivita sublithincola
EGV44369	d__Bacteria; p__Bacteroidetes; c__Flavobacteriia; o__Flavobacteriales; f__Flavobacteriaceae; g__Bizionia; s__Bizionia argentinensis
ADJ22412	d__Bacteria; p__Proteobacteria; c__Alphaproteobacteria; o__Rhizobiales; f__Hyphomicrobiaceae; g__Hyphomicrobium; s__Hyphomicrobium denitrificans
AFL84581	d__Bacteria; p__Bacteroidetes; c__Cytophagia; o__Cytophagales; f__Cyclobacteriaceae; g__Belliella; s__Belliella baltica
AEC21822	d__Bacteria; p__Proteobacteria; c__Betaproteobacteria; o__Burkholderiales; f__Alcaligenaceae; g__Pusillimonas; s__Pusillimonas sp. T7-7
ABZ07084	d__Archaea; p__Thaumarchaeota
EEF57822	d__Bacteria; p__Verrucomicrobia; c__Verrucomicrobiae; o__Verrucomicrobiales; f__Verrucomicrobia subdivision 3; g__Pedosphaera; s__Pedosphaera parvula
EIL86839	d__Bacteria; p__Proteobacteria; c__Gammaproteobacteria; o__Xanthomonadales; f__Rhodanobacteraceae; g__Rhodanobacter; s__Rhodanobacter sp. 115
EED68581	d__Bacteria; p__Proteobacteria; c__Betaproteobacteria; o__Burkholderiales; f__Comamonadaceae; g__Comamonas; s__Comamonas testosteroni
EGG42117	d__Archaea; p__Thaumarchaeota
ATO36858	d__Bacteria; p__Firmicutes; c__Bacilli; o__Bacillales; f__Bacillaceae; g__Geobacillus; s__Geobacillus thermodenitrificans
ACV27434	d__Bacteria; p__Proteobacteria; c__Gammaproteobacteria; o__Oceanospirillales; f__Kangiellaceae; g__Kangiella; s__Kangiella koreensis
EFW28277	d__Bacteria; p__Actinobacteria; c__Actinobacteria; o__Actinomycetales; f__Actinomycetaceae; g__Actinomyces; s__Actinomyces sp. oral taxon 171
ABM36641	d__Bacteria; p__Proteobacteria; c__Betaproteobacteria; o__Burkholderiales; f__Comamonadaceae; g__Polaromonas; s__Polaromonas naphthalenivorans
EHM95490	d__Bacteria; p__Actinobacteria; c__Actinobacteria; o__Actinomycetales; f__Actinomycetaceae; g__Actinomyces; s__Actinomyces sp. oral taxon 849
EEH64269	d__Bacteria; p__Actinobacteria; c__Actinobacteria; o__Actinomycetales; f__Actinomycetaceae; g__Gleimia; s__Gleimia coleocanis
ACL72290	d__Bacteria; p__Proteobacteria; c__Gammaproteobacteria; o__Chromatiales; f__Ectothiorhodospiraceae; g__Thioalkalivibrio; s__Thioalkalivibrio sulfidiphilus
AEC20039	d__Bacteria; p__Proteobacteria; c__Betaproteobacteria; o__Burkholderiales; f__Alcaligenaceae; g__Pusillimonas; s__Pusillimonas sp. T7-7
EDY20765	d__Bacteria; p__Verrucomicrobia; c__Spartobacteria; o__Chthoniobacterales; f__Chthoniobacteraceae; g__Chthoniobacter; s__Chthoniobacter flavus
ABX13563	d__Archaea; p__Thaumarchaeota
BAH77298	d__Bacteria; p__Proteobacteria; c__Deltaproteobacteria; o__Desulfovibrionales; f__Desulfovibrionaceae; g__Desulfovibrio; s__Desulfovibrio magneticus
APZ27300	d__Bacteria; p__Proteobacteria; c__Betaproteobacteria; o__Burkholderiales; f__Burkholderiaceae; g__Burkholderia; s__Burkholderia pseudomallei
AEY02287	d__Bacteria; p__Proteobacteria; c__Gammaproteobacteria; o__Aeromonadales; f__Aeromonadaceae; g__Oceanimonas; s__Oceanimonas sp. GK1
AFE08400	d__Bacteria; p__Proteobacteria; c__Deltaproteobacteria; o__Myxococcales; f__Myxococcaceae; g__Corallococcus; s__Corallococcus coralloides
EEK14494	d__Bacteria; p__Bacteroidetes; c__Flavobacteriia; o__Flavobacteriales; f__Flavobacteriaceae; g__Capnocytophaga; s__Capnocytophaga gingivalis
CAJ19378	d__Bacteria; p__Proteobacteria; c__Alphaproteobacteria; o__Rhizobiales; f__Hyphomicrobiaceae; g__Pedomicrobium; s__Pedomicrobium sp. ACM 3067
EIT84304	d__Bacteria; p__Firmicutes; c__Bacilli; o__Bacillales; f__Bacillaceae; g__Fictibacillus; s__Fictibacillus macauensis
AAZ56827	d__Bacteria; p__Actinobacteria; c__Actinobacteria; o__Streptosporangiales; f__Nocardiopsaceae; g__Thermobifida; s__Thermobifida fusca
AFM12745	d__Bacteria; p__Spirochaetes; c__Spirochaetia; o__Leptospirales; f__Leptospiraceae; g__Turneriella; s__Turneriella parva
ABX13155	d__Archaea; p__Thaumarchaeota
EGL83302	d__Bacteria; p__Firmicutes; c__Bacilli; o__Bacillales; f__Bacillaceae; g__Caldalkalibacillus; s__Caldalkalibacillus thermarum
EIZ84279	d__Bacteria; p__Proteobacteria; c__Alphaproteobacteria; o__Rhizobiales; f__Methylobacteriaceae; g__Methylobacterium; s__Methylobacterium sp. GXF4
ALF09799	d__Bacteria; p__Firmicutes; c__Bacilli; o__Bacillales; f__Bacillaceae; g__Parageobacillus; s__Parageobacillus thermoglucosidasius
ACS39725	d__Bacteria; p__Proteobacteria; c__Alphaproteobacteria; o__Rhizobiales; f__Methylobacteriaceae; g__Methylorubrum; s__Methylorubrum extorquens
EFV74643	d__Bacteria; p__Firmicutes; c__Bacilli; o__Bacillales; f__Bacillaceae; g__Bacillus; s__Bacillus sp. 2_A_57_CT2
EEK68269	d__Bacteria; p__Firmicutes; c__Bacilli; o__Bacillales; f__Bacillaceae; g__Bacillus; s__Bacillus wiedmannii
EEL82607	d__Bacteria; p__Firmicutes; c__Bacilli; o__Bacillales; f__Bacillaceae; g__Bacillus; s__Bacillus cereus
EEL23477	d__Bacteria; p__Firmicutes; c__Bacilli; o__Bacillales; f__Bacillaceae; g__Bacillus; s__Bacillus cereus
ACY24533	d__Archaea; p__Thaumarchaeota
EDZ51416	d__Bacteria; p__Firmicutes; c__Bacilli; o__Bacillales; f__Bacillaceae; g__Bacillus; s__Bacillus cereus
ADE28552	d__Bacteria; p__Proteobacteria; c__Gammaproteobacteria; o__Xanthomonadales; f__Rhodanobacteraceae; g__Rhodanobacter; s__Rhodanobacter denitrificans
EGL84019	d__Bacteria; p__Firmicutes; c__Bacilli; o__Bacillales; f__Bacillaceae; g__Caldalkalibacillus; s__Caldalkalibacillus thermarum
BAH43644	d__Bacteria; p__Firmicutes; c__Bacilli; o__Bacillales; f__Paenibacillaceae; g__Brevibacillus; s__Brevibacillus brevis
EEL11934	d__Bacteria; p__Firmicutes; c__Bacilli; o__Bacillales; f__Bacillaceae; g__Bacillus; s__Bacillus cereus
EIJ78367	d__Bacteria; p__Firmicutes; c__Bacilli; o__Bacillales; f__Bacillaceae; g__Bacillus; s__Bacillus methanolicus
EEM96864	d__Bacteria; p__Firmicutes; c__Bacilli; o__Bacillales; f__Bacillaceae; g__Bacillus; s__Bacillus thuringiensis
EEM16322	d__Bacteria; p__Firmicutes; c__Bacilli; o__Bacillales; f__Bacillaceae; g__Bacillus; s__Bacillus pseudomycoides
EEL94157	d__Bacteria; p__Firmicutes; c__Bacilli; o__Bacillales; f__Bacillaceae; g__Bacillus; s__Bacillus cereus
EEL76896	d__Bacteria; p__Firmicutes; c__Bacilli; o__Bacillales; f__Bacillaceae; g__Bacillus; s__Bacillus cereus
EEK89872	d__Bacteria; p__Firmicutes; c__Bacilli; o__Bacillales; f__Bacillaceae; g__Bacillus; s__Bacillus cereus
EEM48374	d__Bacteria; p__Firmicutes; c__Bacilli; o__Bacillales; f__Bacillaceae; g__Bacillus; s__Bacillus thuringiensis
EEK68339	d__Bacteria; p__Firmicutes; c__Bacilli; o__Bacillales; f__Bacillaceae; g__Bacillus; s__Bacillus wiedmannii
EEM23117	d__Bacteria; p__Firmicutes; c__Bacilli; o__Bacillales; f__Bacillaceae; g__Bacillus; s__Bacillus thuringiensis
EEL56637	d__Bacteria; p__Firmicutes; c__Bacilli; o__Bacillales; f__Bacillaceae; g__Bacillus; s__Bacillus cereus
AMO19534	d__Bacteria; p__Bacteroidetes; c__Flavobacteriia; o__Flavobacteriales; f__Flavobacteriaceae; g__Flavobacterium; s__Flavobacterium columnare
EEL29332	d__Bacteria; p__Firmicutes; c__Bacilli; o__Bacillales; f__Bacillaceae; g__Bacillus; s__Bacillus cereus
EEK79308	d__Bacteria; p__Firmicutes; c__Bacilli; o__Bacillales; f__Bacillaceae; g__Bacillus; s__Bacillus cereus
EEM80203	d__Bacteria; p__Firmicutes; c__Bacilli; o__Bacillales; f__Bacillaceae; g__Bacillus; s__Bacillus thuringiensis
EEL51147	d__Bacteria; p__Firmicutes; c__Bacilli; o__Bacillales; f__Bacillaceae; g__Bacillus; s__Bacillus cereus
EEL65505	d__Bacteria; p__Firmicutes; c__Bacilli; o__Bacillales; f__Bacillaceae; g__Bacillus; s__Bacillus cereus
EEK62666	d__Bacteria; p__Firmicutes; c__Bacilli; o__Bacillales; f__Bacillaceae; g__Bacillus; s__Bacillus cereus
EGQ73134	d__Bacteria; p__Actinobacteria; c__Actinobacteria; o__Actinomycetales; f__Actinomycetaceae; g__Actinomyces; s__Actinomyces sp. oral taxon 448
EEP66738	d__Bacteria; p__Proteobacteria; c__Betaproteobacteria; o__Neisseriales; f__Neisseriaceae; g__Kingella; s__Kingella oralis
EGK14836	r__Root
EDY19063	d__Bacteria; p__Verrucomicrobia; c__Spartobacteria; o__Chthoniobacterales; f__Chthoniobacteraceae; g__Chthoniobacter; s__Chthoniobacter flavus
QBK75184	d__Bacteria; p__Bacteroidetes; c__Flavobacteriia; o__Flavobacteriales; f__Flavobacteriaceae; g__Myroides; s__Myroides odoratimimus
EGC17925	d__Bacteria; p__Proteobacteria; c__Betaproteobacteria; o__Neisseriales; f__Neisseriaceae; g__Kingella; s__Kingella denitrificans
CAD18654	d__Bacteria; p__Proteobacteria; c__Betaproteobacteria; o__Burkholderiales; f__Burkholderiaceae; g__Ralstonia; s__Ralstonia solanacearum
CBJ41149	d__Bacteria; p__Proteobacteria; c__Betaproteobacteria; o__Burkholderiales; f__Burkholderiaceae; g__Ralstonia; s__Ralstonia solanacearum
EGU76038	d__Eukaryota; p__Ascomycota; c__Sordariomycetes; o__Hypocreales; f__Nectriaceae; g__Fusarium; s__Fusarium oxysporum
ABU88100	d__Eukaryota; p__Ascomycota; c__Sordariomycetes; o__Hypocreales; f__Nectriaceae; g__Fusarium; s__Fusarium oxysporum
EGK10284	d__Bacteria; p__Firmicutes; c__Bacilli; o__Bacillales; f__Thermoactinomycetaceae; g__Desmospora; s__Desmospora sp. 8437
CBJ52550	d__Bacteria; p__Proteobacteria; c__Betaproteobacteria; o__Burkholderiales; f__Burkholderiaceae; g__Ralstonia; s__Ralstonia solanacearum
EAQ81771	d__Bacteria; p__Planctomycetes; c__Planctomycetia; o__Pirellulales; f__Pirellulaceae; g__Blastopirellula; s__Blastopirellula marina
EGL83989	d__Bacteria; p__Firmicutes; c__Bacilli; o__Bacillales; f__Bacillaceae; g__Caldalkalibacillus; s__Caldalkalibacillus thermarum
ACZ43050	d__Bacteria
APZ27335	d__Bacteria; p__Proteobacteria; c__Betaproteobacteria; o__Burkholderiales; f__Burkholderiaceae; g__Burkholderia; s__Burkholderia pseudomallei
VTQ48465	d__Bacteria; p__Proteobacteria; c__Betaproteobacteria; o__Neisseriales; f__Neisseriaceae; g__Neisseria; s__Neisseria lactamica
EAL13334	d__Bacteria; p__Firmicutes; c__Bacilli; o__Bacillales; f__Bacillaceae; g__Bacillus; s__Bacillus cereus
ADM69930	d__Bacteria; p__Firmicutes; c__Bacilli; o__Bacillales; f__Paenibacillaceae; g__Paenibacillus; s__Paenibacillus polymyxa
CAF28758	d__Archaea; p__Thaumarchaeota
EEL82593	d__Bacteria; p__Firmicutes; c__Bacilli; o__Bacillales; f__Bacillaceae; g__Bacillus; s__Bacillus cereus
ABN86571	d__Bacteria; p__Proteobacteria; c__Betaproteobacteria; o__Burkholderiales; f__Burkholderiaceae; g__Burkholderia; s__Burkholderia pseudomallei
EID73898	d__Bacteria; p__Bacteroidetes; c__Flavobacteriia; o__Flavobacteriales; f__Flavobacteriaceae; g__Imtechella; s__Imtechella halotolerans
EEK84553	d__Bacteria; p__Firmicutes; c__Bacilli; o__Bacillales; f__Bacillaceae; g__Bacillus; s__Bacillus cereus
EHL79373	d__Bacteria; p__Firmicutes; c__Bacilli; o__Bacillales; f__Bacillaceae; g__Bacillus; s__Bacillus smithii
ADI27604	d__Bacteria; p__Firmicutes; c__Bacilli; o__Bacillales; f__Bacillaceae; g__Geobacillus; s__Geobacillus sp. C56-T3
ACS24467	d__Bacteria; p__Firmicutes; c__Bacilli; o__Bacillales; f__Bacillaceae; g__Geobacillus; s__Geobacillus sp. WCH70
ANA46649	d__Bacteria; p__Firmicutes; c__Bacilli; o__Bacillales; f__Bacillaceae; g__Lysinibacillus; s__Lysinibacillus sphaericus
ABO66982	d__Bacteria; p__Firmicutes; c__Bacilli; o__Bacillales; f__Bacillaceae; g__Geobacillus; s__Geobacillus thermodenitrificans
AET90367	d__Bacteria; p__Proteobacteria; c__Betaproteobacteria; o__Burkholderiales; f__Burkholderiaceae; g__Burkholderia; s__Burkholderia sp. YI23
EDT12771	d__Bacteria; p__Proteobacteria; c__Betaproteobacteria; o__Burkholderiales; f__Burkholderiaceae; g__Paraburkholderia; s__Paraburkholderia graminis
ABB12875	d__Bacteria; p__Proteobacteria; c__Betaproteobacteria; o__Burkholderiales; f__Burkholderiaceae; g__Burkholderia; s__Burkholderia lata
CCB87810	d__Bacteria; p__Chlamydiae; c__Chlamydiia; o__Parachlamydiales; f__Simkaniaceae; g__Simkania; s__Simkania negevensis
ACD20402	d__Bacteria; p__Proteobacteria; c__Betaproteobacteria; o__Burkholderiales; f__Burkholderiaceae; g__Paraburkholderia; s__Paraburkholderia phytofirmans
CBH99776	r__Root
EFE37018	d__Eukaryota; p__Ascomycota; c__Eurotiomycetes; o__Onygenales; f__Arthrodermataceae; g__Trichophyton; s__Trichophyton benhamiae
EAL92091	d__Eukaryota; p__Ascomycota; c__Eurotiomycetes; o__Eurotiales; f__Aspergillaceae; g__Aspergillus; s__Aspergillus fumigatus
ABC91295	d__Bacteria; p__Proteobacteria; c__Alphaproteobacteria; o__Rhizobiales; f__Rhizobiaceae; g__Rhizobium; s__Rhizobium etli
AWO73565	d__Bacteria; p__Firmicutes; c__Bacilli; o__Bacillales; f__Bacillaceae; g__Geobacillus; s__Geobacillus thermoleovorans
ACC71218	d__Bacteria; p__Proteobacteria; c__Betaproteobacteria; o__Burkholderiales; f__Burkholderiaceae; g__Paraburkholderia; s__Paraburkholderia phymatum
ADG19524	d__Bacteria; p__Proteobacteria; c__Betaproteobacteria; o__Burkholderiales; f__Burkholderiaceae; g__Paraburkholderia; s__Paraburkholderia sp. CCGE1002
EAU39787	d__Bacteria; p__Proteobacteria; c__Alphaproteobacteria; o__Rhizobiales; f__Aurantimonadaceae; g__Fulvimarina; s__Fulvimarina pelagi
EER57831	d__Bacteria; p__Proteobacteria; c__Betaproteobacteria; o__Burkholderiales; f__Comamonadaceae; g__Acidovorax; s__Acidovorax delafieldii
EFE42438	d__Eukaryota; p__Ascomycota; c__Eurotiomycetes; o__Onygenales; f__Arthrodermataceae; g__Trichophyton; s__Trichophyton verrucosum
EIL98512	d__Bacteria; p__Proteobacteria; c__Gammaproteobacteria; o__Xanthomonadales; f__Rhodanobacteraceae; g__Rhodanobacter; s__Rhodanobacter thiooxydans
CCD98102	d__Bacteria; p__Proteobacteria; c__Alphaproteobacteria; o__Rhizobiales; f__Bradyrhizobiaceae; g__Bradyrhizobium; s__Bradyrhizobium sp. STM 3809
ABF86571	d__Bacteria; p__Proteobacteria; c__Deltaproteobacteria; o__Myxococcales; f__Myxococcaceae; g__Myxococcus; s__Myxococcus xanthus
ACP32651	d__Bacteria; p__Actinobacteria; c__Actinobacteria; o__Corynebacteriales; f__Corynebacteriaceae; g__Corynebacterium; s__Corynebacterium aurimucosum
ADB12477	d__Bacteria; p__Proteobacteria; c__Gammaproteobacteria; o__Methylococcales; f__Methylococcaceae; g__Methylomonas; s__Methylomonas sp. 16a
EFM92981	d__Bacteria; p__Proteobacteria; c__Gammaproteobacteria; o__Pasteurellales; f__Pasteurellaceae; g__Actinobacillus; s__Actinobacillus pleuropneumoniae
ADN59354	d__Bacteria; p__Proteobacteria; c__Betaproteobacteria; o__Burkholderiales; f__Burkholderiaceae; g__Burkholderia; s__Burkholderia sp. CCGE1003
EHP44774	d__Bacteria; p__Proteobacteria; c__Betaproteobacteria; o__Burkholderiales; f__Burkholderiaceae; g__Cupriavidus; s__Cupriavidus basilensis
AFM12948	d__Bacteria; p__Spirochaetes; c__Spirochaetia; o__Leptospirales; f__Leptospiraceae; g__Turneriella; s__Turneriella parva
CAL75404	d__Bacteria; p__Proteobacteria; c__Alphaproteobacteria; o__Rhizobiales; f__Bradyrhizobiaceae; g__Bradyrhizobium; s__Bradyrhizobium sp. ORS 278
ADX54872	d__Bacteria; p__Proteobacteria; c__Betaproteobacteria; o__Burkholderiales; f__Burkholderiaceae; g__Burkholderia; s__Burkholderia sp. CCGE1001
ABC35309	d__Bacteria; p__Proteobacteria; c__Betaproteobacteria; o__Burkholderiales; f__Burkholderiaceae; g__Burkholderia; s__Burkholderia thailandensis
EBA00982	d__Bacteria; p__Proteobacteria; c__Gammaproteobacteria; o__Alteromonadales; f__Alteromonadaceae; g__Marinobacter; s__Marinobacter sp. ELB17
EEZ70840	d__Bacteria; p__Proteobacteria; c__Betaproteobacteria; o__Neisseriales; f__Neisseriaceae; g__Neisseria; s__Neisseria cinerea
AEH35751	d__Archaea; p__Euryarchaeota; c__Halobacteria; o__Natrialbales; f__Natrialbaceae; g__Halopiger; s__Halopiger xanaduensis
EFH21816	d__Bacteria; p__Proteobacteria; c__Betaproteobacteria; o__Neisseriales; f__Neisseriaceae; g__Neisseria; s__Neisseria polysaccharea
BAH28817	d__Bacteria; p__Proteobacteria; c__Alphaproteobacteria; o__Rhizobiales; f__Brucellaceae; g__Ochrobactrum; s__Ochrobactrum anthropi
ABO25201	d__Bacteria; p__Proteobacteria; c__Gammaproteobacteria; o__Alteromonadales; f__Shewanellaceae; g__Shewanella; s__Shewanella loihica
ABE56757	d__Bacteria; p__Proteobacteria; c__Gammaproteobacteria; o__Alteromonadales; f__Shewanellaceae; g__Shewanella; s__Shewanella denitrificans
EER55617	d__Bacteria; p__Proteobacteria; c__Betaproteobacteria; o__Neisseriales; f__Neisseriaceae; g__Neisseria; s__Neisseria flavescens
AEH36112	d__Archaea; p__Euryarchaeota; c__Halobacteria; o__Natrialbales; f__Natrialbaceae; g__Halopiger; s__Halopiger xanaduensis
ACF98212	d__Archaea; p__Thaumarchaeota
EFC52848	d__Bacteria; p__Proteobacteria; c__Betaproteobacteria; o__Neisseriales; f__Neisseriaceae; g__Neisseria; s__Neisseria subflava
EFV81580	d__Bacteria; p__Proteobacteria; c__Betaproteobacteria; o__Neisseriales; f__Neisseriaceae; g__Neisseria; s__Neisseria mucosa
CAM10744	d__Bacteria; p__Proteobacteria; c__Betaproteobacteria; o__Neisseriales; f__Neisseriaceae; g__Neisseria; s__Neisseria meningitidis
ABM00884	d__Bacteria; p__Proteobacteria; c__Gammaproteobacteria; o__Alteromonadales; f__Shewanellaceae; g__Shewanella; s__Shewanella amazonensis
EGF08904	d__Bacteria; p__Proteobacteria; c__Betaproteobacteria; o__Neisseriales; f__Neisseriaceae; g__Neisseria; s__Neisseria bacilliformis
CAE46530	d__Archaea; p__Euryarchaeota; c__Halobacteria; o__Haloferacales; f__Haloferacaceae; g__Haloferax; s__Haloferax lucentense
BAL79003	d__Bacteria; p__Proteobacteria; c__Alphaproteobacteria; o__Rhizobiales; f__Bradyrhizobiaceae; g__Bradyrhizobium; s__Bradyrhizobium sp. S23321
EAQ23437	d__Bacteria; p__Proteobacteria; c__Alphaproteobacteria; o__Rhodobacterales; f__Rhodobacteraceae; g__Roseovarius; s__Roseovarius sp. 217
GAB62123	d__Bacteria; p__Planctomycetes; c__Candidatus Brocadiae; o__Candidatus Brocadiales; f__Candidatus Brocadiaceae; g__Candidatus Jettenia; s__Candidatus Jettenia caeni
AEO56464	d__Eukaryota; p__Ascomycota; c__Sordariomycetes; o__Sordariales; f__Chaetomiaceae; g__Thermothelomyces; s__Thermothelomyces thermophilus
EHB61616	d__Archaea; p__Euryarchaeota; c__Halobacteria; o__Halobacteriales; f__Halobacteriaceae; g__Halobacterium; s__Halobacterium sp. DL1
EFC87241	d__Bacteria; p__Proteobacteria; c__Betaproteobacteria; o__Neisseriales; f__Neisseriaceae; g__Neisseria; s__Neisseria mucosa
EGY59976	d__Bacteria; p__Proteobacteria; c__Betaproteobacteria; o__Neisseriales; f__Neisseriaceae; g__Neisseria; s__Neisseria sp. GT4A_CT1
AEP37243	d__Bacteria; p__Proteobacteria; c__Betaproteobacteria; o__Burkholderiales; f__Alcaligenaceae; g__Taylorella; s__Taylorella asinigenitalis
EBA14735	d__Bacteria; p__Proteobacteria; c__Alphaproteobacteria; o__Rhodobacterales; f__Rhodobacteraceae; g__Roseobacter; s__Roseobacter sp. SK209-2-6
ACM57482	d__Archaea; p__Euryarchaeota; c__Halobacteria; o__Haloferacales; f__Halorubraceae; g__Halorubrum; s__Halorubrum lacusprofundi
ATJ87861	d__Bacteria; p__Proteobacteria; c__Betaproteobacteria; o__Burkholderiales; f__Burkholderiaceae; g__Ralstonia; s__Ralstonia solanacearum
CBW15949	d__Bacteria; p__Proteobacteria; c__Gammaproteobacteria; o__Pasteurellales; f__Pasteurellaceae; g__Haemophilus; s__Haemophilus parainfluenzae
ABE64976	d__Bacteria; p__Proteobacteria; c__Alphaproteobacteria; o__Rhizobiales; f__Bradyrhizobiaceae; g__Nitrobacter; s__Nitrobacter hamburgensis
ABE41485	d__Bacteria; p__Proteobacteria; c__Alphaproteobacteria; o__Rhizobiales; f__Bradyrhizobiaceae; g__Rhodopseudomonas; s__Rhodopseudomonas palustris
ABI66574	d__Bacteria; p__Proteobacteria; c__Alphaproteobacteria; o__Rhodobacterales; f__Hyphomonadaceae; g__Maricaulis; s__Maricaulis maris
AFL87445	d__Bacteria; p__Acidobacteria; c__Acidobacteriia; o__Acidobacteriales; f__Acidobacteriaceae; g__Terriglobus; s__Terriglobus roseus
BAL91543	d__Bacteria; p__Actinobacteria; c__Actinobacteria; o__Micromonosporales; f__Micromonosporaceae; g__Actinoplanes; s__Actinoplanes missouriensis
EFI52918	d__Bacteria; p__Proteobacteria; c__Alphaproteobacteria; o__Rhizobiales; f__Bradyrhizobiaceae; g__Afipia; s__Afipia sp. 1NLS2
ABQ39793	d__Bacteria; p__Proteobacteria; c__Alphaproteobacteria; o__Rhizobiales; f__Bradyrhizobiaceae; g__Bradyrhizobium; s__Bradyrhizobium sp. BTAi1
BAH38365	d__Bacteria; p__Gemmatimonadetes; c__Gemmatimonadetes; o__Gemmatimonadales; f__Gemmatimonadaceae; g__Gemmatimonas; s__Gemmatimonas aurantiaca
EFQ80218	d__Bacteria; p__Actinobacteria; c__Actinobacteria; o__Corynebacteriales; f__Corynebacteriaceae; g__Corynebacterium; s__Corynebacterium pseudogenitalium
OOC57731	d__Bacteria; p__Proteobacteria; c__Alphaproteobacteria; o__Rhizobiales; f__Brucellaceae; g__Ochrobactrum; s__Ochrobactrum intermedium
ADG30159	d__Bacteria; p__Proteobacteria; c__Betaproteobacteria; o__Burkholderiales
ABF89931	d__Bacteria; p__Proteobacteria; c__Deltaproteobacteria; o__Myxococcales; f__Myxococcaceae; g__Myxococcus; s__Myxococcus xanthus
EGF32416	d__Bacteria; p__Proteobacteria; c__Betaproteobacteria; o__Burkholderiales; f__Oxalobacteraceae
EEI79717	d__Bacteria; p__Actinobacteria; c__Actinobacteria; o__Corynebacteriales; f__Corynebacteriaceae; g__Corynebacterium; s__Corynebacterium striatum
EAS49965	d__Bacteria; p__Proteobacteria; c__Alphaproteobacteria; o__Rhizobiales; f__Aurantimonadaceae; g__Aurantimonas; s__Aurantimonas manganoxydans
AEK62791	d__Bacteria; p__Proteobacteria; c__Betaproteobacteria; o__Burkholderiales; f__Oxalobacteraceae; g__Collimonas; s__Collimonas fungivorans
ABX03943	d__Bacteria; p__Chloroflexi; c__Chloroflexia; o__Herpetosiphonales; f__Herpetosiphonaceae; g__Herpetosiphon; s__Herpetosiphon aurantiacus
EIJ65003	d__Archaea; p__Thaumarchaeota
CAL61744	d__Bacteria; p__Proteobacteria; c__Betaproteobacteria; o__Burkholderiales; f__Oxalobacteraceae; g__Herminiimonas; s__Herminiimonas arsenicoxydans
EGP94182	d__Archaea; p__Thaumarchaeota
EDT06471	d__Bacteria; p__Proteobacteria; c__Betaproteobacteria; o__Burkholderiales; f__Burkholderiaceae; g__Burkholderia; s__Burkholderia ambifaria
ABE65193	d__Bacteria; p__Proteobacteria; c__Alphaproteobacteria; o__Rhizobiales; f__Bradyrhizobiaceae; g__Nitrobacter; s__Nitrobacter hamburgensis
ABM42758	d__Bacteria; p__Proteobacteria; c__Betaproteobacteria; o__Burkholderiales; f__Comamonadaceae; g__Acidovorax; s__Acidovorax sp. JS42
EIJ46803	d__Bacteria; p__Proteobacteria; c__Betaproteobacteria; o__Burkholderiales; f__Oxalobacteraceae; g__Herbaspirillum; s__Herbaspirillum sp. GW103
ADI29983	d__Bacteria; p__Proteobacteria; c__Betaproteobacteria; o__Nitrosomonadales; f__Methylophilaceae; g__Methylotenera; s__Methylotenera versatilis
EAS50966	d__Bacteria; p__Proteobacteria; c__Alphaproteobacteria; o__Rhizobiales; f__Aurantimonadaceae; g__Aurantimonas; s__Aurantimonas manganoxydans
ACM32675	d__Bacteria; p__Proteobacteria; c__Betaproteobacteria; o__Burkholderiales; f__Comamonadaceae; g__Acidovorax; s__Acidovorax ebreus
EGM25430	d__Bacteria; p__Proteobacteria; c__Gammaproteobacteria; o__Salinisphaerales; f__Salinisphaeraceae; g__Salinisphaera; s__Salinisphaera shabanensis
ABQ38428	d__Bacteria; p__Proteobacteria; c__Alphaproteobacteria; o__Rhizobiales; f__Bradyrhizobiaceae; g__Bradyrhizobium; s__Bradyrhizobium sp. BTAi1
CCE04729	d__Bacteria; p__Proteobacteria; c__Alphaproteobacteria; o__Rhizobiales; f__Bradyrhizobiaceae; g__Bradyrhizobium; s__Bradyrhizobium sp. STM 3843
ACI59035	d__Bacteria; p__Proteobacteria; c__Alphaproteobacteria; o__Rhizobiales; f__Rhizobiaceae; g__Rhizobium; s__Rhizobium leguminosarum
AFF60928	d__Archaea; p__Thaumarchaeota
AAV67973	d__Eukaryota; p__Ascomycota; c__Eurotiomycetes; o__Onygenales; f__Ajellomycetaceae; g__Histoplasma; s__Histoplasma capsulatum
BAL12885	d__Bacteria; p__Proteobacteria; c__Alphaproteobacteria; o__Rhizobiales; f__Bradyrhizobiaceae; g__Bradyrhizobium; s__Bradyrhizobium japonicum
CCD92862	d__Bacteria; p__Proteobacteria; c__Alphaproteobacteria; o__Rhizobiales; f__Bradyrhizobiaceae; g__Bradyrhizobium; s__Bradyrhizobium sp. ORS 375
EGP94244	d__Archaea; p__Thaumarchaeota
EHN64994	d__Bacteria; p__Proteobacteria; c__Betaproteobacteria; o__Burkholderiales; f__Comamonadaceae; g__Comamonas; s__Comamonas testosteroni
ABX13250	d__Archaea; p__Thaumarchaeota
ADR34701	d__Bacteria; p__Proteobacteria; c__Epsilonproteobacteria; o__Campylobacterales; f__Helicobacteraceae; g__Sulfuricurvum; s__Sulfuricurvum kujiense
CAN90660	d__Bacteria; p__Proteobacteria; c__Deltaproteobacteria; o__Myxococcales; f__Polyangiaceae; g__Sorangium; s__Sorangium cellulosum
EGG42151	d__Archaea; p__Thaumarchaeota
CCG91973	d__Bacteria; p__Verrucomicrobia; c__Methylacidiphilae; o__Methylacidiphilales; f__Methylacidiphilaceae; g__Methylacidiphilum; s__Methylacidiphilum fumariolicum
OMH46534	d__Bacteria; p__Proteobacteria; c__Betaproteobacteria; o__Neisseriales; f__Neisseriaceae; g__Neisseria; s__Neisseria meningitidis
ACI94730	d__Bacteria; p__Proteobacteria; c__Alphaproteobacteria; o__Rhizobiales; f__Bradyrhizobiaceae; g__Oligotropha; s__Oligotropha carboxidovorans
EEH64934	d__Bacteria; p__Actinobacteria; c__Actinobacteria; o__Actinomycetales; f__Actinomycetaceae; g__Actinomyces; s__Actinomyces urogenitalis
EGG41865	d__Archaea; p__Thaumarchaeota
CBH98316	r__Root
ACU38581	d__Bacteria; p__Actinobacteria; c__Actinobacteria; o__Pseudonocardiales; f__Pseudonocardiaceae; g__Actinosynnema; s__Actinosynnema mirum
EET77715	d__Bacteria; p__Actinobacteria; c__Actinobacteria; o__Corynebacteriales; f__Corynebacteriaceae; g__Corynebacterium; s__Corynebacterium tuberculostearicum
ACB93969	d__Bacteria; p__Proteobacteria; c__Alphaproteobacteria; o__Rhizobiales; f__Beijerinckiaceae; g__Beijerinckia; s__Beijerinckia indica
ABB75293	d__Bacteria; p__Proteobacteria; c__Betaproteobacteria; o__Nitrosomonadales; f__Nitrosomonadaceae; g__Nitrosospira; s__Nitrosospira multiformis
EHM52825	d__Bacteria; p__Proteobacteria; c__Gammaproteobacteria; o__Cardiobacteriales; f__Cardiobacteriaceae; g__Cardiobacterium; s__Cardiobacterium valvarum
ACB80736	d__Bacteria; p__Proteobacteria; c__Alphaproteobacteria; o__Rhizobiales; f__Methylobacteriaceae; g__Methylorubrum; s__Methylorubrum populi
ACY24563	d__Archaea; p__Thaumarchaeota
ADE03920	d__Archaea; p__Euryarchaeota; c__Halobacteria; o__Haloferacales; f__Haloferacaceae; g__Haloferax; s__Haloferax volcanii
ACY24491	d__Archaea; p__Thaumarchaeota
AQT51842	d__Bacteria; p__Proteobacteria; c__Betaproteobacteria; o__Burkholderiales; f__Burkholderiaceae; g__Burkholderia; s__Burkholderia cenocepacia
BAE60390	d__Eukaryota; p__Ascomycota; c__Eurotiomycetes; o__Eurotiales; f__Aspergillaceae; g__Aspergillus; s__Aspergillus oryzae
OOM45809	d__Bacteria; p__Firmicutes; c__Clostridia; o__Clostridiales; f__Clostridiaceae; g__Clostridium; s__Clostridium beijerinckii
ABY68277	d__Bacteria; p__Proteobacteria; c__Alphaproteobacteria; o__Rhodospirillales; f__Rhodospirillaceae; g__Azospirillum; s__Azospirillum brasilense
AFF60940	d__Archaea; p__Thaumarchaeota
QEZ67374	d__Bacteria; p__Proteobacteria; c__Gammaproteobacteria; o__Pseudomonadales; f__Pseudomonadaceae; g__Pseudomonas; s__Pseudomonas protegens
CQR30568	d__Bacteria; p__Proteobacteria; c__Betaproteobacteria; o__Burkholderiales
OOZ98832	d__Bacteria; p__Firmicutes; c__Bacilli; o__Bacillales; f__Bacillaceae; g__Bacillus; s__Bacillus cereus
AUL60902	d__Bacteria; p__Proteobacteria; c__Betaproteobacteria; o__Burkholderiales; f__Burkholderiaceae; g__Burkholderia; s__Burkholderia pseudomallei
BAE46058	d__Bacteria; p__Actinobacteria; c__Actinobacteria; o__Corynebacteriales; f__Nocardiaceae; g__Rhodococcus; s__Rhodococcus erythropolis
ABY70631	d__Bacteria; p__Proteobacteria; c__Gammaproteobacteria; o__Pasteurellales; f__Pasteurellaceae; g__Actinobacillus; s__Actinobacillus pleuropneumoniae
CAX22973	d__Bacteria; p__Proteobacteria; c__Alphaproteobacteria; o__Rhizobiales; f__Methylobacteriaceae; g__Methylorubrum; s__Methylorubrum extorquens
ASD63199	d__Bacteria; p__Proteobacteria; c__Oligoflexia; o__Bdellovibrionales; f__Bdellovibrionaceae; g__Bdellovibrio; s__Bdellovibrio bacteriovorus
AGG89997	d__Bacteria; p__Proteobacteria; c__Gammaproteobacteria; o__Xanthomonadales; f__Rhodanobacteraceae; g__Rhodanobacter; s__Rhodanobacter denitrificans
AFF60904	d__Archaea; p__Thaumarchaeota
AMP76989	d__Bacteria; p__Proteobacteria; c__Betaproteobacteria; o__Burkholderiales; f__Burkholderiaceae; g__Ralstonia; s__Ralstonia solanacearum
KFL22443	d__Bacteria; p__Proteobacteria; c__Betaproteobacteria; o__Burkholderiales; f__Burkholderiaceae; g__Ralstonia; s__Ralstonia pickettii
BAB05801	d__Bacteria; p__Firmicutes; c__Bacilli; o__Bacillales; f__Bacillaceae; g__Bacillus; s__Bacillus halodurans
QEI19650	d__Bacteria; p__Proteobacteria; c__Gammaproteobacteria; o__Cellvibrionales; f__Cellvibrionaceae; g__Cellvibrio; s__Cellvibrio japonicus
EIF76035	d__Bacteria; p__Proteobacteria; c__Betaproteobacteria; o__Burkholderiales; f__Burkholderiaceae; g__Burkholderia; s__Burkholderia pseudomallei
OBX74416	d__Bacteria; p__Proteobacteria; c__Gammaproteobacteria; o__Pasteurellales; f__Pasteurellaceae; g__Haemophilus; s__Haemophilus parainfluenzae
SQH25356	d__Bacteria; p__Proteobacteria; c__Betaproteobacteria; o__Neisseriales; f__Neisseriaceae; g__Kingella; s__Kingella kingae
QBP25836	d__Bacteria; p__Proteobacteria; c__Alphaproteobacteria; o__Rhizobiales; f__Bradyrhizobiaceae; g__Bradyrhizobium; s__Bradyrhizobium diazoefficiens
QBP27034	d__Bacteria; p__Proteobacteria; c__Alphaproteobacteria; o__Rhizobiales; f__Bradyrhizobiaceae; g__Bradyrhizobium; s__Bradyrhizobium diazoefficiens
QCP91044	d__Archaea; p__Euryarchaeota; c__Halobacteria; o__Halobacteriales; f__Haloarculaceae; g__Haloarcula; s__Haloarcula marismortui
KZX49421	d__Archaea; p__Euryarchaeota; c__Halobacteria; o__Halobacteriales; f__Haloarculaceae; g__Haloarcula; s__Haloarcula sp. K1
OCS44034	d__Bacteria; p__Proteobacteria; c__Betaproteobacteria; o__Burkholderiales; f__Burkholderiaceae; g__Ralstonia; s__Ralstonia pickettii
ADL47480	d__Bacteria; p__Actinobacteria; c__Actinobacteria; o__Micromonosporales; f__Micromonosporaceae; g__Micromonospora; s__Micromonospora aurantiaca
AKM91875	d__Bacteria; p__Proteobacteria; c__Betaproteobacteria; o__Neisseriales; f__Neisseriaceae; g__Neisseria; s__Neisseria meningitidis
GAE39005	r__Root
KOR64333	d__Bacteria; p__Firmicutes; c__Bacilli; o__Bacillales; f__Bacillaceae; g__Bacillus; s__Bacillus anthracis
EEK73738	d__Bacteria; p__Firmicutes; c__Bacilli; o__Bacillales; f__Bacillaceae; g__Bacillus; s__Bacillus mycoides
AFF60887	d__Archaea; p__Thaumarchaeota
QCP92297	d__Archaea; p__Euryarchaeota; c__Halobacteria; o__Halobacteriales; f__Haloarculaceae; g__Haloarcula; s__Haloarcula marismortui
SQH49795	d__Bacteria; p__Proteobacteria; c__Betaproteobacteria; o__Neisseriales; f__Neisseriaceae; g__Neisseria; s__Neisseria elongata
QCP89494	d__Archaea; p__Euryarchaeota; c__Halobacteria; o__Halobacteriales; f__Haloarculaceae; g__Haloarcula; s__Haloarcula marismortui
AZI65734	d__Bacteria; p__Actinobacteria; c__Actinobacteria; o__Corynebacteriales; f__Nocardiaceae; g__Rhodococcus; s__Rhodococcus sp. NJ-530
ACY32308	d__Bacteria; p__Proteobacteria; c__Betaproteobacteria; o__Burkholderiales; f__Comamonadaceae; g__Comamonas; s__Comamonas thiooxydans
KVF13889	d__Bacteria; p__Proteobacteria; c__Betaproteobacteria; o__Burkholderiales; f__Burkholderiaceae; g__Burkholderia; s__Burkholderia vietnamiensis
SJZ33478	d__Bacteria; p__Proteobacteria; c__Betaproteobacteria; o__Nitrosomonadales; f__Nitrosomonadaceae; g__Nitrosomonas; s__Nitrosomonas europaea
VEE05677	d__Bacteria; p__Bacteroidetes; c__Flavobacteriia; o__Flavobacteriales; f__Flavobacteriaceae; g__Chryseobacterium; s__Chryseobacterium gleum
ONY35925	d__Bacteria; p__Proteobacteria; c__Betaproteobacteria; o__Burkholderiales; f__Burkholderiaceae; g__Burkholderia; s__Burkholderia cenocepacia
KFI20870	d__Bacteria; p__Proteobacteria; c__Gammaproteobacteria; o__Chromatiales; f__Chromatiaceae; g__Nitrosococcus; s__Nitrosococcus oceani
AGB31993	d__Archaea; p__Euryarchaeota; c__Halobacteria; o__Natrialbales; f__Natrialbaceae; g__Natrinema; s__Natrinema pellirubrum
AWM24425	d__Bacteria; p__Proteobacteria; c__Alphaproteobacteria; o__Rhizobiales; f__Rhizobiaceae; g__Sinorhizobium; s__Sinorhizobium fredii
AJK37346	d__Bacteria; p__Firmicutes; c__Bacilli; o__Bacillales; f__Bacillaceae; g__Bacillus; s__Bacillus cereus
ACF03114	d__Bacteria; p__Proteobacteria; c__Alphaproteobacteria; o__Rhizobiales; f__Bradyrhizobiaceae; g__Rhodopseudomonas; s__Rhodopseudomonas palustris
BAL07605	d__Bacteria; p__Proteobacteria; c__Alphaproteobacteria; o__Rhizobiales; f__Bradyrhizobiaceae; g__Bradyrhizobium; s__Bradyrhizobium japonicum
ACI92600	d__Bacteria; p__Proteobacteria; c__Alphaproteobacteria; o__Rhizobiales; f__Bradyrhizobiaceae; g__Oligotropha; s__Oligotropha carboxidovorans
OBX71375	d__Bacteria; p__Proteobacteria; c__Gammaproteobacteria; o__Pasteurellales; f__Pasteurellaceae; g__Haemophilus; s__Haemophilus parainfluenzae
OAO83602	d__Bacteria; p__Firmicutes; c__Bacilli; o__Bacillales; f__Bacillaceae; g__Parageobacillus; s__Parageobacillus thermoglucosidasius
OCS52657	d__Bacteria; p__Proteobacteria; c__Betaproteobacteria; o__Burkholderiales; f__Burkholderiaceae; g__Ralstonia; s__Ralstonia pickettii
