AGI79449	d__Bacteria; p__Proteobacteria; c__Gammaproteobacteria; o__Pseudomonadales; f__Pseudomonadaceae; g__Pseudomonas; s__Pseudomonas aeruginosa
ERV72587	d__Bacteria; p__Proteobacteria; c__Gammaproteobacteria; o__Pseudomonadales; f__Pseudomonadaceae; g__Pseudomonas; s__Pseudomonas aeruginosa
AYG08317	d__Bacteria; p__Proteobacteria; c__Gammaproteobacteria; o__Pseudomonadales; f__Pseudomonadaceae; g__Pseudomonas; s__Pseudomonas fluorescens
QAY58454	d__Bacteria; p__Proteobacteria; c__Gammaproteobacteria; o__Oceanospirillales; f__Hahellaceae; g__Hahella; s__Hahella sp. KA22
SQH33876	d__Bacteria; p__Proteobacteria; c__Gammaproteobacteria; o__Pseudomonadales; f__Pseudomonadaceae; g__Pseudomonas; s__Pseudomonas mucidolens
QDG55468	d__Bacteria; p__Proteobacteria; c__Gammaproteobacteria; o__Pseudomonadales; f__Pseudomonadaceae; g__Pseudomonas; s__Pseudomonas sp. NIBRBAC000502773
KFB66224	d__Bacteria; p__Proteobacteria; c__Betaproteobacteria
CEF27546	d__Bacteria; p__Proteobacteria; c__Gammaproteobacteria; o__Pseudomonadales; f__Pseudomonadaceae; g__Pseudomonas; s__Pseudomonas saudimassiliensis
ELY74538	d__Archaea; p__Euryarchaeota; c__Halobacteria; o__Natrialbales; f__Natrialbaceae; g__Natrinema; s__Natrinema pallidum
AUO47586	d__Bacteria; p__Proteobacteria; c__Gammaproteobacteria; o__Pseudomonadales; f__Pseudomonadaceae; g__Pseudomonas; s__Pseudomonas fluorescens
AHZ67536	d__Bacteria; p__Proteobacteria; c__Gammaproteobacteria; o__Pseudomonadales; f__Pseudomonadaceae; g__Pseudomonas; s__Pseudomonas mandelii
KFE56309	d__Bacteria; p__Proteobacteria; c__Gammaproteobacteria; o__Pseudomonadales; f__Pseudomonadaceae; g__Pseudomonas; s__Pseudomonas syringae
QDL00838	d__Bacteria; p__Proteobacteria; c__Gammaproteobacteria; o__Pseudomonadales; f__Pseudomonadaceae; g__Pseudomonas; s__Pseudomonas aeruginosa
ANI59936	d__Bacteria; p__Proteobacteria; c__Gammaproteobacteria; o__Pseudomonadales; f__Pseudomonadaceae; g__Pseudomonas; s__Pseudomonas sp. GR 6-02
EJN18880	d__Bacteria; p__Proteobacteria; c__Gammaproteobacteria; o__Pseudomonadales; f__Pseudomonadaceae; g__Pseudomonas; s__Pseudomonas sp. GM79
AWK98978	d__Bacteria; p__Proteobacteria; c__Gammaproteobacteria; o__Pseudomonadales; f__Pseudomonadaceae; g__Pseudomonas; s__Pseudomonas stutzeri
ELY80326	d__Archaea; p__Euryarchaeota; c__Halobacteria; o__Natrialbales; f__Natrialbaceae; g__Natrinema; s__Natrinema pallidum
EXI91323	d__Bacteria; p__Proteobacteria; c__Betaproteobacteria
AOW15754	d__Bacteria; p__Proteobacteria; c__Betaproteobacteria; o__Burkholderiales; f__Comamonadaceae; g__Hydrogenophaga; s__Hydrogenophaga crassostreae
BAL94011	d__Bacteria; p__Proteobacteria; c__Betaproteobacteria; o__Burkholderiales
QBH21280	d__Bacteria; p__Proteobacteria; c__Betaproteobacteria; o__Burkholderiales; f__Alcaligenaceae; g__Alcaligenes; s__Alcaligenes faecalis
QAY56668	d__Bacteria; p__Proteobacteria; c__Gammaproteobacteria; o__Oceanospirillales; f__Hahellaceae; g__Hahella; s__Hahella sp. KA22
OCX92840	d__Bacteria; p__Proteobacteria; c__Gammaproteobacteria; o__Pseudomonadales; f__Pseudomonadaceae; g__Pseudomonas; s__Pseudomonas sp. CO183
KSP10898	d__Bacteria; p__Proteobacteria; c__Gammaproteobacteria; o__Pseudomonadales; f__Pseudomonadaceae; g__Pseudomonas; s__Pseudomonas aeruginosa
KXO84979	d__Bacteria; p__Proteobacteria; c__Gammaproteobacteria; o__Pseudomonadales; f__Pseudomonadaceae; g__Pseudomonas; s__Pseudomonas stutzeri
AKN28549	d__Bacteria; p__Proteobacteria; c__Gammaproteobacteria; o__Pseudomonadales; f__Pseudomonadaceae; g__Pseudomonas; s__Pseudomonas stutzeri
KTB66764	d__Bacteria; p__Proteobacteria; c__Gammaproteobacteria; o__Pseudomonadales; f__Pseudomonadaceae; g__Pseudomonas; s__Pseudomonas fluorescens
OAN94133	d__Bacteria; p__Proteobacteria; c__Gammaproteobacteria; o__Alteromonadales; f__Alteromonadaceae; g__Marinobacter; s__Marinobacter sp. EhN04
CRM07643	d__Bacteria; p__Proteobacteria; c__Gammaproteobacteria; o__Pseudomonadales; f__Pseudomonadaceae; g__Pseudomonas; s__Pseudomonas sp. 8 R 14
AOW15752	d__Bacteria; p__Proteobacteria; c__Betaproteobacteria; o__Burkholderiales; f__Comamonadaceae; g__Hydrogenophaga; s__Hydrogenophaga crassostreae
SPK76673	d__Bacteria; p__Proteobacteria; c__Betaproteobacteria; o__Burkholderiales; f__Burkholderiaceae; g__Cupriavidus; s__Cupriavidus taiwanensis
AFO58682	d__Archaea; p__Euryarchaeota; c__Halobacteria; o__Natrialbales; f__Natrialbaceae; g__Natrinema; s__Natrinema sp. J7-2
APW98628	d__Archaea; p__Euryarchaeota; c__Halobacteria; o__Natrialbales; f__Natrialbaceae; g__Halobiforma; s__Halobiforma lacisalsi
QCZ22892	d__Bacteria; p__Proteobacteria; c__Epsilonproteobacteria; o__Campylobacterales; f__Campylobacteraceae; g__Arcobacter; s__Arcobacter cryaerophilus
AZE66482	d__Bacteria; p__Proteobacteria; c__Gammaproteobacteria; o__Pseudomonadales; f__Pseudomonadaceae; g__Pseudomonas; s__Pseudomonas synxantha
AAZ43116	d__Bacteria; p__Proteobacteria; c__Gammaproteobacteria; o__Pseudomonadales; f__Pseudomonadaceae; g__Pseudomonas; s__Pseudomonas stutzeri
BAN34226	d__Bacteria; p__Proteobacteria; c__Betaproteobacteria; o__Nitrosomonadales; f__Gallionellaceae; g__Sulfuricella; s__Sulfuricella denitrificans
APW99546	d__Archaea; p__Euryarchaeota; c__Halobacteria; o__Natrialbales; f__Natrialbaceae; g__Halobiforma; s__Halobiforma lacisalsi
QAR25915	d__Bacteria; p__Proteobacteria; c__Alphaproteobacteria; o__Rhodobacterales; f__Rhodobacteraceae; g__Paracoccus; s__Paracoccus denitrificans
AVL54259	d__Bacteria; p__Proteobacteria; c__Alphaproteobacteria; o__Rhodobacterales; f__Rhodobacteraceae; g__Roseobacter; s__Roseobacter denitrificans
SOH02966	d__Bacteria; p__Planctomycetes; c__Candidatus Brocadiae; o__Candidatus Brocadiales; f__Candidatus Brocadiaceae; g__Candidatus Kuenenia; s__Candidatus Kuenenia stuttgartiensis
VEI31399	d__Bacteria; p__Proteobacteria; c__Gammaproteobacteria; o__Pseudomonadales; f__Pseudomonadaceae; g__Pseudomonas; s__Pseudomonas stutzeri
AMO39024	d__Bacteria; p__Proteobacteria; c__Betaproteobacteria; o__Rhodocyclales; f__Zoogloeaceae; g__Thauera; s__Thauera humireducens
KFB77398	d__Bacteria; p__Proteobacteria; c__Betaproteobacteria
KGJ14663	d__Bacteria; p__Proteobacteria; c__Alphaproteobacteria; o__Rhodobacterales; f__Rhodobacteraceae; g__Paracoccus; s__Paracoccus sanguinis
KZK90591	d__Bacteria; p__Proteobacteria; c__Alphaproteobacteria; o__Rhodobacterales; f__Rhodobacteraceae; g__Pseudovibrio; s__Pseudovibrio sp. Ad46
EKF13198	d__Bacteria; p__Proteobacteria; c__Alphaproteobacteria; o__Rhodospirillales; f__Rhodospirillaceae; g__Thalassospira; s__Thalassospira xiamenensis
EJM80434	d__Bacteria; p__Proteobacteria; c__Gammaproteobacteria; o__Pseudomonadales; f__Pseudomonadaceae; g__Pseudomonas; s__Pseudomonas sp. GM67
AMO65337	d__Bacteria; p__Proteobacteria; c__Gammaproteobacteria; o__Alteromonadales; f__Alteromonadaceae; g__Marinobacter; s__Marinobacter hydrocarbonoclasticus
BBN87202	d__Bacteria; p__Proteobacteria; c__Betaproteobacteria; o__Rhodocyclales; f__Rhodocyclaceae; g__Azospira; s__Azospira sp. I09
ENO93235	d__Bacteria; p__Proteobacteria; c__Betaproteobacteria; o__Rhodocyclales; f__Zoogloeaceae; g__Thauera; s__Thauera sp. 28
KFB75449	d__Bacteria; p__Proteobacteria; c__Betaproteobacteria
AOE68603	d__Bacteria; p__Proteobacteria; c__Gammaproteobacteria; o__Pseudomonadales; f__Pseudomonadaceae; g__Pseudomonas; s__Pseudomonas fluorescens
BAN34215	d__Bacteria; p__Proteobacteria; c__Betaproteobacteria; o__Nitrosomonadales; f__Gallionellaceae; g__Sulfuricella; s__Sulfuricella denitrificans
QBJ78964	d__Bacteria; p__Proteobacteria; c__Betaproteobacteria; o__Neisseriales; f__Chromobacteriaceae; g__Aquitalea; s__Aquitalea sp. USM4
SPK76681	d__Bacteria; p__Proteobacteria; c__Betaproteobacteria; o__Burkholderiales; f__Burkholderiaceae; g__Cupriavidus; s__Cupriavidus taiwanensis
OCK06005	d__Bacteria; p__Proteobacteria; c__Alphaproteobacteria; o__Rhodospirillales; f__Rhodospirillaceae; g__Thalassospira; s__Thalassospira sp. KO164
ENO92958	d__Bacteria; p__Proteobacteria; c__Betaproteobacteria; o__Rhodocyclales; f__Zoogloeaceae; g__Thauera; s__Thauera sp. 28
BAN35921	d__Bacteria; p__Proteobacteria; c__Betaproteobacteria; o__Nitrosomonadales; f__Gallionellaceae; g__Sulfuricella; s__Sulfuricella denitrificans
KSQ84269	d__Bacteria; p__Proteobacteria; c__Gammaproteobacteria; o__Pseudomonadales; f__Pseudomonadaceae; g__Pseudomonas; s__Pseudomonas aeruginosa
BBN88139	d__Bacteria; p__Proteobacteria; c__Betaproteobacteria; o__Rhodocyclales; f__Rhodocyclaceae; g__Azospira; s__Azospira sp. I09
KSL13107	d__Bacteria; p__Proteobacteria; c__Gammaproteobacteria; o__Pseudomonadales; f__Pseudomonadaceae; g__Pseudomonas; s__Pseudomonas aeruginosa
KHL67939	d__Bacteria; p__Proteobacteria; c__Gammaproteobacteria; o__Pseudomonadales; f__Pseudomonadaceae; g__Pseudomonas; s__Pseudomonas flexibilis
KZB51849	d__Bacteria; p__Proteobacteria; c__Alphaproteobacteria; o__Rhodospirillales; f__Rhodospirillaceae; g__Thalassospira; s__Thalassospira xiamenensis
AVR65921	d__Bacteria; p__Proteobacteria; c__Gammaproteobacteria; o__Pseudomonadales; f__Pseudomonadaceae; g__Pseudomonas; s__Pseudomonas aeruginosa
KIQ56161	d__Bacteria; p__Proteobacteria; c__Gammaproteobacteria; o__Pseudomonadales; f__Pseudomonadaceae; g__Pseudomonas; s__Pseudomonas fluorescens
AVZ80738	d__Bacteria; p__Proteobacteria; c__Betaproteobacteria; o__Rhodocyclales; f__Zoogloeaceae
KZK75321	d__Bacteria; p__Proteobacteria; c__Alphaproteobacteria; o__Rhodobacterales; f__Rhodobacteraceae; g__Pseudovibrio; s__Pseudovibrio sp. W64
CEF26826	d__Bacteria; p__Proteobacteria; c__Gammaproteobacteria; o__Pseudomonadales; f__Pseudomonadaceae; g__Pseudomonas; s__Pseudomonas saudimassiliensis
ASC63576	d__Bacteria; p__Proteobacteria; c__Betaproteobacteria; o__Burkholderiales; f__Alcaligenaceae; g__Achromobacter; s__Achromobacter denitrificans
KFB70389	d__Bacteria; p__Proteobacteria; c__Betaproteobacteria
OMG62207	d__Bacteria; p__Proteobacteria; c__Gammaproteobacteria; o__Pseudomonadales; f__Pseudomonadaceae; g__Pseudomonas; s__Pseudomonas balearica
KZL24588	d__Bacteria; p__Proteobacteria; c__Alphaproteobacteria; o__Rhodobacterales; f__Rhodobacteraceae; g__Pseudovibrio; s__Pseudovibrio sp. WM33
ENO87324	d__Bacteria; p__Proteobacteria; c__Betaproteobacteria; o__Rhodocyclales; f__Zoogloeaceae; g__Thauera; s__Thauera aminoaromatica
SQH33886	d__Bacteria; p__Proteobacteria; c__Gammaproteobacteria; o__Pseudomonadales; f__Pseudomonadaceae; g__Pseudomonas; s__Pseudomonas mucidolens
EEG09987	d__Bacteria; p__Proteobacteria; c__Betaproteobacteria; o__Neisseriales; f__Chromobacteriaceae; g__Pseudogulbenkiania; s__Pseudogulbenkiania ferrooxidans
KRD56228	d__Bacteria; p__Proteobacteria; c__Betaproteobacteria; o__Burkholderiales; f__Comamonadaceae; g__Acidovorax; s__Acidovorax sp. Root275
AEI95094	d__Bacteria; p__Proteobacteria; c__Alphaproteobacteria; o__Rhodobacterales; f__Rhodobacteraceae; g__Roseobacter; s__Roseobacter litoralis
KSE49212	d__Bacteria; p__Proteobacteria; c__Gammaproteobacteria; o__Pseudomonadales; f__Pseudomonadaceae; g__Pseudomonas; s__Pseudomonas aeruginosa
KFB69436	d__Bacteria; p__Proteobacteria; c__Betaproteobacteria
AUM00365	d__Bacteria; p__Proteobacteria; c__Betaproteobacteria; o__Rhodocyclales; f__Rhodocyclaceae
ADW22372	d__Bacteria; p__Deinococcus-Thermus; c__Deinococci; o__Thermales; f__Thermaceae; g__Thermus; s__Thermus scotoductus
AMK77596	d__Bacteria; p__Proteobacteria; c__Gammaproteobacteria; o__Methylococcales; f__Methylococcaceae; g__Methylomonas; s__Methylomonas denitrificans
SIR98849	d__Bacteria; p__Proteobacteria; c__Gammaproteobacteria; o__Pseudomonadales; f__Pseudomonadaceae; g__Pseudomonas; s__Pseudomonas sp. A214
EEG09976	d__Bacteria; p__Proteobacteria; c__Betaproteobacteria; o__Neisseriales; f__Chromobacteriaceae; g__Pseudogulbenkiania; s__Pseudogulbenkiania ferrooxidans
OAI01411	d__Bacteria; p__Proteobacteria; c__Gammaproteobacteria; o__Methylococcales; f__Methylococcaceae; g__Methylomonas; s__Methylomonas methanica
EHY75998	d__Bacteria; p__Proteobacteria; c__Gammaproteobacteria; o__Pseudomonadales; f__Pseudomonadaceae; g__Pseudomonas; s__Pseudomonas stutzeri
CUH44971	d__Bacteria; p__Proteobacteria; c__Alphaproteobacteria; o__Rhodobacterales; f__Rhodobacteraceae; g__Ruegeria; s__Ruegeria atlantica
KJE44132	d__Bacteria; p__Proteobacteria; c__Gammaproteobacteria; o__Alteromonadales; f__Colwelliaceae; g__Thalassomonas; s__Thalassomonas viridans
QEO79148	d__Bacteria; p__Proteobacteria; c__Gammaproteobacteria; o__Pseudomonadales; f__Pseudomonadaceae; g__Pseudomonas; s__Pseudomonas brassicacearum
CBL47283	d__Bacteria; p__Proteobacteria; c__Gammaproteobacteria
KMJ53027	d__Bacteria; p__Proteobacteria; c__Betaproteobacteria; o__Neisseriales; f__Chromobacteriaceae; g__Vogesella; s__Vogesella sp. EB
ART53441	d__Bacteria; p__Proteobacteria; c__Betaproteobacteria; o__Burkholderiales; f__Comamonadaceae; g__Acidovorax; s__Acidovorax carolinensis
BBJ05370	d__Bacteria; p__Proteobacteria; c__Gammaproteobacteria; o__Alteromonadales; f__Alteromonadaceae; g__Marinobacter; s__Marinobacter hydrocarbonoclasticus
AQR65550	d__Bacteria; p__Proteobacteria; c__Betaproteobacteria; o__Neisseriales; f__Chromobacteriaceae; g__Aquaspirillum; s__Aquaspirillum sp. LM1
AOZ71060	d__Bacteria; p__Proteobacteria; c__Alphaproteobacteria; o__Rhodobacterales; f__Rhodobacteraceae; g__Rhodobacter; s__Rhodobacter sp. LPB0142
EME71929	d__Bacteria; p__Proteobacteria; c__Alphaproteobacteria; o__Rhodospirillales; f__Rhodospirillaceae; g__Magnetospirillum; s__Magnetospirillum caucaseum
ADB24711	d__Bacteria; p__Proteobacteria; c__Gammaproteobacteria; o__Methylococcales; f__Methylococcaceae; g__Methylomonas; s__Methylomonas sp. 16a
OAJ71923	d__Bacteria; p__Proteobacteria; c__Betaproteobacteria; o__Nitrosomonadales; f__Methylophilaceae; g__Methylobacillus; s__Methylobacillus sp. MM3
CUB07675	d__Bacteria; p__Proteobacteria; c__Hydrogenophilalia; o__Hydrogenophilales; f__Hydrogenophilaceae; g__Tepidiphilus; s__Tepidiphilus thermophilus
BBL83434	d__Bacteria; p__Deinococcus-Thermus; c__Deinococci; o__Thermales; f__Thermaceae; g__Thermus; s__Thermus thermophilus
BAU46942	d__Bacteria; p__Proteobacteria; c__Gammaproteobacteria; o__Acidiferrobacterales; f__Acidiferrobacteraceae; g__Sulfurifustis; s__Sulfurifustis variabilis
CUA82358	d__Bacteria; p__Proteobacteria; c__Betaproteobacteria; o__Neisseriales; f__Chromobacteriaceae; g__Gulbenkiania; s__Gulbenkiania indica
OAI13945	d__Bacteria; p__Proteobacteria; c__Gammaproteobacteria; o__Methylococcales; f__Methylococcaceae; g__Methylomonas; s__Methylomonas koyamae
KGJ22610	d__Bacteria; p__Proteobacteria; c__Alphaproteobacteria; o__Rhodobacterales; f__Rhodobacteraceae; g__Paracoccus; s__Paracoccus sanguinis
ACF98231	d__Bacteria
SCK19395	d__Bacteria; p__Proteobacteria; c__Betaproteobacteria; o__Neisseriales; f__Chromobacteriaceae; g__Vogesella; s__Vogesella sp. LIG4
OAN63210	d__Bacteria; p__Proteobacteria; c__Alphaproteobacteria; o__Rhodospirillales; f__Rhodospirillaceae; g__Magnetospirillum; s__Magnetospirillum moscoviense
AMN47258	d__Bacteria; p__Proteobacteria; c__Gammaproteobacteria; o__Nevskiales; f__Steroidobacteraceae; g__Steroidobacter; s__Steroidobacter denitrificans
BAO45590	d__Bacteria; p__Proteobacteria; c__Gammaproteobacteria
KKT81373	d__Bacteria; p__Candidatus Azambacteria
EGM16965	d__Bacteria; p__Proteobacteria; c__Gammaproteobacteria; o__Pseudomonadales; f__Pseudomonadaceae; g__Pseudomonas; s__Pseudomonas aeruginosa
QEO79158	d__Bacteria; p__Proteobacteria; c__Gammaproteobacteria; o__Pseudomonadales; f__Pseudomonadaceae; g__Pseudomonas; s__Pseudomonas brassicacearum
KXB30633	d__Bacteria; p__Proteobacteria; c__Betaproteobacteria; o__Rhodocyclales; f__Azonexaceae; g__Dechloromonas; s__Dechloromonas denitrificans
KUJ73464	d__Bacteria; p__Proteobacteria; c__Alphaproteobacteria; o__Rhodobacterales; f__Rhodobacteraceae; g__Ruegeria; s__Ruegeria marisrubri
AUM74205	d__Bacteria; p__Proteobacteria; c__Alphaproteobacteria; o__Rhodobacterales; f__Rhodobacteraceae; g__Paracoccus; s__Paracoccus jeotgali
BBD77194	d__Bacteria; p__Proteobacteria; c__Hydrogenophilalia; o__Hydrogenophilales; f__Hydrogenophilaceae; g__Hydrogenophilus; s__Hydrogenophilus thermoluteolus
EKV27607	d__Bacteria; p__Proteobacteria; c__Alphaproteobacteria; o__Rhodospirillales; f__Rhodospirillaceae; g__Caenispirillum; s__Caenispirillum salinarum
AWK88097	d__Bacteria; p__Proteobacteria; c__Alphaproteobacteria; o__Rhodospirillales; f__Rhodospirillaceae; g__Azospirillum; s__Azospirillum sp. CFH 70021
EMS77236	d__Bacteria; p__Proteobacteria; c__Deltaproteobacteria; o__Desulfobacterales; f__Desulfobacteraceae; g__Desulfotignum; s__Desulfotignum phosphitoxidans
BAO45581	d__Bacteria; p__Proteobacteria; c__Gammaproteobacteria
AXH14067	d__Bacteria; p__Proteobacteria; c__Epsilonproteobacteria; o__Campylobacterales; f__Campylobacteraceae; g__Arcobacter; s__Arcobacter mytili
BAV32595	d__Bacteria; p__Proteobacteria; c__Gammaproteobacteria; o__Acidiferrobacterales; f__Acidiferrobacteraceae; g__Sulfuricaulis; s__Sulfuricaulis limicola
CAQ72627	d__Bacteria; p__Proteobacteria; c__Betaproteobacteria; o__Burkholderiales; f__Burkholderiaceae; g__Cupriavidus; s__Cupriavidus taiwanensis
CDI04487	d__Bacteria; p__Proteobacteria; c__Gammaproteobacteria
ASI70448	d__Bacteria; p__Proteobacteria; c__Betaproteobacteria; o__Burkholderiales; f__Comamonadaceae; g__Diaphorobacter; s__Diaphorobacter polyhydroxybutyrativorans
CUW39107	d__Bacteria; p__Proteobacteria; c__Alphaproteobacteria; o__Rhodospirillales; f__Rhodospirillaceae; g__Magnetospirillum; s__Magnetospirillum sp. XM-1
ARJ67400	d__Bacteria; p__Proteobacteria; c__Alphaproteobacteria; o__Rhodospirillales; f__Rhodospirillaceae; g__Magnetospirillum; s__Magnetospirillum sp. ME-1
BBF86351	d__Bacteria; p__Proteobacteria; c__Betaproteobacteria; o__Neisseriales; f__Chromobacteriaceae; g__Aquitalea; s__Aquitalea magnusonii
KPL27728	d__Bacteria; p__Proteobacteria; c__Acidithiobacillia; o__Acidithiobacillales
BAL25825	d__Bacteria; p__Proteobacteria; c__Betaproteobacteria; o__Rhodocyclales; f__Zoogloeaceae; g__Azoarcus; s__Azoarcus sp. KH32C
QBJ78971	d__Bacteria; p__Proteobacteria; c__Betaproteobacteria; o__Neisseriales; f__Chromobacteriaceae; g__Aquitalea; s__Aquitalea sp. USM4
AXY44191	d__Bacteria; p__Proteobacteria; c__Gammaproteobacteria; o__Oceanospirillales; f__Halomonadaceae; g__Halomonas; s__Halomonas sp. JS92-SW72
OAN51123	d__Bacteria; p__Proteobacteria; c__Alphaproteobacteria; o__Rhodospirillales; f__Rhodospirillaceae; g__Magnetospirillum; s__Magnetospirillum marisnigri
AWM60557	d__Bacteria; p__Proteobacteria; c__Gammaproteobacteria; o__Pseudomonadales; f__Pseudomonadaceae; g__Pseudomonas; s__Pseudomonas stutzeri
AWI77543	d__Bacteria; p__Proteobacteria; c__Betaproteobacteria; o__Rhodocyclales; f__Zoogloeaceae; g__Azoarcus; s__Azoarcus communis
KPN61799	d__Bacteria; p__Proteobacteria; c__Alphaproteobacteria; o__Rhodobacterales; f__Rhodobacteraceae; g__Aliiroseovarius; s__Aliiroseovarius crassostreae
EKD59781	d__Bacteria
AWI82135	d__Bacteria; p__Proteobacteria; c__Betaproteobacteria; o__Rhodocyclales; f__Zoogloeaceae; g__Azoarcus; s__Azoarcus communis
KPL89826	d__Bacteria; p__Chloroflexi; c__Anaerolineae; o__Anaerolineales; f__Anaerolineaceae; g__Levilinea; s__Levilinea saccharolytica
BAO30319	d__Bacteria; p__Proteobacteria; c__Betaproteobacteria; o__Nitrosomonadales; f__Sterolibacteriaceae; g__Sulfuritalea; s__Sulfuritalea hydrogenivorans
KPP80937	d__Bacteria; p__Proteobacteria; c__Alphaproteobacteria; o__Rhodobacterales; f__Rhodobacteraceae
AXK48510	d__Bacteria; p__Proteobacteria; c__Epsilonproteobacteria; o__Campylobacterales; f__Campylobacteraceae; g__Arcobacter; s__Arcobacter trophiarum
ACB33718	d__Bacteria; p__Proteobacteria; c__Betaproteobacteria; o__Burkholderiales
ALJ39489	d__Bacteria; p__Proteobacteria; c__Alphaproteobacteria; o__Rhodospirillales; f__Rhodospirillaceae; g__Azospirillum; s__Azospirillum brasilense
KSM40502	d__Bacteria; p__Proteobacteria; c__Gammaproteobacteria; o__Pseudomonadales; f__Pseudomonadaceae; g__Pseudomonas; s__Pseudomonas aeruginosa
OAI16533	d__Bacteria; p__Proteobacteria; c__Gammaproteobacteria; o__Methylococcales; f__Methylococcaceae; g__Methylomonas; s__Methylomonas lenta
AEG02365	d__Bacteria; p__Proteobacteria; c__Gammaproteobacteria; o__Methylococcales; f__Methylococcaceae; g__Methylomonas; s__Methylomonas methanica
EEW26935	d__Bacteria; p__Proteobacteria; c__Alphaproteobacteria; o__Rhodobacterales; f__Rhodobacteraceae; g__Rhodobacter; s__Rhodobacter sp. SW2
AGI25716	d__Bacteria; p__Proteobacteria; c__Gammaproteobacteria; o__Pseudomonadales; f__Pseudomonadaceae; g__Pseudomonas; s__Pseudomonas sp. ATCC 13867
ENO89955	d__Bacteria; p__Proteobacteria; c__Betaproteobacteria; o__Rhodocyclales; f__Zoogloeaceae; g__Thauera; s__Thauera linaloolentis
AXH12663	d__Bacteria; p__Proteobacteria; c__Epsilonproteobacteria; o__Campylobacterales; f__Campylobacteraceae; g__Halarcobacter; s__Halarcobacter bivalviorum
SHM34948	d__Bacteria; p__Proteobacteria; c__Gammaproteobacteria; o__Oceanospirillales; f__Halomonadaceae; g__Halomonas; s__Halomonas subglaciescola
CUK17508	d__Bacteria; p__Proteobacteria; c__Alphaproteobacteria; o__Rhodobacterales; f__Rhodobacteraceae; g__Ruegeria; s__Ruegeria denitrificans
KVW95095	d__Bacteria; p__Proteobacteria; c__Betaproteobacteria; o__Nitrosomonadales; f__Thiobacillaceae; g__Thiobacillus; s__Thiobacillus denitrificans
KKN61732	r__Root
QBP11161	d__Bacteria; p__Proteobacteria; c__Betaproteobacteria; o__Burkholderiales; f__Burkholderiaceae; g__Cupriavidus; s__Cupriavidus metallidurans
ACF98055	d__Bacteria
ABV94905	d__Bacteria; p__Proteobacteria; c__Alphaproteobacteria; o__Rhodobacterales; f__Rhodobacteraceae; g__Dinoroseobacter; s__Dinoroseobacter shibae
CUH47633	d__Bacteria; p__Proteobacteria; c__Alphaproteobacteria; o__Rhodobacterales; f__Rhodobacteraceae; g__Ruegeria; s__Ruegeria atlantica
CUH44981	d__Bacteria; p__Proteobacteria; c__Alphaproteobacteria; o__Rhodobacterales; f__Rhodobacteraceae; g__Ruegeria; s__Ruegeria atlantica
CQR84160	d__Bacteria; p__Proteobacteria; c__Alphaproteobacteria; o__Rhodobacterales; f__Rhodobacteraceae; g__Paracoccus; s__Paracoccus aminovorans
CTQ46759	d__Bacteria; p__Proteobacteria; c__Alphaproteobacteria; o__Rhodobacterales; f__Rhodobacteraceae; g__Labrenzia; s__Labrenzia aggregata
AVO38621	d__Bacteria; p__Proteobacteria; c__Alphaproteobacteria; o__Rhodobacterales; f__Rhodobacteraceae
AEI95086	d__Bacteria; p__Proteobacteria; c__Alphaproteobacteria; o__Rhodobacterales; f__Rhodobacteraceae; g__Roseobacter; s__Roseobacter litoralis
AXI56251	d__Bacteria; p__Proteobacteria; c__Alphaproteobacteria; o__Rhodobacterales; f__Rhodobacteraceae; g__Sulfitobacter; s__Sulfitobacter sp. JL08
AEV36717	d__Bacteria; p__Proteobacteria; c__Alphaproteobacteria; o__Rhodobacterales; f__Rhodobacteraceae; g__Pseudovibrio; s__Pseudovibrio sp. FO-BEG1
SPD55635	d__Bacteria; p__Proteobacteria; c__Betaproteobacteria; o__Burkholderiales; f__Burkholderiaceae; g__Cupriavidus; s__Cupriavidus taiwanensis
EAV41885	d__Bacteria; p__Proteobacteria; c__Alphaproteobacteria; o__Rhodobacterales; f__Rhodobacteraceae; g__Labrenzia; s__Labrenzia aggregata
AXS80606	d__Bacteria; p__Proteobacteria; c__Betaproteobacteria; o__Rhodocyclales; f__Azonexaceae; g__Dechloromonas; s__Dechloromonas sp. HYN0024
AYJ78593	d__Bacteria; p__Proteobacteria; c__Epsilonproteobacteria; o__Campylobacterales; f__Campylobacteraceae; g__Arcobacter; s__Arcobacter cryaerophilus
QBC28967	d__Bacteria; p__Proteobacteria; c__Gammaproteobacteria; o__Methylococcales; f__Methylococcaceae; g__Methylomonas; s__Methylomonas sp. LW13
EME71943	d__Bacteria; p__Proteobacteria; c__Alphaproteobacteria; o__Rhodospirillales; f__Rhodospirillaceae; g__Magnetospirillum; s__Magnetospirillum caucaseum
BAM92780	d__Bacteria; p__Proteobacteria; c__Alphaproteobacteria; o__Rhizobiales; f__Bradyrhizobiaceae; g__Bradyrhizobium; s__Bradyrhizobium oligotrophicum
CCK76401	d__Bacteria; p__Proteobacteria; c__Gammaproteobacteria; o__Oceanospirillales; f__Oceanospirillaceae; g__Oleispira; s__Oleispira antarctica
AZG13144	d__Bacteria; p__Proteobacteria; c__Betaproteobacteria; o__Burkholderiales; f__Burkholderiaceae; g__Cupriavidus; s__Cupriavidus pauculus
QCB48666	d__Bacteria; p__Proteobacteria; c__Betaproteobacteria; o__Burkholderiales; f__Comamonadaceae; g__Hydrogenophaga; s__Hydrogenophaga sp. PAMC20947
CUI35546	d__Bacteria; p__Proteobacteria; c__Betaproteobacteria; o__Burkholderiales; f__Alcaligenaceae; g__Achromobacter; s__Achromobacter sp. 2789STDY5608625
AXP03039	d__Bacteria; p__Proteobacteria; c__Gammaproteobacteria; o__Pseudomonadales; f__Pseudomonadaceae; g__Pseudomonas; s__Pseudomonas fluorescens
AKH20464	d__Bacteria; p__Proteobacteria; c__Gammaproteobacteria
QDX81186	d__Bacteria; p__Proteobacteria; c__Betaproteobacteria; o__Nitrosomonadales; f__Sterolibacteriaceae; g__Denitratisoma; s__Denitratisoma sp. DHT3
ERS82911	d__Bacteria; p__Proteobacteria; c__Gammaproteobacteria; o__Oceanospirillales; f__Halomonadaceae; g__Halomonas; s__Halomonas sp. PBN3
QCO56319	d__Bacteria; p__Proteobacteria; c__Alphaproteobacteria; o__Rhodobacterales; f__Rhodobacteraceae; g__Pseudorhodobacter; s__Pseudorhodobacter sp. S12M18
AXT29043	d__Bacteria; p__Proteobacteria; c__Alphaproteobacteria; o__Rhodobacterales; f__Rhodobacteraceae; g__Ruegeria; s__Ruegeria sp. AD91A
AAZ96023	d__Bacteria; p__Proteobacteria; c__Betaproteobacteria; o__Nitrosomonadales; f__Thiobacillaceae; g__Thiobacillus; s__Thiobacillus denitrificans
QDZ28973	d__Bacteria; p__Proteobacteria; c__Betaproteobacteria; o__Burkholderiales; f__Oxalobacteraceae; g__Noviherbaspirillum; s__Noviherbaspirillum sp. UKPF54
ADZ69001	d__Bacteria; p__Proteobacteria; c__Alphaproteobacteria
AXX99396	d__Bacteria; p__Proteobacteria; c__Alphaproteobacteria; o__Rhodobacterales; f__Rhodobacteraceae
QEA40548	d__Bacteria; p__Proteobacteria; c__Gammaproteobacteria; o__Oceanospirillales; f__Halomonadaceae; g__Pistricoccus; s__Pistricoccus aurantiacus
KUE88587	d__Bacteria; p__Proteobacteria; c__Betaproteobacteria; o__Burkholderiales; f__Burkholderiaceae; g__Cupriavidus; s__Cupriavidus necator
KSR41551	d__Bacteria; p__Proteobacteria; c__Gammaproteobacteria; o__Pseudomonadales; f__Pseudomonadaceae; g__Pseudomonas; s__Pseudomonas aeruginosa
AZC18171	d__Bacteria; p__Proteobacteria; c__Gammaproteobacteria; o__Pseudomonadales; f__Pseudomonadaceae; g__Pseudomonas; s__Pseudomonas sp. CMR5c
AUM12674	d__Bacteria; p__Proteobacteria; c__Gammaproteobacteria; o__Oceanospirillales; f__Alcanivoracaceae; g__Ketobacter; s__Ketobacter alkanivorans
KTC36409	d__Bacteria; p__Proteobacteria; c__Gammaproteobacteria; o__Pseudomonadales; f__Pseudomonadaceae; g__Pseudomonas; s__Pseudomonas sp. ABAC61
KWR89631	d__Bacteria; p__Proteobacteria; c__Betaproteobacteria; o__Burkholderiales; f__Burkholderiaceae; g__Cupriavidus; s__Cupriavidus sp. IDO
QDV95203	d__Bacteria; p__Proteobacteria; c__Gammaproteobacteria; o__Pseudomonadales; f__Pseudomonadaceae; g__Pseudomonas; s__Pseudomonas sp. ATCC 43928
EZQ17973	d__Bacteria; p__Proteobacteria; c__Gammaproteobacteria; o__Pseudomonadales; f__Pseudomonadaceae; g__Pseudomonas; s__Pseudomonas bauzanensis
AZC24536	d__Bacteria; p__Proteobacteria; c__Gammaproteobacteria; o__Pseudomonadales; f__Pseudomonadaceae; g__Pseudomonas; s__Pseudomonas sp. CMR12a
AKV08871	d__Bacteria; p__Proteobacteria; c__Gammaproteobacteria; o__Pseudomonadales; f__Pseudomonadaceae; g__Pseudomonas; s__Pseudomonas fluorescens
AXY44197	d__Bacteria; p__Proteobacteria; c__Gammaproteobacteria; o__Oceanospirillales; f__Halomonadaceae; g__Halomonas; s__Halomonas sp. JS92-SW72
EKM97425	d__Bacteria; p__Proteobacteria; c__Gammaproteobacteria; o__Pseudomonadales; f__Pseudomonadaceae; g__Pseudomonas; s__Pseudomonas sp. Chol1
QEZ45116	d__Bacteria; p__Proteobacteria; c__Betaproteobacteria; o__Burkholderiales; f__Burkholderiaceae; g__Cupriavidus; s__Cupriavidus oxalaticus
OAJ47339	d__Bacteria; p__Proteobacteria; c__Gammaproteobacteria; o__Pseudomonadales; f__Pseudomonadaceae; g__Pseudomonas; s__Pseudomonas marginalis
AYG08326	d__Bacteria; p__Proteobacteria; c__Gammaproteobacteria; o__Pseudomonadales; f__Pseudomonadaceae; g__Pseudomonas; s__Pseudomonas fluorescens
KSB94693	d__Bacteria; p__Proteobacteria; c__Gammaproteobacteria; o__Pseudomonadales; f__Pseudomonadaceae; g__Pseudomonas; s__Pseudomonas aeruginosa
EKZ97931	d__Bacteria; p__Proteobacteria; c__Betaproteobacteria; o__Burkholderiales; f__Burkholderiaceae; g__Cupriavidus; s__Cupriavidus sp. HMR-1
CAP44413	d__Bacteria; p__Proteobacteria; c__Betaproteobacteria; o__Burkholderiales; f__Alcaligenaceae; g__Bordetella; s__Bordetella petrii
ABF10041	d__Bacteria; p__Proteobacteria; c__Betaproteobacteria; o__Burkholderiales; f__Burkholderiaceae; g__Cupriavidus; s__Cupriavidus metallidurans
KSD31173	d__Bacteria; p__Proteobacteria; c__Gammaproteobacteria; o__Pseudomonadales; f__Pseudomonadaceae; g__Pseudomonas; s__Pseudomonas aeruginosa
QBZ89575	d__Bacteria; p__Proteobacteria; c__Gammaproteobacteria; o__Pseudomonadales; f__Pseudomonadaceae; g__Pseudomonas; s__Pseudomonas sp. 11K1
ANJ56630	d__Bacteria; p__Proteobacteria; c__Gammaproteobacteria; o__Pseudomonadales; f__Pseudomonadaceae; g__Pseudomonas; s__Pseudomonas silesiensis
CEG55179	d__Bacteria; p__Proteobacteria; c__Gammaproteobacteria; o__Pseudomonadales; f__Pseudomonadaceae; g__Pseudomonas; s__Pseudomonas xanthomarina
EUB74382	r__Root
KDD65263	d__Bacteria; p__Proteobacteria; c__Gammaproteobacteria; o__Pseudomonadales; f__Pseudomonadaceae; g__Pseudomonas; s__Pseudomonas mandelii
KQV22509	d__Bacteria; p__Proteobacteria; c__Gammaproteobacteria; o__Pseudomonadales; f__Pseudomonadaceae; g__Pseudomonas; s__Pseudomonas sp. Root329
AXS85243	d__Bacteria; p__Proteobacteria; c__Gammaproteobacteria; o__Alteromonadales; f__Alteromonadaceae; g__Marinobacter; s__Marinobacter sp. Arc7-DN-1
EJN18870	d__Bacteria; p__Proteobacteria; c__Gammaproteobacteria; o__Pseudomonadales; f__Pseudomonadaceae; g__Pseudomonas; s__Pseudomonas sp. GM79
CRL52218	d__Bacteria; p__Proteobacteria; c__Gammaproteobacteria; o__Pseudomonadales; f__Pseudomonadaceae; g__Pseudomonas; s__Pseudomonas sp. URMO17WK12:I11
SOB77980	d__Bacteria; p__Proteobacteria; c__Gammaproteobacteria; o__Alteromonadales; f__Alteromonadaceae; g__Marinobacter; s__Marinobacter sp. LV10R510-11A
ALI03595	d__Bacteria; p__Proteobacteria; c__Gammaproteobacteria; o__Pseudomonadales; f__Pseudomonadaceae; g__Pseudomonas; s__Pseudomonas fluorescens
QAY93755	d__Bacteria; p__Proteobacteria; c__Gammaproteobacteria; o__Pseudomonadales; f__Pseudomonadaceae; g__Pseudomonas; s__Pseudomonas sp. ACM7
ANI59926	d__Bacteria; p__Proteobacteria; c__Gammaproteobacteria; o__Pseudomonadales; f__Pseudomonadaceae; g__Pseudomonas; s__Pseudomonas sp. GR 6-02
AWF67230	d__Bacteria; p__Proteobacteria; c__Gammaproteobacteria; o__Pseudomonadales; f__Pseudomonadaceae; g__Pseudomonas; s__Pseudomonas aeruginosa
SIT30416	d__Bacteria; p__Proteobacteria; c__Alphaproteobacteria; o__Rhodospirillales; f__Rhodospirillaceae; g__Thalassospira; s__Thalassospira xiamenensis
SDU66095	d__Bacteria; p__Proteobacteria; c__Gammaproteobacteria; o__Pseudomonadales; f__Pseudomonadaceae; g__Pseudomonas; s__Pseudomonas mandelii
APV42918	d__Bacteria; p__Proteobacteria; c__Gammaproteobacteria; o__Pseudomonadales; f__Pseudomonadaceae; g__Pseudomonas; s__Pseudomonas frederiksbergensis
ANF25888	d__Bacteria; p__Proteobacteria; c__Gammaproteobacteria; o__Pseudomonadales; f__Pseudomonadaceae; g__Pseudomonas; s__Pseudomonas stutzeri
KNH28436	d__Bacteria; p__Proteobacteria; c__Gammaproteobacteria; o__Pseudomonadales; f__Pseudomonadaceae; g__Pseudomonas; s__Pseudomonas syringae
KZN21026	d__Bacteria; p__Proteobacteria; c__Gammaproteobacteria; o__Pseudomonadales; f__Pseudomonadaceae; g__Pseudomonas; s__Pseudomonas fluorescens
SEH67250	d__Bacteria; p__Proteobacteria; c__Gammaproteobacteria; o__Pseudomonadales; f__Pseudomonadaceae; g__Pseudomonas; s__Pseudomonas xanthomarina
OCW19211	d__Bacteria; p__Proteobacteria; c__Gammaproteobacteria; o__Pseudomonadales; f__Pseudomonadaceae; g__Pseudomonas; s__Pseudomonas sp. S3E12
AND67205	d__Bacteria
AFO56527	d__Archaea; p__Euryarchaeota; c__Halobacteria; o__Natrialbales; f__Natrialbaceae; g__Natrinema; s__Natrinema sp. J7-2
ELY86354	d__Archaea; p__Euryarchaeota; c__Halobacteria; o__Natrialbales; f__Natrialbaceae; g__Natrinema; s__Natrinema altunense
SBW80405	d__Bacteria; p__Proteobacteria; c__Gammaproteobacteria; o__Pseudomonadales; f__Pseudomonadaceae; g__Pseudomonas; s__Pseudomonas veronii
ELY82942	d__Archaea; p__Euryarchaeota; c__Halobacteria; o__Natrialbales; f__Natrialbaceae; g__Natrinema; s__Natrinema gari
AMN46954	d__Bacteria; p__Proteobacteria; c__Gammaproteobacteria; o__Nevskiales; f__Steroidobacteraceae; g__Steroidobacter; s__Steroidobacter denitrificans
ABI96831	d__Bacteria; p__Proteobacteria; c__Betaproteobacteria; o__Burkholderiales; f__Comamonadaceae; g__Brachymonas; s__Brachymonas denitrificans
AND67185	d__Bacteria
AND67203	d__Bacteria
ABI96832	d__Bacteria; p__Proteobacteria; c__Betaproteobacteria; o__Burkholderiales; f__Comamonadaceae; g__Comamonas; s__Comamonas denitrificans
EXF45409	d__Bacteria; p__Proteobacteria; c__Gammaproteobacteria; o__Pseudomonadales; f__Pseudomonadaceae; g__Pseudomonas; s__Pseudomonas sp. BAY1663
QDX81191	d__Bacteria; p__Proteobacteria; c__Betaproteobacteria; o__Nitrosomonadales; f__Sterolibacteriaceae; g__Denitratisoma; s__Denitratisoma sp. DHT3
KTC33593	d__Bacteria; p__Proteobacteria; c__Gammaproteobacteria; o__Pseudomonadales; f__Pseudomonadaceae; g__Pseudomonas; s__Pseudomonas sp. ABAC61
BAK76247	d__Bacteria; p__Proteobacteria; c__Betaproteobacteria; o__Neisseriales; f__Chromobacteriaceae; g__Pseudogulbenkiania; s__Pseudogulbenkiania sp. NH8B
KZK94632	d__Bacteria; p__Proteobacteria; c__Alphaproteobacteria; o__Rhodobacterales; f__Rhodobacteraceae; g__Pseudovibrio; s__Pseudovibrio sp. Ad46
KYK97978	d__Bacteria; p__Proteobacteria; c__Deltaproteobacteria
ELZ09827	d__Archaea; p__Euryarchaeota; c__Halobacteria; o__Natrialbales; f__Natrialbaceae; g__Haloterrigena; s__Haloterrigena thermotolerans
QCC60445	d__Archaea; p__Euryarchaeota; c__Halobacteria; o__Natrialbales; f__Natrialbaceae; g__Haloterrigena; s__Haloterrigena jeotgali
KZB68959	d__Bacteria; p__Proteobacteria; c__Alphaproteobacteria; o__Rhodospirillales; f__Rhodospirillaceae; g__Thalassospira; s__Thalassospira lucentensis
AAZ25910	d__Bacteria; p__Proteobacteria; c__Gammaproteobacteria; o__Alteromonadales; f__Colwelliaceae; g__Colwellia; s__Colwellia psychrerythraea
KTB66773	d__Bacteria; p__Proteobacteria; c__Gammaproteobacteria; o__Pseudomonadales; f__Pseudomonadaceae; g__Pseudomonas; s__Pseudomonas fluorescens
QDH65978	d__Bacteria; p__Proteobacteria; c__Gammaproteobacteria; o__Pseudomonadales; f__Pseudomonadaceae; g__Pseudomonas; s__Pseudomonas azotoformans
SDS90697	d__Bacteria; p__Proteobacteria; c__Gammaproteobacteria; o__Pseudomonadales; f__Pseudomonadaceae; g__Pseudomonas; s__Pseudomonas cedrina
KMT52719	d__Bacteria; p__Proteobacteria; c__Gammaproteobacteria; o__Pseudomonadales; f__Pseudomonadaceae; g__Pseudomonas; s__Pseudomonas sp. KG01
SDV01149	d__Bacteria; p__Proteobacteria; c__Gammaproteobacteria; o__Pseudomonadales; f__Pseudomonadaceae; g__Pseudomonas; s__Pseudomonas rhodesiae
KRP79626	d__Bacteria; p__Proteobacteria; c__Gammaproteobacteria; o__Pseudomonadales; f__Pseudomonadaceae; g__Pseudomonas; s__Pseudomonas veronii
SDN34109	d__Bacteria; p__Proteobacteria; c__Gammaproteobacteria; o__Pseudomonadales; f__Pseudomonadaceae; g__Pseudomonas; s__Pseudomonas azotoformans
KRW95061	d__Bacteria; p__Proteobacteria; c__Alphaproteobacteria; o__Rhodobacterales; f__Rhodobacteraceae; g__Paracoccus; s__Paracoccus sp. MKU1
QDG55477	d__Bacteria; p__Proteobacteria; c__Gammaproteobacteria; o__Pseudomonadales; f__Pseudomonadaceae; g__Pseudomonas; s__Pseudomonas sp. NIBRBAC000502773
QFG36873	d__Bacteria; p__Proteobacteria; c__Alphaproteobacteria; o__Rhodobacterales; f__Rhodobacteraceae; g__Paracoccus; s__Paracoccus pantotrophus
KUI91603	d__Bacteria; p__Proteobacteria; c__Gammaproteobacteria; o__Pseudomonadales; f__Pseudomonadaceae; g__Pseudomonas; s__Pseudomonas aeruginosa
KON82278	d__Bacteria; p__Proteobacteria; c__Betaproteobacteria; o__Rhodocyclales; f__Zoogloeaceae; g__Azoarcus; s__Azoarcus sp. PA01
AND67204	d__Bacteria
AND67184	d__Bacteria
KYK97984	d__Bacteria; p__Proteobacteria; c__Deltaproteobacteria
AZG15288	d__Bacteria; p__Proteobacteria; c__Betaproteobacteria; o__Burkholderiales; f__Burkholderiaceae; g__Cupriavidus; s__Cupriavidus pauculus
AXA59138	d__Bacteria; p__Proteobacteria; c__Gammaproteobacteria; o__Pseudomonadales; f__Pseudomonadaceae; g__Pseudomonas; s__Pseudomonas thivervalensis
KDN99100	d__Bacteria; p__Proteobacteria; c__Gammaproteobacteria; o__Pseudomonadales; f__Pseudomonadaceae; g__Pseudomonas; s__Pseudomonas donghuensis
AVO43176	d__Bacteria; p__Proteobacteria; c__Betaproteobacteria; o__Burkholderiales; f__Comamonadaceae; g__Simplicispira; s__Simplicispira suum
BAN69457	d__Bacteria; p__Proteobacteria; c__Gammaproteobacteria
ABM20206	d__Bacteria; p__Proteobacteria; c__Gammaproteobacteria; o__Alteromonadales; f__Alteromonadaceae; g__Marinobacter; s__Marinobacter hydrocarbonoclasticus
KXS52413	d__Bacteria; p__Proteobacteria; c__Gammaproteobacteria; o__Alteromonadales; f__Alteromonadaceae; g__Marinobacter; s__Marinobacter sp. T13-3
ERS85874	d__Bacteria; p__Proteobacteria; c__Gammaproteobacteria; o__Alteromonadales; f__Alteromonadaceae; g__Marinobacter; s__Marinobacter sp. EVN1
KRW81610	d__Bacteria; p__Proteobacteria; c__Gammaproteobacteria; o__Alteromonadales; f__Alteromonadaceae; g__Marinobacter; s__Marinobacter sp. P4B1
KRW67815	d__Bacteria; p__Proteobacteria; c__Gammaproteobacteria; o__Pseudomonadales; f__Pseudomonadaceae; g__Pseudomonas; s__Pseudomonas sp. TTU2014-066ASC
KRW68908	d__Bacteria; p__Proteobacteria; c__Gammaproteobacteria; o__Pseudomonadales; f__Pseudomonadaceae; g__Pseudomonas; s__Pseudomonas sp. TTU2014-096BSC
OCX24681	d__Bacteria; p__Proteobacteria; c__Gammaproteobacteria; o__Pseudomonadales; f__Pseudomonadaceae; g__Pseudomonas; s__Pseudomonas xanthomarina
QBP11158	d__Bacteria; p__Proteobacteria; c__Betaproteobacteria; o__Burkholderiales; f__Burkholderiaceae; g__Cupriavidus; s__Cupriavidus metallidurans
AFN76712	d__Bacteria; p__Proteobacteria; c__Gammaproteobacteria; o__Pseudomonadales; f__Pseudomonadaceae; g__Pseudomonas; s__Pseudomonas stutzeri
AGA33315	d__Bacteria; p__Proteobacteria; c__Gammaproteobacteria; o__Chromatiales; f__Ectothiorhodospiraceae; g__Thioalkalivibrio; s__Thioalkalivibrio nitratireducens
AAZ64366	d__Bacteria; p__Proteobacteria; c__Betaproteobacteria; o__Burkholderiales; f__Burkholderiaceae; g__Cupriavidus; s__Cupriavidus pinatubonensis
CCG96534	d__Bacteria; p__Proteobacteria; c__Gammaproteobacteria; o__Alteromonadales; f__Alteromonadaceae; g__Marinobacter; s__Marinobacter hydrocarbonoclasticus
KPK11656	d__Bacteria; p__Proteobacteria; c__Acidithiobacillia; o__Acidithiobacillales
AAV97362	d__Bacteria; p__Proteobacteria; c__Alphaproteobacteria; o__Rhodobacterales; f__Rhodobacteraceae; g__Ruegeria; s__Ruegeria pomeroyi
KEF31759	d__Bacteria; p__Proteobacteria; c__Gammaproteobacteria; o__Alteromonadales; f__Alteromonadaceae; g__Marinobacter; s__Marinobacter nitratireducens
QBM15960	d__Bacteria; p__Proteobacteria; c__Gammaproteobacteria; o__Alteromonadales; f__Alteromonadaceae; g__Marinobacter; s__Marinobacter sp. JH2
AEV35407	d__Bacteria; p__Proteobacteria; c__Alphaproteobacteria; o__Rhodobacterales; f__Rhodobacteraceae; g__Pseudovibrio; s__Pseudovibrio sp. FO-BEG1
ERS90929	d__Bacteria; p__Proteobacteria; c__Gammaproteobacteria; o__Alteromonadales; f__Alteromonadaceae; g__Marinobacter; s__Marinobacter sp. C1S70
OCX24666	d__Bacteria; p__Proteobacteria; c__Gammaproteobacteria; o__Pseudomonadales; f__Pseudomonadaceae; g__Pseudomonas; s__Pseudomonas xanthomarina
ERS00538	d__Bacteria; p__Proteobacteria; c__Gammaproteobacteria; o__Alteromonadales; f__Alteromonadaceae; g__Marinobacter; s__Marinobacter sp. EN3
BAZ92872	d__Bacteria; p__Proteobacteria; c__Gammaproteobacteria; o__Chromatiales
KZL24591	d__Bacteria; p__Proteobacteria; c__Alphaproteobacteria; o__Rhodobacterales; f__Rhodobacteraceae; g__Pseudovibrio; s__Pseudovibrio sp. WM33
AMD00780	d__Bacteria; p__Proteobacteria; c__Gammaproteobacteria; o__Oceanospirillales; f__Halomonadaceae; g__Halomonas; s__Halomonas chromatireducens
EWG98640	d__Bacteria; p__Proteobacteria; c__Gammaproteobacteria; o__Oceanospirillales; f__Halomonadaceae; g__Halomonas; s__Halomonas sp. BC04
KZL05168	d__Bacteria; p__Proteobacteria; c__Alphaproteobacteria; o__Rhodobacterales; f__Rhodobacteraceae; g__Pseudovibrio; s__Pseudovibrio axinellae
QDG79337	d__Bacteria; p__Proteobacteria; c__Alphaproteobacteria; o__Rhodobacterales; f__Rhodobacteraceae; g__Labrenzia; s__Labrenzia sp. PHM005
ASJ24362	d__Bacteria; p__Proteobacteria; c__Betaproteobacteria; o__Neisseriales; f__Chromobacteriaceae; g__Laribacter; s__Laribacter hongkongensis
KZL28458	d__Bacteria; p__Proteobacteria; c__Alphaproteobacteria; o__Rhodobacterales; f__Rhodobacteraceae; g__Pseudovibrio; s__Pseudovibrio sp. Ad37
CTQ53616	d__Bacteria; p__Proteobacteria; c__Alphaproteobacteria; o__Rhodobacterales; f__Rhodobacteraceae; g__Labrenzia; s__Labrenzia alba
AVM77245	d__Bacteria; p__Proteobacteria; c__Alphaproteobacteria; o__Rhodospirillales; f__Rhodospirillaceae; g__Magnetospirillum; s__Magnetospirillum gryphiswaldense
KRW65877	d__Bacteria; p__Proteobacteria; c__Gammaproteobacteria; o__Pseudomonadales; f__Pseudomonadaceae; g__Pseudomonas; s__Pseudomonas sp. TTU2014-105ASC
OCX95844	d__Bacteria; p__Proteobacteria; c__Gammaproteobacteria; o__Pseudomonadales; f__Pseudomonadaceae; g__Pseudomonas; s__Pseudomonas sp. K35
CJL49046	d__Bacteria; p__Firmicutes; c__Bacilli; o__Lactobacillales; f__Streptococcaceae; g__Streptococcus; s__Streptococcus pneumoniae
AHY41587	d__Bacteria; p__Proteobacteria; c__Gammaproteobacteria; o__Pseudomonadales; f__Pseudomonadaceae; g__Pseudomonas; s__Pseudomonas stutzeri
EIK54330	d__Bacteria; p__Proteobacteria; c__Gammaproteobacteria; o__Pseudomonadales; f__Pseudomonadaceae; g__Pseudomonas; s__Pseudomonas stutzeri
KKJ94558	d__Bacteria; p__Proteobacteria; c__Gammaproteobacteria; o__Pseudomonadales; f__Pseudomonadaceae; g__Pseudomonas; s__Pseudomonas stutzeri
EME01601	d__Bacteria; p__Proteobacteria; c__Gammaproteobacteria; o__Pseudomonadales; f__Pseudomonadaceae; g__Pseudomonas; s__Pseudomonas stutzeri
AFM32005	d__Bacteria; p__Proteobacteria; c__Gammaproteobacteria; o__Pseudomonadales; f__Pseudomonadaceae; g__Pseudomonas; s__Pseudomonas stutzeri
EWC39369	d__Bacteria; p__Proteobacteria; c__Gammaproteobacteria; o__Pseudomonadales; f__Pseudomonadaceae; g__Pseudomonas; s__Pseudomonas stutzeri
ABC31128	d__Bacteria; p__Proteobacteria; c__Gammaproteobacteria; o__Oceanospirillales; f__Hahellaceae; g__Hahella; s__Hahella chejuensis
ASI68082	d__Bacteria; p__Proteobacteria; c__Betaproteobacteria; o__Burkholderiales; f__Comamonadaceae; g__Diaphorobacter; s__Diaphorobacter polyhydroxybutyrativorans
KIQ57414	d__Bacteria; p__Proteobacteria; c__Gammaproteobacteria; o__Pseudomonadales; f__Pseudomonadaceae; g__Pseudomonas; s__Pseudomonas fluorescens
ALI09941	d__Bacteria; p__Proteobacteria; c__Gammaproteobacteria; o__Pseudomonadales; f__Pseudomonadaceae; g__Pseudomonas; s__Pseudomonas fluorescens
AMZ70195	d__Bacteria; p__Proteobacteria; c__Gammaproteobacteria; o__Pseudomonadales; f__Pseudomonadaceae; g__Pseudomonas; s__Pseudomonas fluorescens
AUM69825	d__Bacteria; p__Proteobacteria; c__Gammaproteobacteria; o__Pseudomonadales; f__Pseudomonadaceae; g__Pseudomonas; s__Pseudomonas fluorescens
AVY93996	d__Bacteria; p__Proteobacteria; c__Betaproteobacteria; o__Neisseriales; f__Chromobacteriaceae; g__Microvirgula; s__Microvirgula aerodenitrificans
CAQ72634	d__Bacteria; p__Proteobacteria; c__Betaproteobacteria; o__Burkholderiales; f__Burkholderiaceae; g__Cupriavidus; s__Cupriavidus taiwanensis
AGW94848	d__Bacteria; p__Proteobacteria; c__Betaproteobacteria; o__Burkholderiales; f__Burkholderiaceae; g__Ralstonia; s__Ralstonia pickettii
EPX78556	d__Bacteria; p__Proteobacteria; c__Alphaproteobacteria; o__Rhodobacterales; f__Rhodobacteraceae; g__Litoreibacter; s__Litoreibacter arenae
AHZ73469	d__Bacteria; p__Proteobacteria; c__Gammaproteobacteria; o__Pseudomonadales; f__Pseudomonadaceae; g__Pseudomonas; s__Pseudomonas mandelii
KHK64811	d__Bacteria; p__Proteobacteria; c__Gammaproteobacteria; o__Pseudomonadales; f__Pseudomonadaceae; g__Pseudomonas; s__Pseudomonas frederiksbergensis
KRT56794	d__Bacteria; p__Proteobacteria; c__Gammaproteobacteria
AHL33752	d__Bacteria; p__Proteobacteria; c__Gammaproteobacteria; o__Pseudomonadales; f__Pseudomonadaceae; g__Pseudomonas; s__Pseudomonas brassicacearum
AHZ67546	d__Bacteria; p__Proteobacteria; c__Gammaproteobacteria; o__Pseudomonadales; f__Pseudomonadaceae; g__Pseudomonas; s__Pseudomonas mandelii
EQM73596	d__Bacteria; p__Proteobacteria; c__Gammaproteobacteria; o__Pseudomonadales; f__Pseudomonadaceae; g__Pseudomonas; s__Pseudomonas stutzeri
AXP03029	d__Bacteria; p__Proteobacteria; c__Gammaproteobacteria; o__Pseudomonadales; f__Pseudomonadaceae; g__Pseudomonas; s__Pseudomonas fluorescens
EJL04176	d__Bacteria; p__Proteobacteria; c__Gammaproteobacteria; o__Pseudomonadales; f__Pseudomonadaceae; g__Pseudomonas; s__Pseudomonas fluorescens
SDU54904	d__Bacteria; p__Proteobacteria; c__Gammaproteobacteria; o__Pseudomonadales; f__Pseudomonadaceae; g__Pseudomonas; s__Pseudomonas mediterranea
SIS25166	d__Bacteria; p__Proteobacteria; c__Gammaproteobacteria; o__Pseudomonadales; f__Pseudomonadaceae; g__Pseudomonas; s__Pseudomonas sp. 7SR1
AKJ99894	d__Bacteria; p__Proteobacteria; c__Gammaproteobacteria; o__Pseudomonadales; f__Pseudomonadaceae; g__Pseudomonas; s__Pseudomonas chlororaphis
SCB26635	d__Bacteria; p__Proteobacteria; c__Betaproteobacteria; o__Burkholderiales; f__Burkholderiaceae; g__Cupriavidus; s__Cupriavidus alkaliphilus
SPA43561	d__Bacteria; p__Proteobacteria; c__Betaproteobacteria; o__Burkholderiales; f__Burkholderiaceae; g__Cupriavidus; s__Cupriavidus taiwanensis
KSP92525	d__Bacteria; p__Proteobacteria; c__Gammaproteobacteria; o__Pseudomonadales; f__Pseudomonadaceae; g__Pseudomonas; s__Pseudomonas aeruginosa
AXA59128	d__Bacteria; p__Proteobacteria; c__Gammaproteobacteria; o__Pseudomonadales; f__Pseudomonadaceae; g__Pseudomonas; s__Pseudomonas thivervalensis
AEA85495	d__Bacteria; p__Proteobacteria; c__Gammaproteobacteria; o__Pseudomonadales; f__Pseudomonadaceae; g__Pseudomonas; s__Pseudomonas stutzeri
VEF14545	d__Bacteria; p__Proteobacteria; c__Gammaproteobacteria; o__Pseudomonadales; f__Pseudomonadaceae; g__Pseudomonas; s__Pseudomonas stutzeri
AVX14570	d__Bacteria; p__Proteobacteria; c__Gammaproteobacteria; o__Pseudomonadales; f__Pseudomonadaceae; g__Pseudomonas; s__Pseudomonas stutzeri
KOR10811	d__Bacteria; p__Proteobacteria; c__Gammaproteobacteria; o__Pseudomonadales; f__Pseudomonadaceae; g__Pseudomonas; s__Pseudomonas stutzeri
KUO58532	d__Bacteria; p__Proteobacteria; c__Alphaproteobacteria
QEY60031	r__Root
AWM60551	d__Bacteria; p__Proteobacteria; c__Gammaproteobacteria; o__Pseudomonadales; f__Pseudomonadaceae; g__Pseudomonas; s__Pseudomonas stutzeri
SPA55506	d__Bacteria; p__Proteobacteria; c__Betaproteobacteria; o__Burkholderiales; f__Burkholderiaceae; g__Cupriavidus; s__Cupriavidus taiwanensis
EYS87967	d__Bacteria; p__Proteobacteria; c__Betaproteobacteria; o__Burkholderiales; f__Burkholderiaceae; g__Cupriavidus; s__Cupriavidus sp. SK-4
SPD58856	d__Bacteria; p__Proteobacteria; c__Betaproteobacteria; o__Burkholderiales; f__Burkholderiaceae; g__Cupriavidus; s__Cupriavidus taiwanensis
EKZ97238	d__Bacteria; p__Proteobacteria; c__Betaproteobacteria; o__Burkholderiales; f__Burkholderiaceae; g__Cupriavidus; s__Cupriavidus sp. HMR-1
AEI81201	d__Bacteria; p__Proteobacteria; c__Betaproteobacteria; o__Burkholderiales; f__Burkholderiaceae; g__Cupriavidus; s__Cupriavidus necator
QBY50528	d__Bacteria; p__Proteobacteria; c__Betaproteobacteria; o__Burkholderiales; f__Burkholderiaceae; g__Cupriavidus; s__Cupriavidus oxalaticus
EPJ80251	d__Bacteria; p__Proteobacteria; c__Gammaproteobacteria; o__Pseudomonadales; f__Pseudomonadaceae; g__Pseudomonas; s__Pseudomonas sp. CFII64
APE32512	d__Bacteria; p__Proteobacteria; c__Gammaproteobacteria; o__Oceanospirillales; f__Halomonadaceae; g__Halomonas; s__Halomonas aestuarii
SPD68802	d__Bacteria; p__Proteobacteria; c__Betaproteobacteria; o__Burkholderiales; f__Burkholderiaceae; g__Cupriavidus; s__Cupriavidus taiwanensis
AMR81893	d__Bacteria; p__Proteobacteria; c__Betaproteobacteria; o__Burkholderiales; f__Burkholderiaceae; g__Cupriavidus; s__Cupriavidus nantongensis
QEA41000	d__Bacteria; p__Proteobacteria; c__Gammaproteobacteria; o__Oceanospirillales; f__Halomonadaceae; g__Pistricoccus; s__Pistricoccus aurantiacus
APW64796	d__Bacteria; p__Proteobacteria; c__Epsilonproteobacteria; o__Campylobacterales; f__Campylobacteraceae
EZQ19309	d__Bacteria; p__Proteobacteria; c__Gammaproteobacteria; o__Pseudomonadales; f__Pseudomonadaceae; g__Pseudomonas; s__Pseudomonas bauzanensis
KPL55974	d__Bacteria; p__Proteobacteria; c__Alphaproteobacteria; o__Rhizobiales; f__Hyphomicrobiaceae; g__Prosthecomicrobium; s__Prosthecomicrobium hirschii
KNH28426	d__Bacteria; p__Proteobacteria; c__Gammaproteobacteria; o__Pseudomonadales; f__Pseudomonadaceae; g__Pseudomonas; s__Pseudomonas syringae
AXX99404	d__Bacteria; p__Proteobacteria; c__Alphaproteobacteria; o__Rhodobacterales; f__Rhodobacteraceae
QEL64148	d__Bacteria; p__Proteobacteria; c__Betaproteobacteria; o__Rhodocyclales; f__Rhodocyclaceae; g__Oryzomicrobium; s__Oryzomicrobium terrae
CUA82351	d__Bacteria; p__Proteobacteria; c__Betaproteobacteria; o__Neisseriales; f__Chromobacteriaceae; g__Gulbenkiania; s__Gulbenkiania indica
KRH99151	d__Bacteria; p__Proteobacteria; c__Betaproteobacteria; o__Burkholderiales; f__Comamonadaceae; g__Curvibacter; s__Curvibacter sp. PAE-UM
EKD97125	d__Bacteria
AWI82137	d__Bacteria; p__Proteobacteria; c__Betaproteobacteria; o__Rhodocyclales; f__Zoogloeaceae; g__Azoarcus; s__Azoarcus communis
KYJ86780	d__Bacteria; p__Proteobacteria; c__Epsilonproteobacteria
SDR96536	d__Bacteria; p__Proteobacteria; c__Gammaproteobacteria; o__Pseudomonadales; f__Pseudomonadaceae; g__Pseudomonas; s__Pseudomonas litoralis
EWC39375	d__Bacteria; p__Proteobacteria; c__Gammaproteobacteria; o__Pseudomonadales; f__Pseudomonadaceae; g__Pseudomonas; s__Pseudomonas stutzeri
AJE16628	d__Bacteria; p__Proteobacteria; c__Gammaproteobacteria; o__Pseudomonadales; f__Pseudomonadaceae; g__Pseudomonas; s__Pseudomonas balearica
KSF79015	d__Bacteria; p__Proteobacteria; c__Gammaproteobacteria; o__Pseudomonadales; f__Pseudomonadaceae; g__Pseudomonas; s__Pseudomonas aeruginosa
QDX81396	d__Bacteria; p__Proteobacteria; c__Betaproteobacteria; o__Nitrosomonadales; f__Sterolibacteriaceae; g__Denitratisoma; s__Denitratisoma sp. DHT3
EAV41893	d__Bacteria; p__Proteobacteria; c__Alphaproteobacteria; o__Rhodobacterales; f__Rhodobacteraceae; g__Labrenzia; s__Labrenzia aggregata
CUB07681	d__Bacteria; p__Proteobacteria; c__Hydrogenophilalia; o__Hydrogenophilales; f__Hydrogenophilaceae; g__Tepidiphilus; s__Tepidiphilus thermophilus
BAF71205	d__Bacteria; p__Proteobacteria; c__Epsilonproteobacteria
AWI77545	d__Bacteria; p__Proteobacteria; c__Betaproteobacteria; o__Rhodocyclales; f__Zoogloeaceae; g__Azoarcus; s__Azoarcus communis
AVO49495	d__Bacteria; p__Proteobacteria; c__Betaproteobacteria; o__Burkholderiales; f__Comamonadaceae; g__Melaminivora; s__Melaminivora sp. SC2-9
AVP57716	d__Bacteria; p__Proteobacteria; c__Betaproteobacteria; o__Burkholderiales; f__Comamonadaceae; g__Pulveribacter; s__Pulveribacter suum
SMB28504	d__Bacteria; p__Proteobacteria; c__Betaproteobacteria; o__Nitrosomonadales; f__Sterolibacteriaceae; g__Sterolibacterium; s__Sterolibacterium denitrificans
ABM20199	d__Bacteria; p__Proteobacteria; c__Gammaproteobacteria; o__Alteromonadales; f__Alteromonadaceae; g__Marinobacter; s__Marinobacter hydrocarbonoclasticus
AXS83105	d__Bacteria; p__Proteobacteria; c__Gammaproteobacteria; o__Alteromonadales; f__Alteromonadaceae; g__Marinobacter; s__Marinobacter sp. Arc7-DN-1
AYR19724	d__Bacteria; p__Proteobacteria; c__Betaproteobacteria; o__Burkholderiales; f__Alcaligenaceae; g__Alcaligenes; s__Alcaligenes faecalis
SHM34812	d__Bacteria; p__Proteobacteria; c__Gammaproteobacteria; o__Oceanospirillales; f__Halomonadaceae; g__Halomonas; s__Halomonas subglaciescola
SCK19326	d__Bacteria; p__Proteobacteria; c__Betaproteobacteria; o__Neisseriales; f__Chromobacteriaceae; g__Vogesella; s__Vogesella sp. LIG4
AQR65544	d__Bacteria; p__Proteobacteria; c__Betaproteobacteria; o__Neisseriales; f__Chromobacteriaceae; g__Aquaspirillum; s__Aquaspirillum sp. LM1
KRB41143	d__Bacteria; p__Proteobacteria; c__Betaproteobacteria; o__Burkholderiales; f__Comamonadaceae; g__Acidovorax; s__Acidovorax sp. Root70
SOB77987	d__Bacteria; p__Proteobacteria; c__Gammaproteobacteria; o__Alteromonadales; f__Alteromonadaceae; g__Marinobacter; s__Marinobacter sp. LV10R510-11A
QBM15967	d__Bacteria; p__Proteobacteria; c__Gammaproteobacteria; o__Alteromonadales; f__Alteromonadaceae; g__Marinobacter; s__Marinobacter sp. JH2
QCB46230	d__Bacteria; p__Proteobacteria; c__Betaproteobacteria; o__Burkholderiales; f__Comamonadaceae; g__Hydrogenophaga; s__Hydrogenophaga sp. PAMC20947
AZP14686	d__Bacteria; p__Proteobacteria; c__Betaproteobacteria; o__Burkholderiales; f__Oxalobacteraceae; g__Undibacterium; s__Undibacterium parvum
ACB33710	d__Bacteria; p__Proteobacteria; c__Betaproteobacteria; o__Burkholderiales
OAJ71930	d__Bacteria; p__Proteobacteria; c__Betaproteobacteria; o__Nitrosomonadales; f__Methylophilaceae; g__Methylobacillus; s__Methylobacillus sp. MM3
EGV50674	d__Bacteria; p__Proteobacteria; c__Gammaproteobacteria
AVO42490	d__Bacteria; p__Proteobacteria; c__Betaproteobacteria; o__Burkholderiales; f__Comamonadaceae; g__Simplicispira; s__Simplicispira suum
BAU46932	d__Bacteria; p__Proteobacteria; c__Gammaproteobacteria; o__Acidiferrobacterales; f__Acidiferrobacteraceae; g__Sulfurifustis; s__Sulfurifustis variabilis
KEF31766	d__Bacteria; p__Proteobacteria; c__Gammaproteobacteria; o__Alteromonadales; f__Alteromonadaceae; g__Marinobacter; s__Marinobacter nitratireducens
AWI52926	d__Bacteria; p__Proteobacteria; c__Betaproteobacteria; o__Burkholderiales
ENO95218	d__Bacteria; p__Proteobacteria; c__Betaproteobacteria; o__Rhodocyclales; f__Zoogloeaceae; g__Thauera; s__Thauera phenylacetica
AAV97354	d__Bacteria; p__Proteobacteria; c__Alphaproteobacteria; o__Rhodobacterales; f__Rhodobacteraceae; g__Ruegeria; s__Ruegeria pomeroyi
EPZ16013	d__Bacteria; p__Proteobacteria; c__Betaproteobacteria; o__Rhodocyclales; f__Zoogloeaceae; g__Thauera; s__Thauera terpenica
AKV08861	d__Bacteria; p__Proteobacteria; c__Gammaproteobacteria; o__Pseudomonadales; f__Pseudomonadaceae; g__Pseudomonas; s__Pseudomonas fluorescens
KMJ53071	d__Bacteria; p__Proteobacteria; c__Betaproteobacteria; o__Neisseriales; f__Chromobacteriaceae; g__Vogesella; s__Vogesella sp. EB
KPJ79435	d__Bacteria; p__Proteobacteria; c__Gammaproteobacteria
QCC04845	d__Bacteria; p__Proteobacteria; c__Betaproteobacteria; o__Burkholderiales; f__Burkholderiaceae; g__Cupriavidus; s__Cupriavidus necator
SPD68794	d__Bacteria; p__Proteobacteria; c__Betaproteobacteria; o__Burkholderiales; f__Burkholderiaceae; g__Cupriavidus; s__Cupriavidus taiwanensis
ACF98165	d__Bacteria
ACY47550	d__Bacteria; p__Bacteroidetes
AVP57710	d__Bacteria; p__Proteobacteria; c__Betaproteobacteria; o__Burkholderiales; f__Comamonadaceae; g__Pulveribacter; s__Pulveribacter suum
AVR88652	d__Bacteria; p__Proteobacteria; c__Betaproteobacteria; o__Rhodocyclales; f__Zoogloeaceae; g__Thauera; s__Thauera aromatica
APV42908	d__Bacteria; p__Proteobacteria; c__Gammaproteobacteria; o__Pseudomonadales; f__Pseudomonadaceae; g__Pseudomonas; s__Pseudomonas frederiksbergensis
KQV22519	d__Bacteria; p__Proteobacteria; c__Gammaproteobacteria; o__Pseudomonadales; f__Pseudomonadaceae; g__Pseudomonas; s__Pseudomonas sp. Root329
QAY93745	d__Bacteria; p__Proteobacteria; c__Gammaproteobacteria; o__Pseudomonadales; f__Pseudomonadaceae; g__Pseudomonas; s__Pseudomonas sp. ACM7
KPK60411	d__Bacteria; p__Proteobacteria; c__Gammaproteobacteria
ANJ56620	d__Bacteria; p__Proteobacteria; c__Gammaproteobacteria; o__Pseudomonadales; f__Pseudomonadaceae; g__Pseudomonas; s__Pseudomonas silesiensis
BAU69701	d__Bacteria; p__Proteobacteria; c__Gammaproteobacteria; o__Pseudomonadales; f__Pseudomonadaceae; g__Pseudomonas; s__Pseudomonas sp. MT-1
KHK64801	d__Bacteria; p__Proteobacteria; c__Gammaproteobacteria; o__Pseudomonadales; f__Pseudomonadaceae; g__Pseudomonas; s__Pseudomonas frederiksbergensis
ALI03605	d__Bacteria; p__Proteobacteria; c__Gammaproteobacteria; o__Pseudomonadales; f__Pseudomonadaceae; g__Pseudomonas; s__Pseudomonas fluorescens
CRL52228	d__Bacteria; p__Proteobacteria; c__Gammaproteobacteria; o__Pseudomonadales; f__Pseudomonadaceae; g__Pseudomonas; s__Pseudomonas sp. URMO17WK12:I11
QDZ30612	d__Bacteria; p__Proteobacteria; c__Betaproteobacteria; o__Burkholderiales; f__Oxalobacteraceae; g__Noviherbaspirillum; s__Noviherbaspirillum sp. UKPF54
QEL65581	d__Bacteria; p__Proteobacteria; c__Betaproteobacteria; o__Rhodocyclales; f__Rhodocyclaceae; g__Oryzomicrobium; s__Oryzomicrobium terrae
EQM73606	d__Bacteria; p__Proteobacteria; c__Gammaproteobacteria; o__Pseudomonadales; f__Pseudomonadaceae; g__Pseudomonas; s__Pseudomonas stutzeri
BBG65244	d__Bacteria; p__Proteobacteria; c__Epsilonproteobacteria; o__Campylobacterales; f__Hydrogenimonaceae; g__Hydrogenimonas; s__Hydrogenimonas sp.
BBD77188	d__Bacteria; p__Proteobacteria; c__Hydrogenophilalia; o__Hydrogenophilales; f__Hydrogenophilaceae; g__Hydrogenophilus; s__Hydrogenophilus thermoluteolus
SEH67434	d__Bacteria; p__Proteobacteria; c__Gammaproteobacteria; o__Pseudomonadales; f__Pseudomonadaceae; g__Pseudomonas; s__Pseudomonas xanthomarina
AHY41593	d__Bacteria; p__Proteobacteria; c__Gammaproteobacteria; o__Pseudomonadales; f__Pseudomonadaceae; g__Pseudomonas; s__Pseudomonas stutzeri
AQQ07913	d__Bacteria; p__Proteobacteria; c__Alphaproteobacteria; o__Rhodobacterales; f__Rhodobacteraceae; g__Labrenzia; s__Labrenzia aggregata
EXF45415	d__Bacteria; p__Proteobacteria; c__Gammaproteobacteria; o__Pseudomonadales; f__Pseudomonadaceae; g__Pseudomonas; s__Pseudomonas sp. BAY1663
AFM32011	d__Bacteria; p__Proteobacteria; c__Gammaproteobacteria; o__Pseudomonadales; f__Pseudomonadaceae; g__Pseudomonas; s__Pseudomonas stutzeri
ADV46808	d__Bacteria; p__Proteobacteria; c__Epsilonproteobacteria; o__Campylobacterales
AWT08993	d__Bacteria; p__Proteobacteria; c__Gammaproteobacteria; o__Pseudomonadales; f__Pseudomonadaceae; g__Pseudomonas; s__Pseudomonas sp. R2A2
BAE52969	d__Bacteria; p__Proteobacteria; c__Alphaproteobacteria; o__Rhodospirillales; f__Rhodospirillaceae; g__Magnetospirillum; s__Magnetospirillum magneticum
QEY58538	r__Root
KEO60092	d__Bacteria; p__Proteobacteria; c__Alphaproteobacteria; o__Rhodobacterales; f__Rhodobacteraceae; g__Thioclava; s__Thioclava indica
ABG31193	d__Bacteria; p__Proteobacteria; c__Alphaproteobacteria; o__Rhodobacterales; f__Rhodobacteraceae; g__Roseobacter; s__Roseobacter denitrificans
AYM94951	d__Bacteria; p__Proteobacteria; c__Betaproteobacteria; o__Burkholderiales; f__Comamonadaceae; g__Acidovorax; s__Acidovorax sp. 1608163
AAZ64358	d__Bacteria; p__Proteobacteria; c__Betaproteobacteria; o__Burkholderiales; f__Burkholderiaceae; g__Cupriavidus; s__Cupriavidus pinatubonensis
ATG89023	d__Bacteria; p__Proteobacteria; c__Gammaproteobacteria; o__Methylococcales; f__Methylococcaceae; g__Methylomonas; s__Methylomonas koyamae
KRW81607	d__Bacteria; p__Proteobacteria; c__Gammaproteobacteria; o__Alteromonadales; f__Alteromonadaceae; g__Marinobacter; s__Marinobacter sp. P4B1
ARJ64984	d__Bacteria; p__Proteobacteria; c__Alphaproteobacteria; o__Rhodospirillales; f__Rhodospirillaceae; g__Magnetospirillum; s__Magnetospirillum sp. ME-1
CUW37497	d__Bacteria; p__Proteobacteria; c__Alphaproteobacteria; o__Rhodospirillales; f__Rhodospirillaceae; g__Magnetospirillum; s__Magnetospirillum sp. XM-1
QEA12085	d__Bacteria; p__Proteobacteria; c__Betaproteobacteria; o__Burkholderiales; f__Comamonadaceae; g__Comamonas; s__Comamonas sp. NLF-7-7
BAV32586	d__Bacteria; p__Proteobacteria; c__Gammaproteobacteria; o__Acidiferrobacterales; f__Acidiferrobacteraceae; g__Sulfuricaulis; s__Sulfuricaulis limicola
AMN47484	d__Bacteria; p__Proteobacteria; c__Gammaproteobacteria; o__Nevskiales; f__Steroidobacteraceae; g__Steroidobacter; s__Steroidobacter denitrificans
ALT77177	d__Bacteria; p__Proteobacteria; c__Betaproteobacteria; o__Burkholderiales
QCO56311	d__Bacteria; p__Proteobacteria; c__Alphaproteobacteria; o__Rhodobacterales; f__Rhodobacteraceae; g__Pseudorhodobacter; s__Pseudorhodobacter sp. S12M18
OAD21685	d__Bacteria; p__Proteobacteria; c__Gammaproteobacteria; o__Thiotrichales; f__Thiotrichaceae; g__Thiomargarita; s__Candidatus Thiomargarita nelsonii
KRW95054	d__Bacteria; p__Proteobacteria; c__Alphaproteobacteria; o__Rhodobacterales; f__Rhodobacteraceae; g__Paracoccus; s__Paracoccus sp. MKU1
AVR65931	d__Bacteria; p__Proteobacteria; c__Gammaproteobacteria; o__Pseudomonadales; f__Pseudomonadaceae; g__Pseudomonas; s__Pseudomonas aeruginosa
KNH44054	d__Bacteria; p__Proteobacteria; c__Gammaproteobacteria; o__Pseudomonadales; f__Pseudomonadaceae; g__Pseudomonas; s__Pseudomonas lini
ELY89795	d__Archaea; p__Euryarchaeota; c__Halobacteria; o__Natrialbales; f__Natrialbaceae; g__Natrinema; s__Natrinema altunense
AVO38629	d__Bacteria; p__Proteobacteria; c__Alphaproteobacteria; o__Rhodobacterales; f__Rhodobacteraceae
ABC31120	d__Bacteria; p__Proteobacteria; c__Gammaproteobacteria; o__Oceanospirillales; f__Hahellaceae; g__Hahella; s__Hahella chejuensis
AOZ70044	d__Bacteria; p__Proteobacteria; c__Alphaproteobacteria; o__Rhodobacterales; f__Rhodobacteraceae; g__Rhodobacter; s__Rhodobacter sp. LPB0142
KPP83431	d__Bacteria; p__Proteobacteria; c__Alphaproteobacteria; o__Rhodobacterales; f__Rhodobacteraceae
AXI56243	d__Bacteria; p__Proteobacteria; c__Alphaproteobacteria; o__Rhodobacterales; f__Rhodobacteraceae; g__Sulfitobacter; s__Sulfitobacter sp. JL08
BAM92788	d__Bacteria; p__Proteobacteria; c__Alphaproteobacteria; o__Rhizobiales; f__Bradyrhizobiaceae; g__Bradyrhizobium; s__Bradyrhizobium oligotrophicum
KKN61740	r__Root
AKF25640	d__Bacteria; p__Proteobacteria; c__Epsilonproteobacteria
KUO58472	d__Bacteria; p__Proteobacteria; c__Alphaproteobacteria
AEJ06785	d__Bacteria; p__Proteobacteria; c__Gammaproteobacteria; o__Pseudomonadales; f__Pseudomonadaceae; g__Pseudomonas; s__Pseudomonas stutzeri
EEW26927	d__Bacteria; p__Proteobacteria; c__Alphaproteobacteria; o__Rhodobacterales; f__Rhodobacteraceae; g__Rhodobacter; s__Rhodobacter sp. SW2
ADZ69009	d__Bacteria; p__Proteobacteria; c__Alphaproteobacteria
CBL47290	d__Bacteria; p__Proteobacteria; c__Gammaproteobacteria
EKE17633	d__Bacteria
ABU59480	d__Bacteria; p__Chloroflexi; c__Chloroflexia; o__Chloroflexales; f__Roseiflexaceae; g__Roseiflexus; s__Roseiflexus castenholzii
CUA85405	d__Bacteria; p__Proteobacteria; c__Gammaproteobacteria; o__Alteromonadales; f__Idiomarinaceae; g__Idiomarina; s__Idiomarina woesei
AVQ00111	d__Bacteria; p__Proteobacteria; c__Gammaproteobacteria; o__Xanthomonadales; f__Rhodanobacteraceae; g__Ahniella; s__Ahniella affigens
BAJ64797	d__Bacteria; p__Chloroflexi; c__Anaerolineae; o__Anaerolineales; f__Anaerolineaceae; g__Anaerolinea; s__Anaerolinea thermophila
QDW66792	d__Bacteria; p__Proteobacteria; c__Gammaproteobacteria; o__Xanthomonadales; f__Xanthomonadaceae; g__Luteimonas; s__Luteimonas sp. Gr-4
AKS41141	d__Bacteria; p__Proteobacteria; c__Gammaproteobacteria; o__Chromatiales; f__Wenzhouxiangellaceae; g__Wenzhouxiangella; s__Wenzhouxiangella marina
KHO66430	d__Bacteria; p__Proteobacteria; c__Gammaproteobacteria; o__Pseudomonadales; f__Pseudomonadaceae; g__Pseudomonas; s__Pseudomonas flexibilis
BAL57500	d__Bacteria
KFL36640	d__Bacteria; p__Proteobacteria; c__Gammaproteobacteria; o__Xanthomonadales; f__Xanthomonadaceae; g__Arenimonas; s__Arenimonas donghaensis
AGA33316	d__Bacteria; p__Proteobacteria; c__Gammaproteobacteria; o__Chromatiales; f__Ectothiorhodospiraceae; g__Thioalkalivibrio; s__Thioalkalivibrio nitratireducens
KPL83147	d__Bacteria; p__Chloroflexi; c__Anaerolineae; o__Anaerolineales; f__Anaerolineaceae; g__Thermanaerothrix; s__Thermanaerothrix daxensis
CQR84168	d__Bacteria; p__Proteobacteria; c__Alphaproteobacteria; o__Rhodobacterales; f__Rhodobacteraceae; g__Paracoccus; s__Paracoccus aminovorans
BAZ93109	d__Bacteria; p__Proteobacteria; c__Gammaproteobacteria; o__Chromatiales
EMA27342	d__Archaea; p__Euryarchaeota; c__Halobacteria; o__Natrialbales; f__Natrialbaceae; g__Halobiforma; s__Halobiforma nitratireducens
AUM73297	d__Bacteria; p__Proteobacteria; c__Alphaproteobacteria; o__Rhodobacterales; f__Rhodobacteraceae; g__Paracoccus; s__Paracoccus jeotgali
CTQ53626	d__Bacteria; p__Proteobacteria; c__Alphaproteobacteria; o__Rhodobacterales; f__Rhodobacteraceae; g__Labrenzia; s__Labrenzia alba
AUD79515	d__Bacteria; p__Proteobacteria; c__Gammaproteobacteria; o__Oceanospirillales; f__Kangiellaceae; g__Kangiella; s__Kangiella profundi
AAB17878	d__Bacteria; p__Proteobacteria; c__Alphaproteobacteria; o__Rhodobacterales; f__Rhodobacteraceae; g__Paracoccus; s__Paracoccus denitrificans
AUM12666	d__Bacteria; p__Proteobacteria; c__Gammaproteobacteria; o__Oceanospirillales; f__Alcanivoracaceae; g__Ketobacter; s__Ketobacter alkanivorans
ANO53026	d__Bacteria; p__Proteobacteria; c__Gammaproteobacteria; o__Chromatiales; f__Woeseiaceae; g__Woeseia; s__Woeseia oceani
ACV27498	d__Bacteria; p__Proteobacteria; c__Gammaproteobacteria; o__Oceanospirillales; f__Kangiellaceae; g__Kangiella; s__Kangiella koreensis
KXB31613	d__Bacteria; p__Proteobacteria; c__Betaproteobacteria; o__Rhodocyclales; f__Azonexaceae; g__Dechloromonas; s__Dechloromonas denitrificans
ERS82918	d__Bacteria; p__Proteobacteria; c__Gammaproteobacteria; o__Oceanospirillales; f__Halomonadaceae; g__Halomonas; s__Halomonas sp. PBN3
AAZ48052	d__Bacteria; p__Proteobacteria; c__Betaproteobacteria; o__Rhodocyclales; f__Azonexaceae; g__Dechloromonas; s__Dechloromonas aromatica
BAL25833	d__Bacteria; p__Proteobacteria; c__Betaproteobacteria; o__Rhodocyclales; f__Zoogloeaceae; g__Azoarcus; s__Azoarcus sp. KH32C
BAZ92863	d__Bacteria; p__Proteobacteria; c__Gammaproteobacteria; o__Chromatiales
EER61763	d__Bacteria; p__Proteobacteria; c__Betaproteobacteria; o__Burkholderiales; f__Comamonadaceae; g__Acidovorax; s__Acidovorax delafieldii
KGJ19286	d__Bacteria; p__Proteobacteria; c__Alphaproteobacteria; o__Rhodobacterales; f__Rhodobacteraceae; g__Paracoccus; s__Paracoccus sanguinis
AEB84718	d__Bacteria; p__Proteobacteria; c__Betaproteobacteria; o__Burkholderiales; f__Comamonadaceae; g__Alicycliphilus; s__Alicycliphilus denitrificans
CDI04496	d__Bacteria; p__Proteobacteria; c__Gammaproteobacteria
ADE11367	d__Bacteria; p__Proteobacteria; c__Betaproteobacteria; o__Nitrosomonadales; f__Gallionellaceae; g__Sideroxydans; s__Sideroxydans lithotrophicus
KVW95088	d__Bacteria; p__Proteobacteria; c__Betaproteobacteria; o__Nitrosomonadales; f__Thiobacillaceae; g__Thiobacillus; s__Thiobacillus denitrificans
BBJ05363	d__Bacteria; p__Proteobacteria; c__Gammaproteobacteria; o__Alteromonadales; f__Alteromonadaceae; g__Marinobacter; s__Marinobacter hydrocarbonoclasticus
AAZ96030	d__Bacteria; p__Proteobacteria; c__Betaproteobacteria; o__Nitrosomonadales; f__Thiobacillaceae; g__Thiobacillus; s__Thiobacillus denitrificans
ASJ24355	d__Bacteria; p__Proteobacteria; c__Betaproteobacteria; o__Neisseriales; f__Chromobacteriaceae; g__Laribacter; s__Laribacter hongkongensis
AYH45152	d__Bacteria; p__Proteobacteria; c__Betaproteobacteria; o__Rhodocyclales; f__Zoogloeaceae; g__Azoarcus; s__Azoarcus sp. DN11
QBM27494	d__Bacteria; p__Proteobacteria; c__Betaproteobacteria; o__Burkholderiales; f__Comamonadaceae; g__Hydrogenophaga; s__Hydrogenophaga pseudoflava
ACF98225	d__Bacteria
AKU13501	d__Bacteria; p__Proteobacteria; c__Betaproteobacteria; o__Rhodocyclales; f__Zoogloeaceae; g__Azoarcus; s__Azoarcus sp. CIB
QCT95530	d__Bacteria; p__Proteobacteria; c__Gammaproteobacteria; o__Pseudomonadales; f__Pseudomonadaceae; g__Pseudomonas; s__Pseudomonas stutzeri
KGJ16348	d__Bacteria; p__Proteobacteria; c__Alphaproteobacteria; o__Rhodobacterales; f__Rhodobacteraceae; g__Paracoccus; s__Paracoccus sanguinis
APE32513	d__Bacteria; p__Proteobacteria; c__Gammaproteobacteria; o__Oceanospirillales; f__Halomonadaceae; g__Halomonas; s__Halomonas aestuarii
KON80814	d__Bacteria; p__Proteobacteria; c__Betaproteobacteria; o__Rhodocyclales; f__Zoogloeaceae; g__Azoarcus; s__Azoarcus sp. PA01
ACF98047	d__Bacteria
KQY82451	d__Bacteria; p__Proteobacteria; c__Betaproteobacteria; o__Burkholderiales; f__Comamonadaceae; g__Pelomonas; s__Pelomonas sp. Root1444
EKV27616	d__Bacteria; p__Proteobacteria; c__Alphaproteobacteria; o__Rhodospirillales; f__Rhodospirillaceae; g__Caenispirillum; s__Caenispirillum salinarum
EGJ11868	d__Bacteria; p__Proteobacteria; c__Betaproteobacteria; o__Burkholderiales
BAO30669	d__Bacteria; p__Proteobacteria; c__Betaproteobacteria; o__Nitrosomonadales; f__Sterolibacteriaceae; g__Sulfuritalea; s__Sulfuritalea hydrogenivorans
EDN67831	d__Bacteria; p__Proteobacteria; c__Gammaproteobacteria; o__Thiotrichales; f__Thiotrichaceae; g__Beggiatoa; s__Beggiatoa sp. PS
EPX78564	d__Bacteria; p__Proteobacteria; c__Alphaproteobacteria; o__Rhodobacterales; f__Rhodobacteraceae; g__Litoreibacter; s__Litoreibacter arenae
OCK06008	d__Bacteria; p__Proteobacteria; c__Alphaproteobacteria; o__Rhodospirillales; f__Rhodospirillaceae; g__Thalassospira; s__Thalassospira sp. KO164
KPK19352	d__Bacteria; p__Proteobacteria; c__Betaproteobacteria
ABV94913	d__Bacteria; p__Proteobacteria; c__Alphaproteobacteria; o__Rhodobacterales; f__Rhodobacteraceae; g__Dinoroseobacter; s__Dinoroseobacter shibae
BAP57172	d__Bacteria; p__Proteobacteria; c__Gammaproteobacteria; o__Thiotrichales; f__Thiotrichaceae; g__Thioploca; s__Thioploca ingrica
AGW94840	d__Bacteria; p__Proteobacteria; c__Betaproteobacteria; o__Burkholderiales; f__Burkholderiaceae; g__Ralstonia; s__Ralstonia pickettii
EXI80263	d__Bacteria; p__Proteobacteria; c__Betaproteobacteria
AYM96229	d__Bacteria; p__Proteobacteria; c__Betaproteobacteria; o__Burkholderiales; f__Comamonadaceae; g__Acidovorax; s__Acidovorax sp. 1608163
CAI06598	d__Bacteria; p__Proteobacteria; c__Betaproteobacteria; o__Rhodocyclales; f__Rhodocyclaceae; g__Aromatoleum; s__Aromatoleum aromaticum
SBT10752	d__Bacteria; p__Proteobacteria; c__Betaproteobacteria; o__Rhodocyclales; f__Rhodocyclaceae; g__Propionivibrio; s__Candidatus Propionivibrio aalborgensis
SBT06803	d__Bacteria; p__Proteobacteria; c__Betaproteobacteria
AKH19023	d__Bacteria; p__Proteobacteria; c__Gammaproteobacteria
OCK06014	d__Bacteria; p__Proteobacteria; c__Alphaproteobacteria; o__Rhodospirillales; f__Rhodospirillaceae; g__Thalassospira; s__Thalassospira sp. KO164
EXI90076	d__Bacteria; p__Proteobacteria; c__Betaproteobacteria
ACF98171	d__Bacteria
KXJ57710	d__Bacteria; p__Proteobacteria; c__Gammaproteobacteria; o__Alteromonadales; f__Colwelliaceae; g__Colwellia; s__Colwellia sp. Phe_37
QBM27502	d__Bacteria; p__Proteobacteria; c__Betaproteobacteria; o__Burkholderiales; f__Comamonadaceae; g__Hydrogenophaga; s__Hydrogenophaga pseudoflava
AAZ25602	d__Bacteria; p__Proteobacteria; c__Gammaproteobacteria; o__Alteromonadales; f__Colwelliaceae; g__Colwellia; s__Colwellia psychrerythraea
KJE38030	d__Bacteria; p__Proteobacteria; c__Gammaproteobacteria; o__Alteromonadales; f__Colwelliaceae; g__Thalassomonas; s__Thalassomonas actiniarum
CCK76416	d__Bacteria; p__Proteobacteria; c__Gammaproteobacteria; o__Oceanospirillales; f__Oceanospirillaceae; g__Oleispira; s__Oleispira antarctica
EGJ11876	d__Bacteria; p__Proteobacteria; c__Betaproteobacteria; o__Burkholderiales
QEA05711	d__Bacteria
KXS53637	d__Bacteria; p__Proteobacteria; c__Gammaproteobacteria; o__Alteromonadales; f__Alteromonadaceae; g__Marinobacter; s__Marinobacter sp. T13-3
ENO79845	d__Bacteria; p__Proteobacteria; c__Betaproteobacteria; o__Rhodocyclales; f__Zoogloeaceae; g__Thauera; s__Thauera sp. 63
KPK69514	d__Bacteria; p__Proteobacteria; c__Acidithiobacillia; o__Acidithiobacillales
QBG35662	d__Bacteria; p__Proteobacteria; c__Gammaproteobacteria; o__Alteromonadales; f__Colwelliaceae; g__Litorilituus; s__Litorilituus sediminis
BAE50199	d__Bacteria; p__Proteobacteria; c__Alphaproteobacteria; o__Rhodospirillales; f__Rhodospirillaceae; g__Magnetospirillum; s__Magnetospirillum magneticum
ARJ67386	d__Bacteria; p__Proteobacteria; c__Alphaproteobacteria; o__Rhodospirillales; f__Rhodospirillaceae; g__Magnetospirillum; s__Magnetospirillum sp. ME-1
KXJ56161	d__Bacteria; p__Proteobacteria; c__Gammaproteobacteria; o__Alteromonadales; f__Colwelliaceae; g__Colwellia; s__Colwellia sp. Phe_37
CUW39091	d__Bacteria; p__Proteobacteria; c__Alphaproteobacteria; o__Rhodospirillales; f__Rhodospirillaceae; g__Magnetospirillum; s__Magnetospirillum sp. XM-1
AAZ24674	d__Bacteria; p__Proteobacteria; c__Gammaproteobacteria; o__Alteromonadales; f__Colwelliaceae; g__Colwellia; s__Colwellia psychrerythraea
OAN63200	d__Bacteria; p__Proteobacteria; c__Alphaproteobacteria; o__Rhodospirillales; f__Rhodospirillaceae; g__Magnetospirillum; s__Magnetospirillum moscoviense
OAN51092	d__Bacteria; p__Proteobacteria; c__Alphaproteobacteria; o__Rhodospirillales; f__Rhodospirillaceae; g__Magnetospirillum; s__Magnetospirillum marisnigri
AZQ83808	d__Bacteria; p__Proteobacteria; c__Gammaproteobacteria; o__Alteromonadales; f__Colwelliaceae; g__Colwellia; s__Colwellia sp. Arc7-635
ERS00531	d__Bacteria; p__Proteobacteria; c__Gammaproteobacteria; o__Alteromonadales; f__Alteromonadaceae; g__Marinobacter; s__Marinobacter sp. EN3
KJE44101	d__Bacteria; p__Proteobacteria; c__Gammaproteobacteria; o__Alteromonadales; f__Colwelliaceae; g__Thalassomonas; s__Thalassomonas viridans
KRB41137	d__Bacteria; p__Proteobacteria; c__Betaproteobacteria; o__Burkholderiales; f__Comamonadaceae; g__Acidovorax; s__Acidovorax sp. Root70
ACG57029	d__Bacteria; p__Aquificae; c__Aquificae; o__Aquificales; f__Aquificaceae; g__Hydrogenobaculum; s__Hydrogenobaculum sp. Y04AAS1
AXH11430	d__Bacteria; p__Proteobacteria; c__Epsilonproteobacteria; o__Campylobacterales; f__Campylobacteraceae; g__Halarcobacter; s__Halarcobacter bivalviorum
ACO04194	d__Bacteria; p__Aquificae; c__Aquificae; o__Aquificales; f__Hydrogenothermaceae; g__Persephonella; s__Persephonella marina
AVR88662	d__Bacteria; p__Proteobacteria; c__Betaproteobacteria; o__Rhodocyclales; f__Zoogloeaceae; g__Thauera; s__Thauera aromatica
AXH14068	d__Bacteria; p__Proteobacteria; c__Epsilonproteobacteria; o__Campylobacterales; f__Campylobacteraceae; g__Arcobacter; s__Arcobacter mytili
AMC11863	d__Bacteria; p__Bacteroidetes; c__Flavobacteriia; o__Flavobacteriales; f__Flavobacteriaceae; g__Lutibacter; s__Lutibacter profundi
AXK48511	d__Bacteria; p__Proteobacteria; c__Epsilonproteobacteria; o__Campylobacterales; f__Campylobacteraceae; g__Arcobacter; s__Arcobacter trophiarum
AZG13299	d__Bacteria; p__Proteobacteria; c__Betaproteobacteria; o__Burkholderiales; f__Burkholderiaceae; g__Cupriavidus; s__Cupriavidus pauculus
KZZ19098	d__Bacteria; p__Proteobacteria; c__Gammaproteobacteria; o__Oceanospirillales; f__Oleiphilaceae; g__Oleiphilus; s__Oleiphilus sp. HI0081
QAR25908	d__Bacteria; p__Proteobacteria; c__Alphaproteobacteria; o__Rhodobacterales; f__Rhodobacteraceae; g__Paracoccus; s__Paracoccus denitrificans
EDP74743	d__Bacteria; p__Aquificae; c__Aquificae; o__Aquificales; f__Aquificaceae; g__Hydrogenivirga; s__Hydrogenivirga sp. 128-5-R1-1
AFV76102	d__Bacteria; p__Deinococcus-Thermus; c__Deinococci; o__Thermales; f__Thermaceae; g__Thermus; s__Thermus oshimai
ALJ39431	d__Bacteria; p__Proteobacteria; c__Alphaproteobacteria; o__Rhodospirillales; f__Rhodospirillaceae; g__Azospirillum; s__Azospirillum brasilense
EHP29936	d__Bacteria; p__Proteobacteria; c__Epsilonproteobacteria; o__Campylobacterales; f__Helicobacteraceae; g__Sulfurimonas; s__Sulfurimonas gotlandica
BAE50212	d__Bacteria; p__Proteobacteria; c__Alphaproteobacteria; o__Rhodospirillales; f__Rhodospirillaceae; g__Magnetospirillum; s__Magnetospirillum magneticum
ADN08888	d__Bacteria; p__Proteobacteria; c__Epsilonproteobacteria; o__Campylobacterales; f__Helicobacteraceae; g__Sulfurimonas; s__Sulfurimonas autotrophica
CBE69462	d__Bacteria; p__candidate division NC10
AWK88099	d__Bacteria; p__Proteobacteria; c__Alphaproteobacteria; o__Rhodospirillales; f__Rhodospirillaceae; g__Azospirillum; s__Azospirillum sp. CFH 70021
ABB45259	d__Bacteria; p__Proteobacteria; c__Epsilonproteobacteria; o__Campylobacterales; f__Helicobacteraceae; g__Sulfurimonas; s__Sulfurimonas denitrificans
EQB39478	d__Bacteria; p__Proteobacteria; c__Epsilonproteobacteria; o__Campylobacterales; f__Helicobacteraceae; g__Sulfurimonas; s__Sulfurimonas hongkongensis
SIR98969	d__Bacteria; p__Proteobacteria; c__Gammaproteobacteria; o__Pseudomonadales; f__Pseudomonadaceae; g__Pseudomonas; s__Pseudomonas sp. A214
APR05427	d__Bacteria; p__Proteobacteria; c__Betaproteobacteria; o__Rhodocyclales; f__Zoogloeaceae; g__Thauera; s__Thauera chlorobenzoica
AZP11645	d__Bacteria; p__Proteobacteria; c__Betaproteobacteria; o__Burkholderiales; f__Oxalobacteraceae; g__Undibacterium; s__Undibacterium parvum
QBG35670	d__Bacteria; p__Proteobacteria; c__Gammaproteobacteria; o__Alteromonadales; f__Colwelliaceae; g__Litorilituus; s__Litorilituus sediminis
AKH22159	d__Bacteria; p__Proteobacteria; c__Gammaproteobacteria
ATE59693	d__Bacteria; p__Proteobacteria; c__Betaproteobacteria; o__Rhodocyclales; f__Zoogloeaceae; g__Thauera; s__Thauera sp. K11
ACF98178	d__Bacteria
EXI89358	d__Bacteria; p__Proteobacteria; c__Betaproteobacteria
KRD14051	d__Bacteria; p__Proteobacteria; c__Betaproteobacteria; o__Burkholderiales; f__Comamonadaceae; g__Acidovorax; s__Acidovorax sp. Root267
KYK97987	d__Bacteria; p__Proteobacteria; c__Deltaproteobacteria
KEO60100	d__Bacteria; p__Proteobacteria; c__Alphaproteobacteria; o__Rhodobacterales; f__Rhodobacteraceae; g__Thioclava; s__Thioclava indica
BAU69711	d__Bacteria; p__Proteobacteria; c__Gammaproteobacteria; o__Pseudomonadales; f__Pseudomonadaceae; g__Pseudomonas; s__Pseudomonas sp. MT-1
AYH45144	d__Bacteria; p__Proteobacteria; c__Betaproteobacteria; o__Rhodocyclales; f__Zoogloeaceae; g__Azoarcus; s__Azoarcus sp. DN11
KRD56227	d__Bacteria; p__Proteobacteria; c__Betaproteobacteria; o__Burkholderiales; f__Comamonadaceae; g__Acidovorax; s__Acidovorax sp. Root275
ACV33649	d__Bacteria; p__Proteobacteria; c__Betaproteobacteria
SMB28499	d__Bacteria; p__Proteobacteria; c__Betaproteobacteria; o__Nitrosomonadales; f__Sterolibacteriaceae; g__Sterolibacterium; s__Sterolibacterium denitrificans
AAZ47990	d__Bacteria; p__Proteobacteria; c__Betaproteobacteria; o__Rhodocyclales; f__Azonexaceae; g__Dechloromonas; s__Dechloromonas aromatica
AXH11431	d__Bacteria; p__Proteobacteria; c__Epsilonproteobacteria; o__Campylobacterales; f__Campylobacteraceae; g__Halarcobacter; s__Halarcobacter bivalviorum
EXI71615	d__Bacteria; p__Proteobacteria; c__Betaproteobacteria
AKU13489	d__Bacteria; p__Proteobacteria; c__Betaproteobacteria; o__Rhodocyclales; f__Zoogloeaceae; g__Azoarcus; s__Azoarcus sp. CIB
EXI66324	d__Bacteria; p__Proteobacteria; c__Betaproteobacteria
AWI52934	d__Bacteria; p__Proteobacteria; c__Betaproteobacteria; o__Burkholderiales
CRM92914	d__Bacteria; p__Proteobacteria; c__Gammaproteobacteria; o__Pseudomonadales; f__Pseudomonadaceae; g__Pseudomonas; s__Pseudomonas sp. 22 E 5
ART49960	d__Bacteria; p__Proteobacteria; c__Betaproteobacteria; o__Burkholderiales; f__Comamonadaceae; g__Acidovorax; s__Acidovorax carolinensis
KPL78197	d__Bacteria; p__Chloroflexi; c__Anaerolineae; o__Anaerolineales; f__Anaerolineaceae; g__Bellilinea; s__Bellilinea caldifistulae
AMD00733	d__Bacteria; p__Proteobacteria; c__Gammaproteobacteria; o__Oceanospirillales; f__Halomonadaceae; g__Halomonas; s__Halomonas chromatireducens
KZB68964	d__Bacteria; p__Proteobacteria; c__Alphaproteobacteria; o__Rhodospirillales; f__Rhodospirillaceae; g__Thalassospira; s__Thalassospira lucentensis
EXI79028	d__Bacteria; p__Proteobacteria; c__Betaproteobacteria
QEL65563	d__Bacteria; p__Proteobacteria; c__Betaproteobacteria; o__Rhodocyclales; f__Rhodocyclaceae; g__Oryzomicrobium; s__Oryzomicrobium terrae
AEV35410	d__Bacteria; p__Proteobacteria; c__Alphaproteobacteria; o__Rhodobacterales; f__Rhodobacteraceae; g__Pseudovibrio; s__Pseudovibrio sp. FO-BEG1
KKM16877	r__Root
EWH00081	d__Bacteria; p__Proteobacteria; c__Gammaproteobacteria; o__Oceanospirillales; f__Halomonadaceae; g__Halomonas; s__Halomonas sp. BC04
ADR37584	d__Bacteria; p__Deinococcus-Thermus; c__Deinococci; o__Thermales; f__Thermaceae; g__Oceanithermus; s__Oceanithermus profundus
SAM34205	d__Bacteria; p__Proteobacteria; c__Gammaproteobacteria; o__Pseudomonadales; f__Pseudomonadaceae; g__Pseudomonas; s__Pseudomonas sp. 1 R 17
KZB51728	d__Bacteria; p__Proteobacteria; c__Alphaproteobacteria; o__Rhodospirillales; f__Rhodospirillaceae; g__Thalassospira; s__Thalassospira xiamenensis
CAI06589	d__Bacteria; p__Proteobacteria; c__Betaproteobacteria; o__Rhodocyclales; f__Rhodocyclaceae; g__Aromatoleum; s__Aromatoleum aromaticum
KJE38032	d__Bacteria; p__Proteobacteria; c__Gammaproteobacteria; o__Alteromonadales; f__Colwelliaceae; g__Thalassomonas; s__Thalassomonas actiniarum
ASF48749	d__Bacteria; p__Proteobacteria; c__Gammaproteobacteria; o__Methylococcales; f__Methylococcaceae; g__Methylovulum; s__Methylovulum psychrotolerans
KZL26089	d__Bacteria; p__Proteobacteria; c__Alphaproteobacteria; o__Rhodobacterales; f__Rhodobacteraceae; g__Pseudovibrio; s__Pseudovibrio sp. Ad37
ENO78907	d__Bacteria; p__Proteobacteria; c__Betaproteobacteria; o__Rhodocyclales; f__Zoogloeaceae; g__Thauera; s__Thauera sp. 63
SBT06026	d__Bacteria; p__Proteobacteria; c__Betaproteobacteria
EPZ16003	d__Bacteria; p__Proteobacteria; c__Betaproteobacteria; o__Rhodocyclales; f__Zoogloeaceae; g__Thauera; s__Thauera terpenica
ALT79719	d__Bacteria; p__Proteobacteria; c__Betaproteobacteria; o__Burkholderiales
KPL53805	d__Bacteria; p__Proteobacteria; c__Alphaproteobacteria; o__Rhizobiales; f__Hyphomicrobiaceae; g__Prosthecomicrobium; s__Prosthecomicrobium hirschii
ETK17178	d__Bacteria; p__Proteobacteria; c__Gammaproteobacteria; o__Pseudomonadales; f__Pseudomonadaceae; g__Pseudomonas; s__Pseudomonas sp. FH4
AMR81885	d__Bacteria; p__Proteobacteria; c__Betaproteobacteria; o__Burkholderiales; f__Burkholderiaceae; g__Cupriavidus; s__Cupriavidus nantongensis
APR05417	d__Bacteria; p__Proteobacteria; c__Betaproteobacteria; o__Rhodocyclales; f__Zoogloeaceae; g__Thauera; s__Thauera chlorobenzoica
KON80808	d__Bacteria; p__Proteobacteria; c__Betaproteobacteria; o__Rhodocyclales; f__Zoogloeaceae; g__Azoarcus; s__Azoarcus sp. PA01
KMN81642	d__Bacteria; p__Proteobacteria; c__Betaproteobacteria; o__Neisseriales; f__Chromobacteriaceae; g__Chromobacterium; s__Chromobacterium sp. LK11
ENO83228	d__Bacteria; p__Proteobacteria; c__Betaproteobacteria; o__Rhodocyclales; f__Zoogloeaceae; g__Thauera; s__Thauera sp. 27
ENO85266	d__Bacteria; p__Proteobacteria; c__Betaproteobacteria; o__Rhodocyclales; f__Zoogloeaceae; g__Thauera; s__Thauera linaloolentis
ENO97922	d__Bacteria; p__Proteobacteria; c__Betaproteobacteria; o__Rhodocyclales; f__Zoogloeaceae; g__Thauera; s__Thauera phenylacetica
EJM75528	d__Bacteria; p__Proteobacteria; c__Gammaproteobacteria; o__Pseudomonadales; f__Pseudomonadaceae; g__Pseudomonas; s__Pseudomonas sp. GM60
ATE59677	d__Bacteria; p__Proteobacteria; c__Betaproteobacteria; o__Rhodocyclales; f__Zoogloeaceae; g__Thauera; s__Thauera sp. K11
KXB30410	d__Bacteria; p__Proteobacteria; c__Betaproteobacteria; o__Rhodocyclales; f__Azonexaceae; g__Dechloromonas; s__Dechloromonas denitrificans
ACM33167	d__Bacteria; p__Proteobacteria; c__Betaproteobacteria; o__Burkholderiales; f__Comamonadaceae; g__Acidovorax; s__Acidovorax ebreus
EXI73901	d__Bacteria; p__Proteobacteria; c__Betaproteobacteria
EXI67674	d__Bacteria; p__Proteobacteria; c__Betaproteobacteria
KKA04128	d__Bacteria; p__Proteobacteria; c__Gammaproteobacteria; o__Pseudomonadales; f__Pseudomonadaceae; g__Pseudomonas; s__Pseudomonas kilonensis
SDU91660	d__Bacteria; p__Proteobacteria; c__Gammaproteobacteria; o__Pseudomonadales; f__Pseudomonadaceae; g__Pseudomonas; s__Pseudomonas corrugata
SIS25192	d__Bacteria; p__Proteobacteria; c__Gammaproteobacteria; o__Pseudomonadales; f__Pseudomonadaceae; g__Pseudomonas; s__Pseudomonas sp. 7SR1
AAG34381	d__Bacteria; p__Proteobacteria; c__Gammaproteobacteria; o__Pseudomonadales; f__Pseudomonadaceae; g__Pseudomonas; s__Pseudomonas fluorescens
AKU13494	d__Bacteria; p__Proteobacteria; c__Betaproteobacteria; o__Rhodocyclales; f__Zoogloeaceae; g__Azoarcus; s__Azoarcus sp. CIB
EJL03538	d__Bacteria; p__Proteobacteria; c__Gammaproteobacteria; o__Pseudomonadales; f__Pseudomonadaceae; g__Pseudomonas; s__Pseudomonas fluorescens
ALI09951	d__Bacteria; p__Proteobacteria; c__Gammaproteobacteria; o__Pseudomonadales; f__Pseudomonadaceae; g__Pseudomonas; s__Pseudomonas fluorescens
KPK12896	d__Bacteria; p__Proteobacteria; c__Acidithiobacillia; o__Acidithiobacillales
KZX57323	d__Bacteria; p__Proteobacteria; c__Gammaproteobacteria; o__Pseudomonadales; f__Pseudomonadaceae; g__Pseudomonas; s__Pseudomonas stutzeri
QEZ43801	d__Bacteria; p__Proteobacteria; c__Betaproteobacteria; o__Burkholderiales; f__Burkholderiaceae; g__Cupriavidus; s__Cupriavidus oxalaticus
AZC24546	d__Bacteria; p__Proteobacteria; c__Gammaproteobacteria; o__Pseudomonadales; f__Pseudomonadaceae; g__Pseudomonas; s__Pseudomonas sp. CMR12a
SCB26603	d__Bacteria; p__Proteobacteria; c__Betaproteobacteria; o__Burkholderiales; f__Burkholderiaceae; g__Cupriavidus; s__Cupriavidus alkaliphilus
QBY50522	d__Bacteria; p__Proteobacteria; c__Betaproteobacteria; o__Burkholderiales; f__Burkholderiaceae; g__Cupriavidus; s__Cupriavidus oxalaticus
KDN99090	d__Bacteria; p__Proteobacteria; c__Gammaproteobacteria; o__Pseudomonadales; f__Pseudomonadaceae; g__Pseudomonas; s__Pseudomonas donghuensis
EME68346	d__Bacteria; p__Proteobacteria; c__Alphaproteobacteria; o__Rhodospirillales; f__Rhodospirillaceae; g__Magnetospirillum; s__Magnetospirillum caucaseum
AZC18181	d__Bacteria; p__Proteobacteria; c__Gammaproteobacteria; o__Pseudomonadales; f__Pseudomonadaceae; g__Pseudomonas; s__Pseudomonas sp. CMR5c
EUB74392	r__Root
KDD65273	d__Bacteria; p__Proteobacteria; c__Gammaproteobacteria; o__Pseudomonadales; f__Pseudomonadaceae; g__Pseudomonas; s__Pseudomonas mandelii
AXS80620	d__Bacteria; p__Proteobacteria; c__Betaproteobacteria; o__Rhodocyclales; f__Azonexaceae; g__Dechloromonas; s__Dechloromonas sp. HYN0024
AQQ07921	d__Bacteria; p__Proteobacteria; c__Alphaproteobacteria; o__Rhodobacterales; f__Rhodobacteraceae; g__Labrenzia; s__Labrenzia aggregata
KMN32840	d__Bacteria; p__Proteobacteria; c__Betaproteobacteria; o__Neisseriales; f__Chromobacteriaceae; g__Chromobacterium; s__Chromobacterium sp. LK1
ENO93245	d__Bacteria; p__Proteobacteria; c__Betaproteobacteria; o__Rhodocyclales; f__Zoogloeaceae; g__Thauera; s__Thauera sp. 28
ACV35777	d__Bacteria; p__Proteobacteria; c__Betaproteobacteria
EJM80444	d__Bacteria; p__Proteobacteria; c__Gammaproteobacteria; o__Pseudomonadales; f__Pseudomonadaceae; g__Pseudomonas; s__Pseudomonas sp. GM67
QBF26478	d__Bacteria; p__Proteobacteria; c__Gammaproteobacteria; o__Pseudomonadales; f__Pseudomonadaceae; g__Pseudomonas; s__Pseudomonas sp. SNU WT1
EKE18010	d__Bacteria
QDX81195	d__Bacteria; p__Proteobacteria; c__Betaproteobacteria; o__Nitrosomonadales; f__Sterolibacteriaceae; g__Denitratisoma; s__Denitratisoma sp. DHT3
CAP44402	d__Bacteria; p__Proteobacteria; c__Betaproteobacteria; o__Burkholderiales; f__Alcaligenaceae; g__Bordetella; s__Bordetella petrii
AAZ48004	d__Bacteria; p__Proteobacteria; c__Betaproteobacteria; o__Rhodocyclales; f__Azonexaceae; g__Dechloromonas; s__Dechloromonas aromatica
EXI82847	d__Bacteria; p__Proteobacteria; c__Betaproteobacteria
BAI68617	d__Bacteria; p__Aquificae; c__Aquificae; o__Aquificales; f__Aquificaceae; g__Hydrogenobacter; s__Hydrogenobacter thermophilus
QED30033	d__Bacteria; p__Proteobacteria; c__Deltaproteobacteria; o__Bradymonadales
EYS87961	d__Bacteria; p__Proteobacteria; c__Betaproteobacteria; o__Burkholderiales; f__Burkholderiaceae; g__Cupriavidus; s__Cupriavidus sp. SK-4
CDK98606	d__Bacteria; p__Proteobacteria; c__Alphaproteobacteria; o__Rhodospirillales; f__Rhodospirillaceae; g__Magnetospirillum; s__Magnetospirillum gryphiswaldense
EXI86426	d__Bacteria; p__Proteobacteria; c__Betaproteobacteria
EER59813	d__Bacteria; p__Proteobacteria; c__Betaproteobacteria; o__Burkholderiales; f__Comamonadaceae; g__Acidovorax; s__Acidovorax delafieldii
EFQ62804	d__Bacteria; p__Proteobacteria; c__Gammaproteobacteria; o__Pseudomonadales; f__Pseudomonadaceae; g__Pseudomonas; s__Pseudomonas fluorescens
ACO02987	d__Bacteria; p__Aquificae; c__Aquificae; o__Aquificales; f__Hydrogenothermaceae; g__Persephonella; s__Persephonella marina
ACD66102	d__Bacteria; p__Aquificae; c__Aquificae; o__Aquificales; f__Hydrogenothermaceae; g__Sulfurihydrogenibium; s__Sulfurihydrogenibium sp. YO3AOP1
AVY94003	d__Bacteria; p__Proteobacteria; c__Betaproteobacteria; o__Neisseriales; f__Chromobacteriaceae; g__Microvirgula; s__Microvirgula aerodenitrificans
AHZ73459	d__Bacteria; p__Proteobacteria; c__Gammaproteobacteria; o__Pseudomonadales; f__Pseudomonadaceae; g__Pseudomonas; s__Pseudomonas mandelii
VEF14551	d__Bacteria; p__Proteobacteria; c__Gammaproteobacteria; o__Pseudomonadales; f__Pseudomonadaceae; g__Pseudomonas; s__Pseudomonas stutzeri
AGB31857	d__Archaea; p__Euryarchaeota; c__Halobacteria; o__Natrialbales; f__Natrialbaceae; g__Natrinema; s__Natrinema pellirubrum
ENO96830	d__Bacteria; p__Proteobacteria; c__Betaproteobacteria; o__Rhodocyclales; f__Zoogloeaceae; g__Thauera; s__Thauera phenylacetica
AYJ78592	d__Bacteria; p__Proteobacteria; c__Epsilonproteobacteria; o__Campylobacterales; f__Campylobacteraceae; g__Arcobacter; s__Arcobacter cryaerophilus
AAA02944	d__Bacteria; p__Proteobacteria; c__Gammaproteobacteria; o__Pseudomonadales; f__Pseudomonadaceae; g__Pseudomonas; s__Pseudomonas stutzeri
BAF70899	d__Bacteria; p__Proteobacteria; c__Epsilonproteobacteria
AZQ84704	d__Bacteria; p__Proteobacteria; c__Gammaproteobacteria; o__Alteromonadales; f__Colwelliaceae; g__Colwellia; s__Colwellia sp. Arc7-635
AEI81194	d__Bacteria; p__Proteobacteria; c__Betaproteobacteria; o__Burkholderiales; f__Burkholderiaceae; g__Cupriavidus; s__Cupriavidus necator
KIZ35329	d__Bacteria; p__Proteobacteria; c__Gammaproteobacteria; o__Pseudomonadales; f__Pseudomonadaceae; g__Pseudomonas; s__Pseudomonas stutzeri
ACD66103	d__Bacteria; p__Aquificae; c__Aquificae; o__Aquificales; f__Hydrogenothermaceae; g__Sulfurihydrogenibium; s__Sulfurihydrogenibium sp. YO3AOP1
SDV01234	d__Bacteria; p__Proteobacteria; c__Gammaproteobacteria; o__Pseudomonadales; f__Pseudomonadaceae; g__Pseudomonas; s__Pseudomonas rhodesiae
KPK11659	d__Bacteria; p__Proteobacteria; c__Acidithiobacillia; o__Acidithiobacillales
AGB32267	d__Archaea; p__Euryarchaeota; c__Halobacteria; o__Natrialbales; f__Natrialbaceae; g__Natrinema; s__Natrinema pellirubrum
KQW09799	d__Bacteria; p__Proteobacteria; c__Gammaproteobacteria; o__Pseudomonadales; f__Pseudomonadaceae; g__Pseudomonas; s__Pseudomonas sp. Root401
CUK17577	d__Bacteria; p__Proteobacteria; c__Alphaproteobacteria; o__Rhodobacterales; f__Rhodobacteraceae; g__Ruegeria; s__Ruegeria denitrificans
KZL05178	d__Bacteria; p__Proteobacteria; c__Alphaproteobacteria; o__Rhodobacterales; f__Rhodobacteraceae; g__Pseudovibrio; s__Pseudovibrio axinellae
QBZ89585	d__Bacteria; p__Proteobacteria; c__Gammaproteobacteria; o__Pseudomonadales; f__Pseudomonadaceae; g__Pseudomonas; s__Pseudomonas sp. 11K1
AOE60879	d__Bacteria; p__Proteobacteria; c__Gammaproteobacteria; o__Pseudomonadales; f__Pseudomonadaceae; g__Pseudomonas; s__Pseudomonas corrugata
BAF70898	d__Bacteria; p__Proteobacteria; c__Epsilonproteobacteria
SDU55018	d__Bacteria; p__Proteobacteria; c__Gammaproteobacteria; o__Pseudomonadales; f__Pseudomonadaceae; g__Pseudomonas; s__Pseudomonas mediterranea
AHL33762	d__Bacteria; p__Proteobacteria; c__Gammaproteobacteria; o__Pseudomonadales; f__Pseudomonadaceae; g__Pseudomonas; s__Pseudomonas brassicacearum
AXT29033	d__Bacteria; p__Proteobacteria; c__Alphaproteobacteria; o__Rhodobacterales; f__Rhodobacteraceae; g__Ruegeria; s__Ruegeria sp. AD91A
SDS90316	d__Bacteria; p__Proteobacteria; c__Gammaproteobacteria; o__Pseudomonadales; f__Pseudomonadaceae; g__Pseudomonas; s__Pseudomonas cedrina
AVM77256	d__Bacteria; p__Proteobacteria; c__Alphaproteobacteria; o__Rhodospirillales; f__Rhodospirillaceae; g__Magnetospirillum; s__Magnetospirillum gryphiswaldense
KMT52711	d__Bacteria; p__Proteobacteria; c__Gammaproteobacteria; o__Pseudomonadales; f__Pseudomonadaceae; g__Pseudomonas; s__Pseudomonas sp. KG01
ACG57030	d__Bacteria; p__Aquificae; c__Aquificae; o__Aquificales; f__Aquificaceae; g__Hydrogenobaculum; s__Hydrogenobaculum sp. Y04AAS1
KPN61790	d__Bacteria; p__Proteobacteria; c__Alphaproteobacteria; o__Rhodobacterales; f__Rhodobacteraceae; g__Aliiroseovarius; s__Aliiroseovarius crassostreae
OAJ47348	d__Bacteria; p__Proteobacteria; c__Gammaproteobacteria; o__Pseudomonadales; f__Pseudomonadaceae; g__Pseudomonas; s__Pseudomonas marginalis
SPD58864	d__Bacteria; p__Proteobacteria; c__Betaproteobacteria; o__Burkholderiales; f__Burkholderiaceae; g__Cupriavidus; s__Cupriavidus taiwanensis
BAO30368	d__Bacteria; p__Proteobacteria; c__Betaproteobacteria; o__Nitrosomonadales; f__Sterolibacteriaceae; g__Sulfuritalea; s__Sulfuritalea hydrogenivorans
KUJ73455	d__Bacteria; p__Proteobacteria; c__Alphaproteobacteria; o__Rhodobacterales; f__Rhodobacteraceae; g__Ruegeria; s__Ruegeria marisrubri
QDG79327	d__Bacteria; p__Proteobacteria; c__Alphaproteobacteria; o__Rhodobacterales; f__Rhodobacteraceae; g__Labrenzia; s__Labrenzia sp. PHM005
KGJ17119	d__Bacteria; p__Proteobacteria; c__Alphaproteobacteria; o__Rhodobacterales; f__Rhodobacteraceae; g__Paracoccus; s__Paracoccus sanguinis
AMO36595	d__Bacteria; p__Proteobacteria; c__Betaproteobacteria; o__Rhodocyclales; f__Zoogloeaceae; g__Thauera; s__Thauera humireducens
OMG63930	d__Bacteria; p__Proteobacteria; c__Gammaproteobacteria; o__Pseudomonadales; f__Pseudomonadaceae; g__Pseudomonas; s__Pseudomonas balearica
SIR27953	d__Bacteria; p__Proteobacteria; c__Gammaproteobacteria; o__Pseudomonadales; f__Pseudomonadaceae; g__Pseudomonas; s__Pseudomonas flexibilis
ART58955	d__Bacteria; p__Proteobacteria; c__Betaproteobacteria; o__Burkholderiales; f__Comamonadaceae; g__Acidovorax; s__Acidovorax carolinensis
GAO23494	d__Bacteria; p__Proteobacteria; c__Betaproteobacteria; o__Burkholderiales; f__Comamonadaceae; g__Alicycliphilus; s__Alicycliphilus sp. B1
CTQ80930	d__Bacteria; p__Proteobacteria; c__Alphaproteobacteria; o__Rhodobacterales; f__Rhodobacteraceae; g__Labrenzia; s__Labrenzia alba
KZY54181	d__Bacteria; p__Proteobacteria; c__Gammaproteobacteria; o__Oceanospirillales; f__Oleiphilaceae; g__Oleiphilus; s__Oleiphilus sp. HI0061
CTQ80920	d__Bacteria; p__Proteobacteria; c__Alphaproteobacteria; o__Rhodobacterales; f__Rhodobacteraceae; g__Labrenzia; s__Labrenzia alba
CRM92904	d__Bacteria; p__Proteobacteria; c__Gammaproteobacteria; o__Pseudomonadales; f__Pseudomonadaceae; g__Pseudomonas; s__Pseudomonas sp. 22 E 5
KZK95114	d__Bacteria; p__Proteobacteria; c__Alphaproteobacteria; o__Rhodobacterales; f__Rhodobacteraceae; g__Pseudovibrio; s__Pseudovibrio sp. W74
SDU94759	d__Bacteria; p__Proteobacteria; c__Gammaproteobacteria; o__Pseudomonadales; f__Pseudomonadaceae; g__Pseudomonas; s__Pseudomonas brenneri
SDU91601	d__Bacteria; p__Proteobacteria; c__Gammaproteobacteria; o__Pseudomonadales; f__Pseudomonadaceae; g__Pseudomonas; s__Pseudomonas corrugata
BAL94003	d__Bacteria; p__Proteobacteria; c__Betaproteobacteria; o__Burkholderiales
OAN93989	d__Bacteria; p__Proteobacteria; c__Gammaproteobacteria; o__Alteromonadales; f__Alteromonadaceae; g__Marinobacter; s__Marinobacter sp. EhN04
QCZ22893	d__Bacteria; p__Proteobacteria; c__Epsilonproteobacteria; o__Campylobacterales; f__Campylobacteraceae; g__Arcobacter; s__Arcobacter cryaerophilus
OCX95838	d__Bacteria; p__Proteobacteria; c__Gammaproteobacteria; o__Pseudomonadales; f__Pseudomonadaceae; g__Pseudomonas; s__Pseudomonas sp. K35
AEV27649	d__Bacteria; p__Proteobacteria; c__Betaproteobacteria; o__Rhodocyclales; f__Rhodocyclaceae; g__Azospira; s__Dechlorosoma suillum
CUI62920	d__Bacteria; p__Proteobacteria; c__Betaproteobacteria; o__Burkholderiales; f__Alcaligenaceae; g__Alcaligenes; s__Alcaligenes faecalis
ENO87334	d__Bacteria; p__Proteobacteria; c__Betaproteobacteria; o__Rhodocyclales; f__Zoogloeaceae; g__Thauera; s__Thauera aminoaromatica
OMG62201	d__Bacteria; p__Proteobacteria; c__Gammaproteobacteria; o__Pseudomonadales; f__Pseudomonadaceae; g__Pseudomonas; s__Pseudomonas balearica
AOE68612	d__Bacteria; p__Proteobacteria; c__Gammaproteobacteria; o__Pseudomonadales; f__Pseudomonadaceae; g__Pseudomonas; s__Pseudomonas fluorescens
ART60693	d__Bacteria; p__Proteobacteria; c__Betaproteobacteria; o__Burkholderiales; f__Comamonadaceae; g__Acidovorax; s__Acidovorax carolinensis
KQW09808	d__Bacteria; p__Proteobacteria; c__Gammaproteobacteria; o__Pseudomonadales; f__Pseudomonadaceae; g__Pseudomonas; s__Pseudomonas sp. Root401
OMG63935	d__Bacteria; p__Proteobacteria; c__Gammaproteobacteria; o__Pseudomonadales; f__Pseudomonadaceae; g__Pseudomonas; s__Pseudomonas balearica
QCC57510	d__Archaea; p__Euryarchaeota; c__Halobacteria; o__Natrialbales; f__Natrialbaceae; g__Haloterrigena; s__Haloterrigena jeotgali
EHY75992	d__Bacteria; p__Proteobacteria; c__Gammaproteobacteria; o__Pseudomonadales; f__Pseudomonadaceae; g__Pseudomonas; s__Pseudomonas stutzeri
SPA55514	d__Bacteria; p__Proteobacteria; c__Betaproteobacteria; o__Burkholderiales; f__Burkholderiaceae; g__Cupriavidus; s__Cupriavidus taiwanensis
KWW39999	d__Bacteria; p__Proteobacteria; c__Betaproteobacteria; o__Burkholderiales; f__Burkholderiaceae; g__Cupriavidus; s__Cupriavidus metallidurans
