WP_069271333	Bacteria; Proteobacteria; Betaproteobacteria; Burkholderiales; Burkholderiaceae; Burkholderia
WP_067769495	Bacteria; Cyanobacteria; Nostocales; Nostocaceae; Nostoc
WP_013941325	Bacteria; Proteobacteria; Deltaproteobacteria; Myxococcales; Cystobacterineae; Myxococcaceae; Myxococcus; Myxococcus macrosporus
WP_047896193	Bacteria; Proteobacteria; Betaproteobacteria; Burkholderiales; Burkholderiaceae
WP_013948385	Bacteria; Proteobacteria; Alphaproteobacteria; Rhizobiales; Hyphomicrobiaceae; Hyphomicrobium
WP_003615796	Bacteria; Proteobacteria; Alphaproteobacteria; Rhizobiales; Methylocystaceae; Methylosinus
WP_013957645	Bacteria; Proteobacteria; Betaproteobacteria; Burkholderiales; Burkholderiaceae; Cupriavidus
WP_002528644	Bacteria; Actinobacteria; Propionibacteriales; Propionibacteriaceae; Cutibacterium
WP_004629552	Bacteria; Proteobacteria; Betaproteobacteria; Burkholderiales; Burkholderiaceae; Ralstonia
WP_031041642	Bacteria; Actinobacteria; Streptomycetales; Streptomycetaceae; Streptomyces
WP_002516069	Bacteria; Actinobacteria; Actinobacteria; Propionibacteriales; Propionibacteriaceae; Cutibacterium; Cutibacterium acnes
WP_010813763	Bacteria; Proteobacteria; Betaproteobacteria; Burkholderiales; Burkholderiaceae; Cupriavidus
WP_092490817	Bacteria; Proteobacteria; Gammaproteobacteria; Oceanospirillales; Halomonadaceae; Halomonas
WP_002514752	Bacteria; Actinobacteria; Actinobacteria; Propionibacteriales; Propionibacteriaceae; Cutibacterium; Cutibacterium acnes
WP_005513409	Bacteria; Actinobacteria; Corynebacteriales; Nocardiaceae; Rhodococcus
WP_003944999	Bacteria; Actinobacteria; Corynebacteriales; Nocardiaceae; Rhodococcus
WP_026274999	Bacteria; Actinobacteria; Actinobacteria; Micromonosporales; Micromonosporaceae; Salinispora; Salinispora tropica
WP_008194369	Bacteria; Thermotogae; Thermotogae; Thermotogales; Thermotogaceae; Thermotoga
WP_013474910	Bacteria; Actinobacteria; Micromonosporales; Micromonosporaceae; Micromonospora
WP_004082371	Bacteria; Thermotogae; Thermotogales; Thermotogaceae; Thermotoga
WP_032382074	Bacteria; Actinobacteria; Corynebacteriales; Nocardiaceae; Rhodococcus
WP_075326620	Bacteria; Bacteroidetes; Flavobacteriia; Flavobacteriales; Flavobacteriaceae; Salegentibacter
WP_032398003	Bacteria; Actinobacteria; Corynebacteriales; Nocardiaceae; Rhodococcus
WP_096686623	Bacteria; Cyanobacteria; Nostocales; Calotrichaceae; Calothrix
WP_020907710	Bacteria; Actinobacteria; Corynebacteriales; Nocardiaceae; Rhodococcus
WP_027499691	Bacteria; Actinobacteria; Corynebacteriales; Nocardiaceae; Rhodococcus
WP_008764452	Bacteria; Bacteroidetes; Bacteroidia; Bacteroidales; Bacteroidaceae; Bacteroides
WP_012320911	Bacteria; Proteobacteria; Alphaproteobacteria; Rhizobiales; Methylobacteriaceae; Methylobacterium
WP_068961438	Bacteria; Bacteroidetes; Bacteroidia; Bacteroidales; Muribaculaceae; Muribaculum; Muribaculum intestinale
WP_043348390	Bacteria; Proteobacteria; Alphaproteobacteria; Rhizobiales; Methylobacteriaceae; Methylobacterium
WP_021195252	Bacteria; Proteobacteria; Betaproteobacteria; Burkholderiales; Burkholderiaceae; Ralstonia
WP_055460586	Bacteria; Proteobacteria; Alphaproteobacteria; Rhizobiales; Chelatococcaceae; Chelatococcus
WP_003662899	Bacteria; Proteobacteria; Gammaproteobacteria; Pseudomonadales; Moraxellaceae; Moraxella
WP_005775686	Bacteria; Bacteroidetes; Bacteroidia; Bacteroidales; Bacteroidaceae; Bacteroides
WP_014874001	Bacteria; Proteobacteria; Alphaproteobacteria; Rhodobacterales; Rhodobacteraceae; Phaeobacter
WP_075740382	Bacteria; Actinobacteria; Pseudonocardiales; Pseudonocardiaceae; Actinoalloteichus
WP_013213264	Bacteria; Proteobacteria; Betaproteobacteria; Burkholderiales; Burkholderiaceae; Ralstonia
WP_019857615	Bacteria; Proteobacteria; Alphaproteobacteria; Rhizobiales; Phyllobacteriaceae; Mesorhizobium
WP_005785230	Bacteria; Bacteroidetes; Bacteroidia; Bacteroidales; Bacteroidaceae; Bacteroides
WP_013532245	Bacteria; Proteobacteria; Alphaproteobacteria; Rhizobiales; Phyllobacteriaceae; Mesorhizobium
WP_004301766	Bacteria; Bacteroidetes; Bacteroidia; Bacteroidales; Bacteroidaceae; Bacteroides
WP_019401182	Bacteria; Proteobacteria; Alphaproteobacteria; Rhizobiales; Chelatococcaceae; Chelatococcus
WP_019460266	Bacteria; Proteobacteria; Alphaproteobacteria; Rhodospirillales; Acetobacteraceae; Roseomonas
WP_063392963	Bacteria; Proteobacteria; Betaproteobacteria; Burkholderiales; Burkholderiaceae; Ralstonia
WP_011087790	Bacteria; Proteobacteria; Alphaproteobacteria; Rhizobiales; Bradyrhizobiaceae; Bradyrhizobium
WP_009543276	Bacteria; Cyanobacteria; Oscillatoriophycideae; Chroococcales; Aphanothecaceae; Crocosphaera; Crocosphaera subtropica
WP_005241766	Bacteria; Actinobacteria; Corynebacteriales; Nocardiaceae; Rhodococcus
WP_014806679	Bacteria; Synergistetes; Synergistia; Synergistales; Synergistaceae; Acetomicrobium
WP_007611095	Bacteria; Proteobacteria; Alphaproteobacteria; Rhizobiales; Bradyrhizobiaceae; Bradyrhizobium
WP_029239460	Bacteria; Actinobacteria; Actinobacteria; Pseudonocardiales; Pseudonocardiaceae; Pseudonocardia
WP_006260284	Bacteria; Bacteroidetes; Flavobacteriia; Flavobacteriales; Flavobacteriaceae; Myroides
WP_024583378	Bacteria; Proteobacteria; Alphaproteobacteria; Rhizobiales; Bradyrhizobiaceae; Bradyrhizobium
WP_035577834	Bacteria; Proteobacteria; Gammaproteobacteria; Oceanospirillales; Halomonadaceae; Halomonas
WP_009721753	Bacteria; Proteobacteria; Gammaproteobacteria; Oceanospirillales; Halomonadaceae; Halomonas
WP_030093515	Bacteria; Actinobacteria; Corynebacteriales; Mycobacteriaceae
WP_078702304	Bacteria; Bacteroidetes; Flavobacteriia; Flavobacteriales; Flavobacteriaceae; Elizabethkingia
WP_068764951	Bacteria; Proteobacteria; Alphaproteobacteria; Rhodobacterales; Rhodobacteraceae
WP_012526834	Bacteria; Proteobacteria; Deltaproteobacteria; Myxococcales; Cystobacterineae; Anaeromyxobacteraceae
WP_026418852	Bacteria; Actinobacteria; Actinobacteria; Pseudonocardiales; Pseudonocardiaceae; Actinoalloteichus; Actinoalloteichus cyanogriseus
WP_075990779	Bacteria; Bacteroidetes; Sphingobacteriia; Sphingobacteriales; Sphingobacteriaceae; Sphingobacterium
WP_070362416	Bacteria; Actinobacteria; Actinobacteria; Corynebacteriales; Corynebacteriaceae; Corynebacterium
WP_039183684	Bacteria; Proteobacteria; Gammaproteobacteria; Oceanospirillales; Halomonadaceae; Halomonas
WP_034869919	Bacteria; Bacteroidetes; Flavobacteriia; Flavobacteriales; Flavobacteriaceae; Elizabethkingia
WP_079218571	Bacteria; Proteobacteria; Betaproteobacteria; Burkholderiales; Oxalobacteraceae; Herbaspirillum; Herbaspirillum robiniae
WP_014671488	Bacteria; Actinobacteria; Streptomycetales; Streptomycetaceae; Streptomyces
WP_030726993	Bacteria; Actinobacteria; Streptomycetales; Streptomycetaceae; Streptomyces
WP_062096219	Bacteria; Actinobacteria; Micrococcales; Micrococcaceae
WP_088663265	Bacteria; Proteobacteria; Alphaproteobacteria; Rhodobacterales; Rhodobacteraceae; Celeribacter; Celeribacter manganoxidans
WP_003946984	Bacteria; Actinobacteria; Streptomycetales; Streptomycetaceae; Streptomyces
WP_029383008	Bacteria; Actinobacteria; Streptomycetales; Streptomycetaceae; Streptomyces
WP_018570166	Bacteria; Actinobacteria; Actinobacteria; Streptomycetales; Streptomycetaceae; Streptomyces
WP_006116404	Bacteria; Proteobacteria; Alphaproteobacteria; Rhodospirillales; Acetobacteraceae; Acetobacter
WP_033275135	Bacteria; Actinobacteria
WP_003977385	Bacteria; Actinobacteria; Streptomycetales; Streptomycetaceae; Streptomyces
WP_055547749	Bacteria; Actinobacteria; Streptomycetales; Streptomycetaceae; Streptomyces
WP_079259683	Bacteria; Actinobacteria; Streptomycetales; Streptomycetaceae; Streptomyces
WP_021473064	Bacteria; Actinobacteria; Actinobacteria; Micrococcales; Micrococcaceae; Arthrobacter; unclassified Arthrobacter
WP_003970409	Bacteria; Actinobacteria; Streptomycetales; Streptomycetaceae; Streptomyces
WP_037207314	Bacteria; Proteobacteria; Alphaproteobacteria; Rhodobacterales; Rhodobacteraceae
WP_014157414	Unclassified; Bacteria
WP_015607322	Bacteria; Actinobacteria; Streptomycetales; Streptomycetaceae; Streptomyces
WP_009063338	Bacteria; Actinobacteria; Actinobacteria; Streptomycetales; Streptomycetaceae; Streptomyces
WP_016571912	Bacteria; Actinobacteria; Actinobacteria; Streptomycetales; Streptomycetaceae; Streptomyces; Streptomyces albulus
WP_011691538	Bacteria; Actinobacteria; Actinobacteria; Micrococcales; Micrococcaceae; Arthrobacter
WP_016479053	Bacteria; Bacteroidetes; Flavobacteriia; Flavobacteriales; Flavobacteriaceae; Capnocytophaga
WP_059248198	Bacteria; Actinobacteria; Streptomycetales; Streptomycetaceae; Streptomyces
WP_031132346	Bacteria; Actinobacteria; Streptomycetales; Streptomycetaceae; Streptomyces
WP_011755895	Bacteria; Actinobacteria; Actinobacteria; Propionibacteriales; Nocardioidaceae; Nocardioides
WP_014921429	Bacteria; Actinobacteria; Actinobacteria; Micrococcales; Micrococcaceae; Arthrobacter
WP_011244164	Bacteria; Cyanobacteria; Synechococcales; Synechococcaceae; Synechococcus
WP_010046367	Bacteria; Actinobacteria; Streptomycetales; Streptomycetaceae; Streptomyces
WP_077240700	Bacteria; Actinobacteria; Actinomycetales; Actinomycetaceae; Actinomyces
WP_019762471	Bacteria; Actinobacteria; Streptomycetales; Streptomycetaceae; Streptomyces
WP_039998547	Bacteria; Proteobacteria; Alphaproteobacteria; Rhodospirillales; Acetobacteraceae
WP_039638068	Bacteria; Actinobacteria; Streptomycetales; Streptomycetaceae; Streptomyces
WP_007262951	Bacteria; Actinobacteria; Streptomycetales; Streptomycetaceae; Streptomyces
WP_015032243	Bacteria; Actinobacteria; Streptomycetales; Streptomycetaceae; Streptomyces
WP_024760819	Bacteria; Actinobacteria; Streptomycetales; Streptomycetaceae; Streptomyces
WP_012983055	Bacteria; Proteobacteria; Gammaproteobacteria; Chromatiales; Ectothiorhodospiraceae; Thioalkalivibrio
WP_028419750	Bacteria; Actinobacteria; Actinobacteria; Streptomycetales; Streptomycetaceae; Streptomyces
WP_075774221	Bacteria; Proteobacteria; Alphaproteobacteria; Rhodobacterales; Rhodobacteraceae; Thioclava
WP_003821850	Bacteria; Proteobacteria; Betaproteobacteria; Neisseriales; Neisseriaceae; Eikenella
WP_017452181	Bacteria; Proteobacteria; Betaproteobacteria; Burkholderiales; Oxalobacteraceae; Herbaspirillum
WP_052837924	Bacteria; Actinobacteria; Streptomycetales; Streptomycetaceae; Streptomyces
WP_014044775	Bacteria; Actinobacteria; Actinobacteria; Streptomycetales; Streptomycetaceae; Streptomyces
WP_023525479	Bacteria; Nitrospirae; Nitrospirales; Nitrospiraceae; Leptospirillum
WP_062779628	Bacteria; Actinobacteria; Streptomycetales; Streptomycetaceae; Streptomyces
WP_033267884	Bacteria; Actinobacteria; Streptomycetales; Streptomycetaceae; Streptomyces
WP_030038615	Bacteria; Actinobacteria; Streptomycetales; Streptomycetaceae; Streptomyces
WP_039649068	Bacteria; Actinobacteria; Streptomycetales; Streptomycetaceae; Streptomyces
WP_006551470	Bacteria; Actinobacteria; Corynebacteriales; Nocardiaceae; Rhodococcus
WP_012595748	Bacteria; Cyanobacteria; Oscillatoriophycideae; Chroococcales; Aphanothecaceae; Rippkaea; Rippkaea orientalis
WP_060850869	Bacteria; Proteobacteria; Alphaproteobacteria; Rhizobiales; Methylobacteriaceae; Methylobacterium
WP_011559788	Bacteria; Actinobacteria; Corynebacteriales; Mycobacteriaceae
YP_001703528	Bacteria; Actinobacteria; Actinobacteria; Corynebacteriales; Mycobacteriaceae; Mycobacteroides; Mycobacteroides abscessus
WP_012324023	Bacteria; Proteobacteria; Gammaproteobacteria; Alteromonadales; Shewanellaceae; Shewanella
WP_015355803	Bacteria; Actinobacteria; Corynebacteriales; Mycobacteriaceae; Mycobacterium
WP_016691694	Bacteria; Actinobacteria; Corynebacteriales; Nocardiaceae; Rhodococcus
WP_025041494	Bacteria; Proteobacteria; Betaproteobacteria; Nitrosomonadales; Nitrosomonadaceae; Nitrosospira
WP_010595110	Bacteria; Actinobacteria; Corynebacteriales; Nocardiaceae; Rhodococcus
WP_014130309	Bacteria; Proteobacteria; Alphaproteobacteria; Rhizobiales; Hyphomicrobiaceae; Pelagibacterium
WP_034759563	Bacteria; Proteobacteria; Betaproteobacteria; Burkholderiales; Oxalobacteraceae; Janthinobacterium
WP_007423604	Bacteria; Proteobacteria; Alphaproteobacteria; Rhodospirillales; Acetobacteraceae; Acidiphilium
WP_016448969	Bacteria; Proteobacteria; Betaproteobacteria; Burkholderiales; Comamonadaceae; Delftia
WP_013646476	Bacteria; Proteobacteria; Betaproteobacteria; Nitrosomonadales; Nitrosomonadaceae; Nitrosomonas
WP_038628949	Bacteria; Actinobacteria; Corynebacteriales; Corynebacteriaceae; Corynebacterium
WP_065502905	Bacteria; Actinobacteria; Actinobacteria; Corynebacteriales; Mycobacteriaceae; Mycobacterium
WP_006558368	Bacteria; Proteobacteria; Alphaproteobacteria; Rhodospirillales; Acetobacteraceae; Acetobacter
WP_067975452	Bacteria; Firmicutes; Bacilli; Lactobacillales; Aerococcaceae; Aerococcus
WP_086896728	Bacteria; Proteobacteria; Alphaproteobacteria; Rhodospirillales; Acetobacteraceae; Acetobacter
WP_011437570	Bacteria; Actinobacteria; Frankiales; Frankiaceae; Frankia
WP_003898872	Bacteria; Actinobacteria; Corynebacteriales; Mycobacteriaceae; Mycobacterium
WP_020822961	Bacteria; Actinobacteria; Corynebacteriales; Mycobacteriaceae; Mycobacterium
WP_014385264	Bacteria; Actinobacteria; Actinobacteria; Corynebacteriales; Mycobacteriaceae; Mycobacterium
WP_019711914	Bacteria; Actinobacteria; Streptomycetales; Streptomycetaceae; Streptomyces
WP_068101089	Bacteria; Actinobacteria; Corynebacteriales; Nocardiaceae; Rhodococcus
WP_048389922	Bacteria; Firmicutes; Bacilli; Bacillales; Bacillaceae; Lysinibacillus
WP_048731874	Bacteria; Actinobacteria; Corynebacteriales; Corynebacteriaceae; Corynebacterium
WP_009977644	Bacteria; Actinobacteria; Actinobacteria; Corynebacteriales; Mycobacteriaceae; Mycobacterium
WP_011126960	Bacteria; Cyanobacteria; Synechococcales; Synechococcaceae; Synechococcus
WP_067168798	Bacteria; Actinobacteria; Actinobacteria; Corynebacteriales; Mycobacteriaceae; Mycobacterium; Mycobacterium marseillense
WP_013995021	Bacteria; Bacteroidetes; Flavobacteriia; Flavobacteriales; Flavobacteriaceae; Zobellia
WP_008258173	Bacteria; Actinobacteria; Corynebacteriales; Mycobacteriaceae; Mycobacterium
WP_076746972	Bacteria; Proteobacteria; Gammaproteobacteria; Oceanospirillales; Halomonadaceae; Halomonas
WP_006937682	Bacteria; Actinobacteria; Corynebacteriales; Nocardiaceae; Rhodococcus
WP_042795115	Bacteria; Proteobacteria; Betaproteobacteria; Burkholderiales; Alcaligenaceae; Achromobacter
WP_076797925	Bacteria; Actinobacteria; Micrococcales; Micrococcaceae; Arthrobacter
WP_008774114	Bacteria; Bacteroidetes; Bacteroidia; Bacteroidales
WP_061211666	Bacteria; Actinobacteria; Micrococcales; Dermabacteraceae; Dermabacter
WP_042912399	Bacteria; Actinobacteria; Actinobacteria; Corynebacteriales; Mycobacteriaceae; Mycobacterium
WP_058103330	Bacteria; Bacteroidetes; Flavobacteriia; Flavobacteriales; Flavobacteriaceae; Maribacter
WP_071078714	Bacteria; Proteobacteria; Betaproteobacteria; Burkholderiales; Oxalobacteraceae; Janthinobacterium
WP_011507876	Bacteria; Proteobacteria; Gammaproteobacteria; Oceanospirillales; Halomonadaceae; Chromohalobacter
WP_043331374	Bacteria; Proteobacteria; Gammaproteobacteria; Oceanospirillales; Halomonadaceae
WP_005531627	Bacteria; Actinobacteria; Corynebacteriales; Corynebacteriaceae; Corynebacterium
WP_003856018	Bacteria; Actinobacteria; Corynebacteriales; Corynebacteriaceae; Corynebacterium
WP_059584415	Bacteria; Proteobacteria; Betaproteobacteria; Burkholderiales; Burkholderiaceae; Burkholderia
WP_013437953	Bacteria; Firmicutes; Bacilli; Lactobacillales; Lactobacillaceae; Lactobacillus
WP_019513469	Bacteria; Actinobacteria; Corynebacteriales; Mycobacteriaceae
WP_055023789	Bacteria; Proteobacteria; Gammaproteobacteria; Alteromonadales; Shewanellaceae; Shewanella
WP_016389995	Bacteria; Proteobacteria; Gammaproteobacteria; Thiotrichales; Piscirickettsiaceae; Cycloclasticus
WP_070418333	Bacteria; Actinobacteria; Actinobacteria; Micrococcales; Microbacteriaceae; Curtobacterium
WP_003640238	Bacteria; Firmicutes; Bacilli; Lactobacillales; Lactobacillaceae; Lactobacillus
WP_011894570	Bacteria; Actinobacteria; Corynebacteriales; Mycobacteriaceae
WP_061922304	Bacteria; Actinobacteria; Corynebacteriales; Corynebacteriaceae; Corynebacterium
WP_006082639	Bacteria; Proteobacteria; Gammaproteobacteria; Alteromonadales; Shewanellaceae; Shewanella
WP_047822987	Bacteria; Proteobacteria; Betaproteobacteria; Burkholderiales; Oxalobacteraceae; Massilia
WP_009596738	Bacteria; Bacteroidetes; Bacteroidia; Bacteroidales; Rikenellaceae; Alistipes
WP_018169400	Bacteria; Proteobacteria; Gammaproteobacteria; Chromatiales; Ectothiorhodospiraceae; Thioalkalivibrio
WP_060975049	Bacteria; Proteobacteria; Betaproteobacteria; Neisseriales; Neisseriaceae; Neisseria
WP_039936819	Bacteria; Actinobacteria; Streptomycetales; Streptomycetaceae; Streptomyces
WP_003777871	Bacteria; Proteobacteria; Betaproteobacteria; Neisseriales; Neisseriaceae; Neisseria
WP_015006389	Bacteria; Proteobacteria; Gammaproteobacteria; Thiotrichales; Piscirickettsiaceae; Cycloclasticus
WP_068520820	Bacteria; Actinobacteria; Actinobacteria; Corynebacteriales; Tsukamurellaceae; Tsukamurella; Tsukamurella tyrosinosolvens
WP_011210132	Bacteria; Actinobacteria; Corynebacteriales; Nocardiaceae
WP_003880817	Bacteria; Actinobacteria; Actinobacteria; Corynebacteriales; Mycobacteriaceae; Mycolicibacterium; Mycolicibacterium fortuitum
WP_087515564	Bacteria; Proteobacteria; Gammaproteobacteria; Pseudomonadales; Pseudomonadaceae; Pseudomonas
WP_003185938	Bacteria; Proteobacteria; Gammaproteobacteria; Pseudomonadales; Pseudomonadaceae; Pseudomonas
WP_015601516	Bacteria; Proteobacteria; Betaproteobacteria; Burkholderiales; Burkholderiaceae; Burkholderia
WP_003444275	Bacteria; Proteobacteria; Gammaproteobacteria; Pseudomonadales; Pseudomonadaceae; Pseudomonas
WP_002222781	Bacteria; Proteobacteria
WP_002214167	Bacteria; Proteobacteria; Betaproteobacteria; Neisseriales; Neisseriaceae
WP_025262014	Bacteria; Proteobacteria; Gammaproteobacteria; Pseudomonadales; Pseudomonadaceae; Pseudomonas
WP_027917814	Bacteria; Proteobacteria; Gammaproteobacteria; Pseudomonadales; Pseudomonadaceae; Pseudomonas
WP_015072962	Bacteria; Proteobacteria; Alphaproteobacteria; Rhodospirillales; Acetobacteraceae; Gluconobacter
WP_053114484	Bacteria; Proteobacteria; Gammaproteobacteria
WP_003228649	Bacteria; Proteobacteria; Gammaproteobacteria; Pseudomonadales; Pseudomonadaceae; Pseudomonas
WP_054893599	Bacteria; Proteobacteria; Gammaproteobacteria; Pseudomonadales; Pseudomonadaceae; Pseudomonas
WP_005847570	Bacteria; Bacteroidetes; Bacteroidia; Bacteroidales; Prevotellaceae; Prevotella
WP_006391339	Bacteria; Proteobacteria; Betaproteobacteria; Burkholderiales; Alcaligenaceae; Achromobacter
WP_007924117	Bacteria; Proteobacteria; Gammaproteobacteria; Pseudomonadales; Pseudomonadaceae; Pseudomonas
WP_003176356	Bacteria; Proteobacteria; Gammaproteobacteria; Pseudomonadales; Pseudomonadaceae; Pseudomonas
WP_017849577	Bacteria; Proteobacteria; Gammaproteobacteria; Pseudomonadales; Pseudomonadaceae; Pseudomonas
WP_002555427	Bacteria; Proteobacteria; Gammaproteobacteria; Pseudomonadales; Pseudomonadaceae; Pseudomonas
WP_007155554	Bacteria; Proteobacteria; Gammaproteobacteria; Alteromonadales; Alteromonadaceae; Marinobacter
WP_036278698	Bacteria; Proteobacteria; Gammaproteobacteria; Methylococcales; Methylococcaceae; Methylomonas
WP_011819254	Bacteria; Cyanobacteria; Synechococcales; Prochloraceae; Prochlorococcus
WP_006992174	Bacteria; Proteobacteria; Gammaproteobacteria; Alteromonadales
WP_003255395	Bacteria; Proteobacteria; Gammaproteobacteria
WP_007646164	Bacteria; Proteobacteria; Gammaproteobacteria; Alteromonadales; Shewanellaceae; Shewanella
WP_056558843	Bacteria; Proteobacteria; Betaproteobacteria; Burkholderiales; Alcaligenaceae; Achromobacter
WP_009010537	Bacteria; Bacteroidetes; Bacteroidia; Bacteroidales; Prevotellaceae; Prevotella
WP_011864992	Bacteria; Proteobacteria; Gammaproteobacteria; Alteromonadales; Shewanellaceae; Shewanella
WP_014700846	Bacteria; Proteobacteria; Gammaproteobacteria; Enterobacterales; Pectobacteriaceae; Pectobacterium; Pectobacterium parmentieri
WP_065759168	Bacteria; Proteobacteria; Gammaproteobacteria; Pseudomonadales; Pseudomonadaceae; Pseudomonas
WP_003093311	Bacteria; Proteobacteria; Gammaproteobacteria; Pseudomonadales; Pseudomonadaceae; Pseudomonas
WP_003194576	Bacteria; Proteobacteria; Gammaproteobacteria
WP_016968455	Bacteria; Proteobacteria; Gammaproteobacteria; Pseudomonadales; Pseudomonadaceae; Pseudomonas
WP_002965946	Bacteria; Proteobacteria; Alphaproteobacteria; Rhizobiales; Brucellaceae; Brucella
WP_014693401	Bacteria; Actinobacteria; Actinobacteria; Micromonosporales; Micromonosporaceae; Actinoplanes
WP_013789799	Bacteria; Proteobacteria; Gammaproteobacteria; Pseudomonadales; Pseudomonadaceae; Pseudomonas
WP_010969780	Bacteria; Proteobacteria; Alphaproteobacteria; Rhizobiales
WP_023631199	Bacteria; Proteobacteria; Gammaproteobacteria; Pseudomonadales; Pseudomonadaceae; Pseudomonas
WP_011063735	Bacteria; Proteobacteria; Gammaproteobacteria; Pseudomonadales; Pseudomonadaceae; Pseudomonas
WP_002219595	Bacteria; Proteobacteria; Betaproteobacteria; Neisseriales; Neisseriaceae; Neisseria
WP_015475395	Bacteria; Proteobacteria; Gammaproteobacteria; Pseudomonadales; Pseudomonadaceae; Pseudomonas
WP_008092356	Bacteria; Proteobacteria; Gammaproteobacteria; Pseudomonadales; Pseudomonadaceae; Pseudomonas
WP_007161209	Bacteria; Proteobacteria; Gammaproteobacteria; Pseudomonadales; Pseudomonadaceae; Pseudomonas
WP_012019761	Bacteria; Proteobacteria; Gammaproteobacteria; Pseudomonadales; Pseudomonadaceae; Pseudomonas
WP_024646173	Bacteria; Proteobacteria; Gammaproteobacteria; Pseudomonadales; Pseudomonadaceae; Pseudomonas
WP_014149346	Bacteria; Proteobacteria; Gammaproteobacteria; Methylococcales; Methylococcaceae; Methylomicrobium
WP_003209986	Bacteria; Proteobacteria; Gammaproteobacteria; Pseudomonadales; Pseudomonadaceae; Pseudomonas
WP_011429957	Bacteria; Cyanobacteria; Synechococcales; Synechococcaceae; Synechococcus
WP_003808598	Bacteria; Proteobacteria; Betaproteobacteria; Burkholderiales; Alcaligenaceae; Bordetella
WP_043210219	Bacteria; Proteobacteria; Gammaproteobacteria; Pseudomonadales; Pseudomonadaceae; Pseudomonas
WP_005506244	Bacteria; Actinobacteria; Micrococcales; Micrococcaceae; Rothia
WP_014870011	Bacteria; Proteobacteria; Gammaproteobacteria; Alteromonadales; Alteromonadaceae; Marinobacter
WP_012305775	Bacteria; Cyanobacteria; Synechococcales; Synechococcaceae; Synechococcus
WP_019340068	Bacteria; Proteobacteria; Gammaproteobacteria; Pseudomonadales; Pseudomonadaceae; Pseudomonas
WP_053406233	Bacteria; Bacteroidetes; Cytophagia; Cytophagales; Persicobacteraceae; Persicobacter
WP_003289143	Bacteria; Proteobacteria; Gammaproteobacteria; Pseudomonadales; Pseudomonadaceae; Pseudomonas
WP_028944446	Bacteria; Proteobacteria; Gammaproteobacteria; Pseudomonadales; Pseudomonadaceae; Pseudomonas
WP_016779228	Bacteria; Proteobacteria; Gammaproteobacteria; Pseudomonadales; Pseudomonadaceae; Pseudomonas
WP_011784363	Bacteria; Proteobacteria; Gammaproteobacteria; Alteromonadales; Alteromonadaceae; Marinobacter
WP_059644987	Bacteria; Proteobacteria; Betaproteobacteria; Burkholderiales; Burkholderiaceae; Burkholderia
WP_014958713	Bacteria; Proteobacteria; Deltaproteobacteria; Desulfobacterales; Desulfobacteraceae; Desulfobacula
WP_003206025	Bacteria; Proteobacteria; Gammaproteobacteria; Pseudomonadales; Pseudomonadaceae; Pseudomonas
WP_007628592	Bacteria; Actinobacteria; Corynebacteriales; Dietziaceae; Dietzia
WP_033538591	Bacteria; Proteobacteria; Gammaproteobacteria; Alteromonadales; Shewanellaceae; Shewanella
WP_008170762	Bacteria; Proteobacteria; Gammaproteobacteria; Alteromonadales; Alteromonadaceae; Marinobacter
WP_043313777	Bacteria; Proteobacteria; Gammaproteobacteria; Pseudomonadales; Pseudomonadaceae; Pseudomonas
WP_010282064	Bacteria; Proteobacteria; Gammaproteobacteria; Enterobacterales; Pectobacteriaceae; Pectobacterium
WP_039485449	Bacteria; Proteobacteria; Gammaproteobacteria; Enterobacterales; Pectobacteriaceae; Pectobacterium
WP_011073313	Bacteria; Proteobacteria; Gammaproteobacteria; Alteromonadales; Shewanellaceae; Shewanella
WP_080048672	Bacteria; Proteobacteria; Gammaproteobacteria; Pseudomonadales; Pseudomonadaceae; Pseudomonas
WP_005649462	Bacteria; Proteobacteria; Alphaproteobacteria; Rhodobacterales; Rhodobacteraceae; Epibacterium; Epibacterium mobile
WP_023534949	Bacteria; Proteobacteria; Gammaproteobacteria; Pseudomonadales; Pseudomonadaceae; Pseudomonas
WP_015815366	Bacteria; Proteobacteria; Betaproteobacteria; Neisseriales; Neisseriaceae; Neisseria
WP_003243999	Bacteria; Proteobacteria; Gammaproteobacteria; Pseudomonadales; Pseudomonadaceae; Pseudomonas
WP_014174927	Bacteria; Actinobacteria; Streptomycetales; Streptomycetaceae; Streptomyces
WP_023977802	Bacteria; Proteobacteria; Alphaproteobacteria; Rhodospirillales; Acetobacteraceae; Asaia
WP_061053393	Bacteria; Firmicutes; Bacilli; Lactobacillales; Enterococcaceae; Enterococcus
WP_094428320	Bacteria; Firmicutes; Bacilli; Bacillales; Bacillaceae; Bacillus
WP_026337944	Bacteria; Actinobacteria; Streptosporangiales; Nocardiopsaceae; Nocardiopsis
WP_029260424	Bacteria; Actinobacteria; Actinobacteria; Micrococcales; Microbacteriaceae; Microbacterium
WP_015716093	Bacteria; Deinococcus-Thermus; Deinococci; Thermales; Thermaceae; Thermus
WP_006025578	Bacteria; Proteobacteria; Betaproteobacteria; Burkholderiales; Burkholderiaceae; Burkholderia
WP_014950088	Unclassified; Bacteria
WP_006995951	Bacteria; Proteobacteria; Gammaproteobacteria; Pasteurellales; Pasteurellaceae; Haemophilus
WP_022632536	Bacteria; Proteobacteria; Gammaproteobacteria; Enterobacterales; Pectobacteriaceae; Dickeya
WP_097538063	Bacteria; Proteobacteria; Alphaproteobacteria; Rhizobiales; Rhizobiaceae; Sinorhizobium
WP_075999124	Bacteria; Proteobacteria; Gammaproteobacteria; Cellvibrionales; Halieaceae; Halioglobus
WP_071980084	Bacteria; Proteobacteria; Gammaproteobacteria; Alteromonadales; Alteromonadaceae; Alteromonas
WP_003063913	Bacteria; Proteobacteria; Betaproteobacteria; Burkholderiales; Comamonadaceae; Comamonas
WP_005233264	Bacteria; Firmicutes; Bacilli; Lactobacillales; Enterococcaceae; Enterococcus
WP_013398970	Bacteria; Actinobacteria; Micrococcales; Micrococcaceae; Rothia
WP_016941767	Bacteria; Proteobacteria; Gammaproteobacteria; Enterobacterales; Pectobacteriaceae; Dickeya
WP_043212155	Bacteria; Proteobacteria; Betaproteobacteria; Burkholderiales; Alcaligenaceae; Bordetella; Bordetella pseudohinzii
WP_055834329	Bacteria; Actinobacteria; Actinobacteria; Micrococcales; Microbacteriaceae; Microbacterium
WP_005695997	Bacteria; Proteobacteria; Gammaproteobacteria; Pasteurellales; Pasteurellaceae; Haemophilus
WP_008634050	Bacteria; Deinococcus-Thermus; Deinococci; Thermales; Thermaceae; Thermus
WP_013104130	Bacteria; Firmicutes; Bacilli; Lactobacillales; Leuconostocaceae; Leuconostoc
WP_005230622	Bacteria; Firmicutes; Bacilli; Lactobacillales; Enterococcaceae; Enterococcus
WP_080542863	Bacteria; Fusobacteria; Fusobacteriales; Fusobacteriaceae; Fusobacterium
WP_005628657	Bacteria; Proteobacteria; Gammaproteobacteria; Pasteurellales; Pasteurellaceae; Haemophilus
WP_011272561	Bacteria; Proteobacteria; Gammaproteobacteria; Pasteurellales; Pasteurellaceae; Haemophilus
WP_014998929	Bacteria; Proteobacteria; Gammaproteobacteria; Alteromonadales; Alteromonadaceae; Alteromonas
WP_013316828	Bacteria; Proteobacteria; Gammaproteobacteria; Enterobacterales; Pectobacteriaceae; Dickeya
WP_046479137	Bacteria; Proteobacteria; Alphaproteobacteria; Rhizobiales; Hyphomicrobiaceae; Filomicrobium
WP_030279808	Bacteria; Actinobacteria; Streptomycetales; Streptomycetaceae
WP_013783365	Bacteria; Proteobacteria; Gammaproteobacteria; Alteromonadales; Alteromonadaceae; Alteromonas
WP_004844980	Bacteria; Firmicutes; Clostridia; Clostridiales
WP_023955566	Bacteria; Actinobacteria; Micrococcales; Microbacteriaceae; Microbacterium
WP_053095484	Bacteria; Actinobacteria; Actinobacteria; Micrococcales; Microbacteriaceae; Microbacterium
WP_002119264	Bacteria; Proteobacteria; Gammaproteobacteria; Pseudomonadales; Moraxellaceae; Acinetobacter
WP_005381572	Bacteria; Proteobacteria; Gammaproteobacteria; Vibrionales; Vibrionaceae; Vibrio
WP_006894824	Bacteria; Actinobacteria; Corynebacteriales; Gordoniaceae; Gordonia
WP_011764053	Bacteria; Proteobacteria; Betaproteobacteria; Rhodocyclales; Zoogloeaceae; Azoarcus
WP_041852524	Bacteria; Proteobacteria; Gammaproteobacteria; Enterobacterales
WP_004186056	Bacteria; Proteobacteria; Betaproteobacteria; Burkholderiales; Burkholderiaceae; Burkholderia
WP_019212922	Bacteria; Proteobacteria; Gammaproteobacteria; Enterobacterales; Yersiniaceae; Yersinia
WP_004724909	Bacteria; Proteobacteria; Gammaproteobacteria; Vibrionales; Vibrionaceae; Vibrio
WP_041144290	Bacteria; Proteobacteria; Gammaproteobacteria; Enterobacterales; Enterobacteriaceae; Raoultella
WP_005181338	Bacteria; Proteobacteria; Gammaproteobacteria; Pseudomonadales; Moraxellaceae; Acinetobacter
WP_001021161	Bacteria; Proteobacteria
WP_023580887	Bacteria; Proteobacteria; Gammaproteobacteria; Enterobacterales; Morganellaceae; Proteus
WP_086226712	Bacteria; Proteobacteria; Epsilonproteobacteria; Campylobacterales; Campylobacteraceae; Campylobacter
WP_038480412	Bacteria; Firmicutes; Bacilli; Bacillales; Bacillaceae; Bacillus
WP_006957919	Bacteria; Proteobacteria; Gammaproteobacteria; Vibrionales; Vibrionaceae; Vibrio
WP_039382965	Bacteria; Proteobacteria; Gammaproteobacteria; Enterobacterales; Erwiniaceae; Pantoea
WP_010931502	Bacteria; Proteobacteria; Betaproteobacteria; Burkholderiales; Alcaligenaceae; Bordetella
WP_011200153	Bacteria; Proteobacteria; Gammaproteobacteria; Pasteurellales; Pasteurellaceae; Basfia
WP_042712118	Bacteria; Proteobacteria; Gammaproteobacteria; Enterobacterales; Enterobacteriaceae
WP_000864130	Bacteria; Proteobacteria; Gammaproteobacteria; Vibrionales; Vibrionaceae; Vibrio
WP_004940385	Bacteria; Proteobacteria; Gammaproteobacteria; Enterobacterales
WP_011078424	Bacteria; Proteobacteria; Gammaproteobacteria; Vibrionales; Vibrionaceae; Vibrio
WP_023283290	Bacteria; Proteobacteria; Gammaproteobacteria; Enterobacterales; Enterobacteriaceae; Klebsiella
WP_005317595	Bacteria; Proteobacteria; Gammaproteobacteria; Aeromonadales; Aeromonadaceae; Aeromonas
WP_038648599	Bacteria; Proteobacteria; Gammaproteobacteria; Enterobacterales; Erwiniaceae; Pantoea
WP_012204386	Bacteria; Proteobacteria; Betaproteobacteria; Burkholderiales; Comamonadaceae; Delftia
WP_043559053	Bacteria; Proteobacteria; Alphaproteobacteria; Rhodospirillales; Acetobacteraceae
WP_003605626	Bacteria; Proteobacteria; Alphaproteobacteria; Rhizobiales; Methylobacteriaceae; Methylorubrum
WP_042018201	Bacteria; Proteobacteria; Gammaproteobacteria; Aeromonadales; Aeromonadaceae; Aeromonas
WP_012661257	Bacteria; Proteobacteria; Epsilonproteobacteria; Campylobacterales; Campylobacteraceae; Campylobacter
WP_045175296	Bacteria; Proteobacteria; Gammaproteobacteria; Enterobacterales; Enterobacteriaceae
WP_005220409	Bacteria; Proteobacteria; Gammaproteobacteria; Chromatiales; Chromatiaceae; Marichromatium
WP_001021370	Bacteria; Proteobacteria; Gammaproteobacteria; Enterobacterales; Enterobacteriaceae; Salmonella
WP_001021162	Bacteria; Proteobacteria; Gammaproteobacteria; Enterobacterales; Enterobacteriaceae
WP_004684294	Bacteria; Proteobacteria
WP_005272766	Bacteria; Proteobacteria; Gammaproteobacteria; Enterobacterales; Yersiniaceae; Yersinia
WP_013744954	Bacteria; Proteobacteria; Gammaproteobacteria; Pasteurellales; Pasteurellaceae; Gallibacterium
WP_003859098	Bacteria; Proteobacteria; Gammaproteobacteria; Enterobacterales; Enterobacteriaceae
WP_062845688	Bacteria; Proteobacteria; Gammaproteobacteria; Pseudomonadales; Moraxellaceae; Psychrobacter
WP_025344663	Bacteria; Proteobacteria; Epsilonproteobacteria; Campylobacterales; Campylobacteraceae; Sulfurospirillum
WP_005338866	Bacteria; Proteobacteria; Gammaproteobacteria; Aeromonadales; Aeromonadaceae; Aeromonas
WP_025909182	Bacteria; Firmicutes; Bacilli; Bacillales; Bacillaceae; Bacillus
WP_058592006	Bacteria; Firmicutes; Bacilli; Bacillales; Staphylococcaceae; Staphylococcus
WP_004895821	Bacteria; Proteobacteria; Gammaproteobacteria; Pseudomonadales; Moraxellaceae; Acinetobacter
WP_007673897	Bacteria; Proteobacteria; Gammaproteobacteria; Enterobacterales; Enterobacteriaceae; Cronobacter
WP_013508109	Bacteria; Proteobacteria; Gammaproteobacteria; Enterobacterales; Erwiniaceae; Pantoea
WP_015879565	Bacteria; Proteobacteria; Gammaproteobacteria; Aeromonadales; Aeromonadaceae; Tolumonas
WP_014993227	Bacteria; Proteobacteria; Gammaproteobacteria; Oceanospirillales; Alcanivoracaceae; Alcanivorax
WP_016450458	Bacteria; Proteobacteria; Betaproteobacteria; Burkholderiales; Comamonadaceae; Delftia
WP_011707096	Bacteria; Proteobacteria; Gammaproteobacteria; Aeromonadales; Aeromonadaceae; Aeromonas; Aeromonas hydrophila
WP_042278418	Bacteria; Bacteroidetes; Flavobacteriia; Flavobacteriales; Flavobacteriaceae; Nonlabens
WP_001021369	Bacteria; Proteobacteria; Gammaproteobacteria; Enterobacterales; Enterobacteriaceae; Salmonella
WP_013576664	Bacteria; Proteobacteria; Gammaproteobacteria; Enterobacterales; Yersiniaceae; Rahnella
WP_048685088	Bacteria; Firmicutes; Bacilli; Bacillales; Bacillaceae; Bacillus
WP_005592769	Bacteria; Proteobacteria; Gammaproteobacteria; Vibrionales; Vibrionaceae; Vibrio
WP_038864365	Bacteria; Proteobacteria; Gammaproteobacteria; Enterobacterales; Enterobacteriaceae; Cronobacter
WP_033637299	Bacteria; Proteobacteria; Gammaproteobacteria; Enterobacterales; Yersiniaceae; Serratia
WP_004923191	Bacteria; Proteobacteria; Gammaproteobacteria; Pseudomonadales; Moraxellaceae; Acinetobacter; Acinetobacter baylyi
WP_015671170	Bacteria; Proteobacteria; Gammaproteobacteria; Enterobacterales; Yersiniaceae; Serratia
WP_038627637	Bacteria; Proteobacteria; Gammaproteobacteria; Enterobacterales; Erwiniaceae; Mixta; Mixta calida
WP_011246656	Bacteria; Firmicutes; Bacilli; Bacillales; Bacillaceae; Bacillus
WP_079692868	Bacteria; Proteobacteria; Gammaproteobacteria; Pseudomonadales; Moraxellaceae; Psychrobacter
WP_010897720	Bacteria; Firmicutes; Bacilli; Bacillales; Bacillaceae; Bacillus
WP_101269753	Bacteria; Proteobacteria; Alphaproteobacteria; Rhodospirillales; Rhodospirillaceae; Thalassospira; Thalassospira marina
WP_020427530	Bacteria; Firmicutes; Bacilli; Bacillales; Paenibacillaceae; Paenibacillus
WP_013356975	Bacteria; Proteobacteria; Gammaproteobacteria; Enterobacterales; Erwiniaceae; Pantoea
WP_072567522	Bacteria; Proteobacteria; Gammaproteobacteria; Enterobacterales; Enterobacteriaceae; Enterobacter
WP_004974350	Bacteria; Proteobacteria; Gammaproteobacteria; Pseudomonadales; Moraxellaceae; Acinetobacter
WP_007373512	Bacteria; Proteobacteria; Gammaproteobacteria; Enterobacterales; Enterobacteriaceae; Kosakonia
WP_006323924	Bacteria; Proteobacteria; Gammaproteobacteria; Enterobacterales; Yersiniaceae; Serratia
WP_078043578	Bacteria; Proteobacteria; Gammaproteobacteria; Cellvibrionales; Cellvibrionaceae; Cellvibrio
WP_008684728	Bacteria; Proteobacteria; Deltaproteobacteria; Desulfovibrionales; Desulfovibrionaceae; Desulfovibrio
WP_010200525	Bacteria; Proteobacteria; Gammaproteobacteria; Pseudomonadales; Moraxellaceae; Psychrobacter
WP_000152414	Bacteria; Firmicutes; Bacilli; Lactobacillales; Streptococcaceae; Streptococcus
WP_004387754	Bacteria; Proteobacteria; Gammaproteobacteria; Enterobacterales; Enterobacteriaceae; Cronobacter
WP_004156266	Bacteria; Proteobacteria; Gammaproteobacteria; Enterobacterales; Erwiniaceae; Erwinia
WP_013065589	Bacteria; Bacteroidetes; Bacteroidia; Bacteroidales; Prevotellaceae; Prevotella
WP_004129690	Bacteria; Proteobacteria; Gammaproteobacteria; Enterobacterales; Enterobacteriaceae; Klebsiella
WP_010675391	Bacteria; Proteobacteria; Gammaproteobacteria; Aeromonadales; Aeromonadaceae; Aeromonas
WP_004245137	Bacteria; Proteobacteria; Gammaproteobacteria; Enterobacterales; Morganellaceae; Proteus
WP_067731440	Bacteria; Proteobacteria; Gammaproteobacteria; Pseudomonadales; Moraxellaceae; Acinetobacter
WP_034326041	Bacteria; Proteobacteria; Epsilonproteobacteria; Campylobacterales; Helicobacteraceae; Helicobacter
WP_004393184	Bacteria; Proteobacteria; Gammaproteobacteria; Enterobacterales; Yersiniaceae; Yersinia
WP_009690767	Bacteria; Proteobacteria; Betaproteobacteria; Burkholderiales; Burkholderiaceae; Burkholderia
WP_001350619	Bacteria; Proteobacteria; Gammaproteobacteria; Enterobacterales; Enterobacteriaceae; Escherichia; Escherichia coli
WP_014593064	Bacteria; Proteobacteria; Gammaproteobacteria; Enterobacterales; Erwiniaceae; Pantoea
WP_013056007	Bacteria; Firmicutes; Bacilli; Bacillales; Bacillaceae; Bacillus
WP_010255369	Bacteria; Proteobacteria; Gammaproteobacteria; Enterobacterales; Erwiniaceae; Pantoea
WP_003021575	Bacteria; Proteobacteria; Gammaproteobacteria; Enterobacterales; Enterobacteriaceae
WP_004236430	Bacteria; Proteobacteria; Gammaproteobacteria; Enterobacterales; Morganellaceae; Morganella
WP_022544069	Bacteria; Firmicutes; Bacilli; Bacillales; Bacillaceae; Bacillus
WP_014231012	Bacteria; Proteobacteria; Gammaproteobacteria; Vibrionales; Vibrionaceae; Vibrio
WP_086247246	Bacteria; Proteobacteria; Epsilonproteobacteria; Campylobacterales; Campylobacteraceae; Campylobacter
WP_013778900	Bacteria; Firmicutes; Clostridia; Thermoanaerobacterales; Thermoanaerobacteraceae; Tepidanaerobacter
WP_071015754	Bacteria; Proteobacteria; Betaproteobacteria; Burkholderiales; Burkholderiaceae; Cupriavidus
WP_016152034	Bacteria; Proteobacteria; Gammaproteobacteria; Enterobacterales; Enterobacteriaceae; Citrobacter
WP_020456756	Bacteria; Proteobacteria; Gammaproteobacteria; Enterobacterales; Enterobacteriaceae
WP_005440184	Bacteria; Proteobacteria; Gammaproteobacteria; Vibrionales; Vibrionaceae; Vibrio
WP_012847839	Bacteria; Proteobacteria; Gammaproteobacteria; Enterobacterales; Hafniaceae; Edwardsiella
WP_042866640	Bacteria; Proteobacteria; Gammaproteobacteria; Aeromonadales; Aeromonadaceae; Aeromonas
WP_025800027	Bacteria; Proteobacteria; Gammaproteobacteria; Enterobacterales; Hafniaceae
WP_008454557	Bacteria; Proteobacteria; Gammaproteobacteria; Enterobacterales; Enterobacteriaceae
WP_021805495	Bacteria; Proteobacteria; Gammaproteobacteria; Enterobacterales; Yersiniaceae; Serratia
WP_004718750	Bacteria; Proteobacteria; Gammaproteobacteria; Pseudomonadales; Moraxellaceae; Acinetobacter
WP_011114881	Bacteria; Proteobacteria; Epsilonproteobacteria; Campylobacterales; Helicobacteraceae; Helicobacter
WP_011514697	Bacteria; Proteobacteria; Gammaproteobacteria; Pseudomonadales; Moraxellaceae; Psychrobacter
WP_025377400	Bacteria; Proteobacteria; Gammaproteobacteria; Enterobacterales; Yersiniaceae; Yersinia
WP_004096750	Bacteria; Proteobacteria; Gammaproteobacteria; Enterobacterales; Hafniaceae; Hafnia
WP_004415274	Bacteria; Proteobacteria; Gammaproteobacteria; Vibrionales; Vibrionaceae; Vibrio
WP_039330017	Bacteria; Proteobacteria; Gammaproteobacteria; Enterobacterales; Erwiniaceae; Pantoea
WP_026027639	Bacteria; Proteobacteria; Gammaproteobacteria; Vibrionales; Vibrionaceae; Vibrio
WP_061497223	Bacteria; Proteobacteria; Gammaproteobacteria; Enterobacterales; Enterobacteriaceae; Kosakonia; Kosakonia oryzendophytica
WP_004734398	Bacteria; Proteobacteria; Gammaproteobacteria; Vibrionales; Vibrionaceae; Vibrio
WP_006176874	Bacteria; Proteobacteria; Gammaproteobacteria; Enterobacterales
WP_004933736	Bacteria; Proteobacteria; Gammaproteobacteria; Pseudomonadales; Moraxellaceae; Acinetobacter
WP_063388660	Bacteria; Firmicutes; Bacilli; Bacillales; Bacillaceae; Aeribacillus; Aeribacillus pallidus
WP_017920341	Bacteria; Proteobacteria; Betaproteobacteria; Burkholderiales; Burkholderiaceae; Burkholderia
WP_004858618	Bacteria; Proteobacteria; Gammaproteobacteria; Enterobacterales; Enterobacteriaceae
WP_061461475	Bacteria; Firmicutes; Bacilli; Bacillales; Bacillaceae; Bacillus
WP_067483187	Bacteria; Firmicutes; Bacilli
WP_005023974	Bacteria; Proteobacteria; Gammaproteobacteria; Pseudomonadales; Moraxellaceae; Acinetobacter
WP_021349417	Bacteria; Firmicutes; Bacilli; Lactobacillales; Lactobacillaceae; Lactobacillus
WP_014882758	Bacteria; Proteobacteria; Gammaproteobacteria; Enterobacterales; Enterobacteriaceae
WP_046476205	Bacteria; Proteobacteria; Gammaproteobacteria; Enterobacterales; Enterobacteriaceae
WP_002208666	Bacteria; Proteobacteria; Gammaproteobacteria; Enterobacterales; Yersiniaceae; Yersinia
WP_054066676	Bacteria; Proteobacteria; Betaproteobacteria; Burkholderiales; Comamonadaceae; Comamonas; Comamonas kerstersii
WP_011589449	Bacteria; Proteobacteria; Gammaproteobacteria; Oceanospirillales; Alcanivoracaceae; Alcanivorax
WP_022200652	Bacteria; Firmicutes; Clostridia; Clostridiales
WP_012005513	Bacteria; Proteobacteria; Gammaproteobacteria; Enterobacterales; Yersiniaceae; Serratia
WP_005182120	Bacteria; Proteobacteria; Gammaproteobacteria; Enterobacterales; Yersiniaceae; Yersinia
WP_012549697	Bacteria; Proteobacteria; Gammaproteobacteria; Vibrionales; Vibrionaceae; Aliivibrio
WP_010633100	Bacteria; Proteobacteria; Gammaproteobacteria; Aeromonadales; Aeromonadaceae; Aeromonas
WP_001007829	Bacteria; Proteobacteria; Gammaproteobacteria; Pseudomonadales; Moraxellaceae; Acinetobacter
WP_004649641	Bacteria; Proteobacteria; Gammaproteobacteria; Pseudomonadales; Moraxellaceae; Acinetobacter
WP_004637206	Bacteria; Proteobacteria; Gammaproteobacteria; Pseudomonadales; Moraxellaceae; Acinetobacter
WP_012671528	Bacteria; Spirochaetes; Brachyspirales; Brachyspiraceae; Brachyspira
WP_053508569	Bacteria; Proteobacteria; Gammaproteobacteria; Enterobacterales; Enterobacteriaceae; Salmonella; Salmonella enterica
WP_019445931	Bacteria; Proteobacteria; Gammaproteobacteria; Aeromonadales; Aeromonadaceae; Aeromonas
WP_059519923	Bacteria; Proteobacteria; Betaproteobacteria; Burkholderiales; Burkholderiaceae; Burkholderia
WP_012625244	Bacteria; Proteobacteria; Deltaproteobacteria; Desulfovibrionales; Desulfovibrionaceae; Desulfovibrio
WP_038600255	Bacteria; Firmicutes; Bacilli; Bacillales; Paenibacillaceae; Paenibacillus
WP_005415267	Bacteria; Proteobacteria; Gammaproteobacteria; Xanthomonadales; Xanthomonadaceae; Stenotrophomonas
WP_003249421	Bacteria; Firmicutes; Bacilli; Bacillales; Bacillaceae
WP_036104660	Bacteria; Proteobacteria; Gammaproteobacteria; Xanthomonadales; Xanthomonadaceae; Lysobacter
WP_085426701	Bacteria; Firmicutes; Bacilli; Bacillales; Planococcaceae; Sporosarcina
WP_001099497	Bacteria; Firmicutes; Bacilli; Lactobacillales; Streptococcaceae; Streptococcus
WP_012258065	Bacteria; Chloroflexi; Chloroflexia; Chloroflexales; Chloroflexineae; Chloroflexaceae; Chloroflexus; Chloroflexus aurantiacus
WP_001099502	Bacteria; Firmicutes; Bacilli; Lactobacillales; Streptococcaceae; Streptococcus
WP_013380596	Bacteria; Firmicutes; Clostridia; Clostridiales
WP_011351235	Bacteria; Proteobacteria; Betaproteobacteria; Burkholderiales; Burkholderiaceae; Burkholderia
WP_025706959	Bacteria; Firmicutes; Bacilli; Bacillales; Paenibacillaceae; Paenibacillus
WP_019392949	Bacteria; Firmicutes; Bacilli; Bacillales; Bacillaceae; Bacillus
WP_015948063	Bacteria; Proteobacteria; Deltaproteobacteria; Desulfobacterales; Desulfobacteraceae; Desulfatibacillum
WP_013433229	Bacteria; Firmicutes; Clostridia; Thermoanaerobacterales; Thermoanaerobacterales Family III. Incertae Sedis; Caldicellulosiruptor
WP_007129777	Bacteria; Firmicutes; Bacilli; Bacillales
WP_024363337	Bacteria; Firmicutes; Bacilli; Bacillales; Bacillaceae; Lysinibacillus
WP_029052727	Bacteria; Firmicutes; Bacilli; Bacillales; Planococcaceae; Sporosarcina
WP_012479138	Bacteria; Proteobacteria; Gammaproteobacteria; Xanthomonadales; Xanthomonadaceae; Stenotrophomonas
WP_009426954	Bacteria; Proteobacteria; Betaproteobacteria; Neisseriales; Neisseriaceae; Neisseria
WP_068750356	Bacteria; Actinobacteria; Propionibacteriales; Propionibacteriaceae; Tessaracoccus
WP_103828435	Bacteria; Proteobacteria; Gammaproteobacteria; Aeromonadales; Aeromonadaceae; Aeromonas
WP_034691815	Bacteria; Bacteroidetes; Flavobacteriia; Flavobacteriales; Flavobacteriaceae; Chryseobacterium
WP_014291642	Bacteria; Proteobacteria; Gammaproteobacteria; Aeromonadales; Aeromonadaceae; Oceanimonas
WP_042194286	Bacteria; Firmicutes; Bacilli; Bacillales; Paenibacillaceae; Paenibacillus
WP_002471545	Bacteria; Firmicutes; Bacilli; Bacillales; Staphylococcaceae; Staphylococcus
WP_017910047	Bacteria; Proteobacteria; Gammaproteobacteria; Xanthomonadales; Xanthomonadaceae; Xanthomonas
WP_010481977	Bacteria; Proteobacteria
WP_033610625	Bacteria; Firmicutes; Bacilli; Lactobacillales; Lactobacillaceae; Lactobacillus
WP_008394334	Bacteria; Firmicutes; Clostridia; Clostridiales
WP_039879072	Bacteria; Firmicutes; Bacilli; Bacillales; Paenibacillaceae; Paenibacillus
WP_057899371	Bacteria; Firmicutes; Bacilli; Bacillales; Paenibacillaceae; Aneurinibacillus
WP_085430307	Bacteria; Firmicutes; Bacilli; Bacillales; Planococcaceae; Sporosarcina
WP_006400826	Bacteria; Proteobacteria; Betaproteobacteria; Burkholderiales; Burkholderiaceae; Burkholderia
WP_085131351	Bacteria; Firmicutes; Bacilli; Bacillales; Planococcaceae; Sporosarcina
WP_014424133	Bacteria; Firmicutes; Negativicutes; Selenomonadales; Selenomonadaceae; Selenomonas
WP_005408061	Bacteria; Proteobacteria; Gammaproteobacteria; Xanthomonadales; Xanthomonadaceae; Stenotrophomonas
WP_008176574	Bacteria; Firmicutes; Bacilli; Bacillales; Bacillaceae; Lysinibacillus
WP_009271546	Bacteria; Firmicutes
WP_013120641	Bacteria; Firmicutes; Clostridia; Clostridiales; Peptococcaceae; Thermincola
WP_057627425	Bacteria; Proteobacteria; Gammaproteobacteria; Xanthomonadales; Xanthomonadaceae; Stenotrophomonas
WP_036676377	Bacteria; Firmicutes; Bacilli; Bacillales; Paenibacillaceae; Paenibacillus
WP_042178338	Bacteria; Firmicutes; Bacilli; Bacillales; Paenibacillaceae; Paenibacillus
WP_009595158	Bacteria; Firmicutes; Bacilli; Bacillales; Paenibacillaceae; Paenibacillus
WP_010105762	Bacteria; Proteobacteria; Betaproteobacteria; Burkholderiales; Burkholderiaceae; Burkholderia
WP_010936877	Bacteria; Chloroflexi; Dehalococcoidia; Dehalococcoidales; Dehalococcoidaceae; Dehalococcoides
WP_025876639	Bacteria; Proteobacteria; Gammaproteobacteria; Xanthomonadales; Xanthomonadaceae
WP_012958399	Bacteria; Firmicutes; Bacilli; Bacillales; Bacillaceae; Bacillus
WP_036727378	Bacteria; Firmicutes; Bacilli; Bacillales; Paenibacillaceae; Paenibacillus
WP_047234219	Bacteria; Actinobacteria; Micrococcales; Promicromonosporaceae; Cellulosimicrobium
WP_009052036	Bacteria; Firmicutes; Clostridia; Thermoanaerobacterales; Thermoanaerobacteraceae; Thermoanaerobacter
WP_015240123	Bacteria; Firmicutes; Bacilli; Bacillales; Bacillaceae; Bacillus
WP_043054366	Bacteria; Firmicutes; Bacilli; Bacillales; Bacillaceae; Bacillus; Bacillus paralicheniformis
WP_071641437	Bacteria; Firmicutes; Bacilli; Bacillales; Paenibacillaceae; Paenibacillus
WP_023973304	Bacteria; Firmicutes; Clostridia; Clostridiales; Clostridiaceae; Clostridium
WP_054933963	Bacteria; Proteobacteria; Betaproteobacteria; Burkholderiales; Burkholderiaceae; Paraburkholderia; Paraburkholderia caribensis
WP_010561687	Bacteria; Proteobacteria; Gammaproteobacteria; Alteromonadales; Pseudoalteromonadaceae; Pseudoalteromonas
WP_011235370	Bacteria; Proteobacteria; Gammaproteobacteria; Alteromonadales; Idiomarinaceae; Idiomarina
WP_011887731	Bacteria; Firmicutes; Bacilli; Bacillales; Bacillaceae; Geobacillus
WP_010372096	Bacteria; Proteobacteria; Gammaproteobacteria; Alteromonadales; Pseudoalteromonadaceae; Pseudoalteromonas
WP_061854391	Bacteria; Firmicutes; Bacilli; Bacillales; Staphylococcaceae; Staphylococcus; Staphylococcus kloosii
WP_003869973	Bacteria; Firmicutes; Clostridia; Thermoanaerobacterales; Thermoanaerobacteraceae; Thermoanaerobacter
WP_029706184	Bacteria; Firmicutes; Bacilli; Bacillales; Bacillaceae; Bacillus
WP_006318211	Bacteria; Firmicutes; Bacilli; Bacillales; Bacillaceae
WP_002933962	Bacteria; Proteobacteria; Epsilonproteobacteria; Campylobacterales; Campylobacteraceae; Campylobacter
WP_003183115	Bacteria; Firmicutes; Bacilli; Bacillales; Bacillaceae; Bacillus
WP_034734563	Bacteria; Bacteroidetes; Flavobacteriia; Flavobacteriales; Flavobacteriaceae; Chryseobacterium
WP_040609268	Bacteria; Firmicutes; Bacilli; Bacillales; Bacillaceae; Salimicrobium
WP_025696978	Bacteria; Firmicutes; Bacilli; Bacillales; Paenibacillaceae; Paenibacillus
WP_008110216	Bacteria; Proteobacteria; Gammaproteobacteria; Alteromonadales; Pseudoalteromonadaceae; Pseudoalteromonas
WP_013352730	Bacteria; Firmicutes; Bacilli; Bacillales; Bacillaceae; Bacillus
WP_001008551	Bacteria; Firmicutes; Bacilli; Bacillales; Staphylococcaceae; Staphylococcus
WP_060592664	Bacteria; Actinobacteria; Corynebacteriales; Nocardiaceae; Nocardia
WP_012727048	Bacteria; Firmicutes; Bacilli; Bacillales; Bacillales incertae sedis; Bacillales Family XII. Incertae Sedis; Exiguobacterium
WP_006452210	Bacteria; Proteobacteria; Gammaproteobacteria; Xanthomonadales; Xanthomonadaceae; Xanthomonas
WP_033008265	Bacteria; Firmicutes; Bacilli; Bacillales; Bacillaceae; Geobacillus
WP_002854278	Bacteria; Proteobacteria; Epsilonproteobacteria; Campylobacterales; Campylobacteraceae; Campylobacter
WP_042624068	Bacteria; Proteobacteria; Betaproteobacteria; Burkholderiales; Burkholderiaceae; Burkholderia; Burkholderia plantarii
WP_021766055	Bacteria; Fusobacteria; Fusobacteriia; Fusobacteriales; Leptotrichiaceae; Leptotrichia
WP_015042627	Bacteria; Firmicutes; Clostridia; Clostridiales; Peptococcaceae; Dehalobacter
WP_008403743	Bacteria; Firmicutes; Bacilli; Bacillales; Planococcaceae; Solibacillus
WP_011795345	Bacteria; Proteobacteria; Betaproteobacteria; Burkholderiales; Comamonadaceae; Acidovorax
WP_007934637	Bacteria; Firmicutes; Negativicutes; Selenomonadales; Sporomusaceae; Pelosinus
WP_013518842	Bacteria; Proteobacteria; Betaproteobacteria; Burkholderiales; Comamonadaceae; Alicycliphilus
WP_047350450	Bacteria; Proteobacteria; Betaproteobacteria; Burkholderiales; Comamonadaceae; Diaphorobacter
WP_057180237	Bacteria; Proteobacteria; Gammaproteobacteria; Alteromonadales; Colwelliaceae; Colwellia
WP_002579668	Bacteria; Firmicutes; Clostridia; Clostridiales; Clostridiaceae; Clostridium
WP_002778318	Bacteria; Proteobacteria; Epsilonproteobacteria; Campylobacterales; Campylobacteraceae; Campylobacter
WP_067551113	Bacteria; Proteobacteria; Alphaproteobacteria; Rhodobacterales; Rhodobacteraceae
WP_012010433	Bacteria; Firmicutes; Bacilli; Bacillales; Bacillaceae; Bacillus
WP_008432128	Bacteria; Firmicutes; Bacilli; Bacillales; Planococcaceae; Planococcus
WP_007430874	Bacteria; Firmicutes; Bacilli; Bacillales; Paenibacillaceae; Paenibacillus
WP_011968563	Bacteria; Firmicutes; Clostridia; Clostridiales; Clostridiaceae; Clostridium
WP_013371724	Bacteria; Firmicutes; Bacilli; Bacillales; Paenibacillaceae; Paenibacillus
WP_006794268	Bacteria; Proteobacteria; Gammaproteobacteria; Alteromonadales; Pseudoalteromonadaceae; Pseudoalteromonas
WP_003153372	Bacteria; Firmicutes; Bacilli; Bacillales; Bacillaceae; Bacillus
WP_087746736	Bacteria; Proteobacteria; Betaproteobacteria; Burkholderiales; Comamonadaceae; Acidovorax
WP_053953707	Bacteria; Proteobacteria; Gammaproteobacteria; Alteromonadales; Idiomarinaceae; Idiomarina
WP_003223915	Bacteria; Firmicutes; Bacilli; Bacillales; Bacillaceae; Bacillus
WP_042488798	Bacteria; Proteobacteria; Betaproteobacteria; Burkholderiales; Alcaligenaceae; Alcaligenes; Alcaligenes faecalis
WP_001008556	Bacteria; Firmicutes; Bacilli; Bacillales; Staphylococcaceae; Staphylococcus
WP_025345531	Bacteria; Proteobacteria; Epsilonproteobacteria; Campylobacterales; Campylobacteraceae; Sulfurospirillum
WP_060964866	Bacteria; Firmicutes; Bacilli; Bacillales; Bacillaceae; Bacillus
WP_002961753	Bacteria; Proteobacteria; Gammaproteobacteria; Alteromonadales; Pseudoalteromonadaceae; Pseudoalteromonas
WP_005997267	Bacteria; Proteobacteria; Gammaproteobacteria; Xanthomonadales; Xanthomonadaceae; Xanthomonas
WP_063165397	Bacteria; Firmicutes; Bacilli; Bacillales; Bacillaceae; Geobacillus
WP_015864364	Bacteria; Firmicutes; Bacilli; Bacillales; Bacillaceae
WP_001008549	Bacteria; Firmicutes; Bacilli; Bacillales; Staphylococcaceae; Staphylococcus
WP_046843441	Bacteria; Deinococcus-Thermus; Deinococci; Deinococcales; Deinococcaceae; Deinococcus
WP_003494625	Bacteria; Firmicutes; Clostridia; Clostridiales; Clostridiaceae; Clostridium
WP_007589500	Bacteria; Proteobacteria; Betaproteobacteria; Burkholderiales; Burkholderiaceae
WP_014016697	Bacteria; Firmicutes; Negativicutes; Veillonellales; Veillonellaceae; Megasphaera
WP_004586865	Bacteria; Proteobacteria; Gammaproteobacteria; Alteromonadales; Pseudoalteromonadaceae; Pseudoalteromonas
WP_010194425	Bacteria; Firmicutes; Bacilli; Bacillales; Bacillaceae; Bacillus
WP_007587130	Bacteria; Proteobacteria; Gammaproteobacteria; Alteromonadales; Pseudoalteromonadaceae; Pseudoalteromonas
WP_001008553	Bacteria; Firmicutes; Bacilli; Bacillales; Staphylococcaceae; Staphylococcus
WP_003490334	Bacteria; Proteobacteria; Gammaproteobacteria; Xanthomonadales; Xanthomonadaceae; Xanthomonas
WP_019418510	Bacteria; Firmicutes; Bacilli; Bacillales; Bacillaceae; Anoxybacillus
WP_009568607	Bacteria; Proteobacteria; Acidithiobacillia; Acidithiobacillales; Acidithiobacillaceae; Acidithiobacillus; Acidithiobacillus ferrooxidans
WP_004429671	Bacteria; Firmicutes; Bacilli; Bacillales; Bacillaceae; Bacillus; Bacillus atrophaeus
WP_058711110	Bacteria; Firmicutes; Bacilli; Bacillales; Paenibacillaceae; Paenibacillus
WP_054067565	Bacteria; Proteobacteria; Betaproteobacteria; Burkholderiales; Comamonadaceae; Comamonas; Comamonas kerstersii
WP_087439182	Bacteria; Proteobacteria; Epsilonproteobacteria; Campylobacterales; Campylobacteraceae; Sulfurospirillum
WP_011231776	Bacteria; Firmicutes; Bacilli; Bacillales; Bacillaceae
WP_009520089	Bacteria; Proteobacteria; Betaproteobacteria; Burkholderiales; Comamonadaceae; Hydrogenophaga
WP_003359888	Bacteria; Firmicutes; Clostridia; Clostridiales; Clostridiaceae; Clostridium
WP_044742180	Bacteria; Firmicutes; Bacilli; Bacillales; Bacillaceae; Anoxybacillus
WP_007501031	Bacteria; Firmicutes; Bacilli; Bacillales; Bacillaceae; Bacillus
WP_011329021	Bacteria; Proteobacteria; Gammaproteobacteria; Alteromonadales; Pseudoalteromonadaceae; Pseudoalteromonas
WP_086926961	Bacteria; Proteobacteria; Betaproteobacteria; Burkholderiales; Comamonadaceae; Acidovorax; Acidovorax carolinensis
WP_039423375	Bacteria; Proteobacteria; Gammaproteobacteria; Xanthomonadales; Xanthomonadaceae; Xanthomonas
WP_012973639	Bacteria; Proteobacteria; Alphaproteobacteria; Rhodospirillales; Rhodospirillaceae; Azospirillum
WP_081396127	Bacteria; Proteobacteria; Gammaproteobacteria; Aeromonadales; Aeromonadaceae; Aeromonas
WP_007115135	Bacteria; Proteobacteria
WP_015015031	Bacteria; Proteobacteria; Betaproteobacteria; Burkholderiales; Comamonadaceae; Acidovorax
WP_023989205	Bacteria; Firmicutes; Bacilli; Bacillales; Paenibacillaceae; Paenibacillus
WP_010864316	Bacteria; Proteobacteria; Gammaproteobacteria; Enterobacterales; unclassified Enterobacterales; Plesiomonas
WP_007089534	Bacteria; Proteobacteria; Alphaproteobacteria; Rhodospirillales; Rhodospirillaceae; Thalassospira
WP_046129828	Bacteria; Firmicutes; Bacilli; Bacillales; Bacillaceae; Bacillus
WP_010371275	Bacteria; Firmicutes; Bacilli; Lactobacillales; Leuconostocaceae; Weissella
WP_048367460	Bacteria; Firmicutes; Bacilli; Bacillales; Bacillaceae; Bacillus
WP_012268810	Bacteria; Firmicutes; Clostridia; Thermoanaerobacterales; Thermoanaerobacteraceae; Thermoanaerobacter
WP_086911886	Bacteria; Proteobacteria; Betaproteobacteria; Burkholderiales; Comamonadaceae; Acidovorax; Acidovorax carolinensis
WP_010367697	Bacteria; Proteobacteria; Gammaproteobacteria; Xanthomonadales; Xanthomonadaceae; Xanthomonas; Xanthomonas vasicola
WP_006476661	Bacteria; Proteobacteria; Betaproteobacteria; Burkholderiales; Burkholderiaceae; Burkholderia
WP_014794096	Bacteria; Firmicutes; Clostridia; Clostridiales; Peptococcaceae; Desulfitobacterium
YP_009358788	Bacteria; Actinobacteria; Actinobacteria; Corynebacteriales; Mycobacteriaceae; Mycobacterium; Mycobacterium tuberculosis; Mycobacterium tuberculosis variant bovis
WP_015893048	Bacteria; Firmicutes; Bacilli; Bacillales
WP_000230897	Bacteria; Firmicutes; Bacilli; Bacillales; Bacillaceae
WP_008504438	Bacteria; Proteobacteria; Alphaproteobacteria; Rhizobiales; Brucellaceae; Brucella
WP_004697404	Bacteria; Firmicutes; Negativicutes; Veillonellales; Veillonellaceae; Veillonella
WP_021360573	Bacteria; Firmicutes; Clostridia; Clostridiales; Peptostreptococcaceae; Clostridioides; Clostridioides difficile
WP_024897422	Bacteria; Proteobacteria; Alphaproteobacteria; Rhizobiales; Brucellaceae; Ochrobactrum
WP_002971482	Bacteria; Proteobacteria; Alphaproteobacteria; Rhizobiales; Brucellaceae; Brucella
WP_000230896	Bacteria; Firmicutes; Bacilli; Bacillales; Bacillaceae; Bacillus
WP_058375570	Bacteria; Proteobacteria; Betaproteobacteria; Burkholderiales; Burkholderiaceae; Pandoraea
WP_002481240	Bacteria; Firmicutes; Bacilli; Bacillales; Staphylococcaceae; Staphylococcus
WP_000230892	Bacteria; Firmicutes; Bacilli; Bacillales; Bacillaceae; Bacillus
WP_006552156	Bacteria; Actinobacteria; Corynebacteriales; Nocardiaceae; Rhodococcus
WP_005596393	Bacteria; Proteobacteria; Gammaproteobacteria; Pasteurellales; Pasteurellaceae; Actinobacillus
WP_008798650	Bacteria; Fusobacteria; Fusobacteriales; Fusobacteriaceae; Fusobacterium
WP_000230887	Bacteria; Firmicutes; Bacilli; Bacillales; Bacillaceae; Bacillus
WP_004691907	Bacteria; Proteobacteria; Alphaproteobacteria; Rhizobiales; Brucellaceae; Brucella
WP_097539426	Bacteria; Proteobacteria; Alphaproteobacteria; Rhizobiales; Rhizobiaceae; Sinorhizobium
WP_005905385	Bacteria; Fusobacteria; Fusobacteriales; Fusobacteriaceae; Fusobacterium
WP_000230889	Bacteria; Firmicutes; Bacilli; Bacillales; Bacillaceae; Bacillus
WP_040143614	Bacteria; Proteobacteria; Betaproteobacteria; Burkholderiales; Burkholderiaceae; Burkholderia
WP_002724090	Bacteria; Spirochaetes; Leptospirales; Leptospiraceae; Leptospira
WP_007726074	Bacteria; Actinobacteria; Corynebacteriales; Nocardiaceae; Rhodococcus
WP_010720773	Bacteria; Firmicutes; Bacilli; Lactobacillales; Enterococcaceae; Enterococcus; Enterococcus hirae
WP_002446718	Bacteria; Firmicutes; Bacilli; Bacillales; Staphylococcaceae; Staphylococcus
WP_005949078	Bacteria; Fusobacteria; Fusobacteriales; Fusobacteriaceae; Fusobacterium
WP_000230899	Bacteria; Firmicutes; Bacilli; Bacillales; Bacillaceae; Bacillus
WP_016131961	Bacteria; Firmicutes; Bacilli; Bacillales; Bacillaceae; Bacillus
WP_009474315	Bacteria; Actinobacteria; Corynebacteriales; Nocardiaceae; Rhodococcus
WP_085756719	Bacteria; Planctomycetes; Phycisphaerae; Sedimentisphaerales; Sedimentisphaeraceae; Sedimentisphaera; Sedimentisphaera salicampi
WP_003941401	Bacteria; Actinobacteria; Corynebacteriales; Nocardiaceae; Rhodococcus
WP_010091647	Bacteria; Proteobacteria; Betaproteobacteria; Burkholderiales; Burkholderiaceae; Burkholderia
WP_002456446	Bacteria; Firmicutes; Bacilli; Bacillales; Staphylococcaceae; Staphylococcus
WP_005252720	Bacteria; Actinobacteria; Corynebacteriales; Nocardiaceae; Rhodococcus
WP_005600491	Bacteria; Proteobacteria; Gammaproteobacteria; Pasteurellales; Pasteurellaceae; Actinobacillus
WP_000230900	Bacteria; Firmicutes; Bacilli; Bacillales; Bacillaceae; Bacillus
WP_034803742	Bacteria; Proteobacteria; Alphaproteobacteria; Rhizobiales; Rhizobiaceae
WP_000230895	Bacteria; Firmicutes; Bacilli; Bacillales; Bacillaceae; Bacillus
WP_000230891	Bacteria; Firmicutes; Bacilli; Bacillales; Bacillaceae; Bacillus
WP_070626312	Bacteria; Firmicutes; Bacilli; Bacillales; Staphylococcaceae; Staphylococcus
WP_009015877	Bacteria; Firmicutes; Negativicutes; Acidaminococcales; Acidaminococcaceae; Acidaminococcus
WP_099999395	Bacteria; Proteobacteria; Alphaproteobacteria; Rhizobiales; Phyllobacteriaceae; Phyllobacterium; Phyllobacterium zundukense
WP_006764944	Bacteria; Proteobacteria; Betaproteobacteria; Burkholderiales; Burkholderiaceae; Burkholderia
WP_003529297	Bacteria; Proteobacteria; Alphaproteobacteria; Rhizobiales
WP_050655365	Bacteria; Actinobacteria; Corynebacteriales; Nocardiaceae; Rhodococcus
WP_004454467	Bacteria; Firmicutes; Clostridia; Clostridiales; Peptostreptococcaceae; Clostridioides; Clostridioides difficile
WP_020916453	Bacteria; Firmicutes; Bacilli; Lactobacillales; Streptococcaceae; Streptococcus
WP_008802256	Bacteria; Fusobacteria; Fusobacteriales; Fusobacteriaceae; Fusobacterium
WP_001008547	Bacteria; Firmicutes; Bacilli; Bacillales; Staphylococcaceae; Staphylococcus
WP_009889589	Bacteria; Firmicutes; Clostridia; Clostridiales; Peptostreptococcaceae; Clostridioides; Clostridioides difficile
WP_004458456	Bacteria; Spirochaetes; Leptospirales; Leptospiraceae; Leptospira
WP_017503913	Bacteria; Proteobacteria; Alphaproteobacteria; Caulobacterales; Caulobacteraceae; Brevundimonas
WP_010661093	Bacteria; Proteobacteria; Alphaproteobacteria; Rhizobiales; Brucellaceae; Ochrobactrum
WP_039371042	Bacteria; Proteobacteria; Betaproteobacteria; Burkholderiales; Burkholderiaceae; Burkholderia
WP_013238856	Bacteria; Firmicutes; Clostridia; Clostridiales; Clostridiaceae; Clostridium
WP_011723156	Bacteria; Firmicutes; Clostridia; Clostridiales; Clostridiaceae; Clostridium
WP_001830736	Bacteria; Firmicutes; Bacilli; Bacillales; Staphylococcaceae; Staphylococcus
WP_007874460	Bacteria; Proteobacteria; Alphaproteobacteria; Rhizobiales; Brucellaceae; Ochrobactrum
WP_002449638	Bacteria; Firmicutes; Bacilli; Bacillales; Staphylococcaceae; Staphylococcus
WP_017638287	Bacteria; Firmicutes; Bacilli; Bacillales; Staphylococcaceae; Staphylococcus
WP_002507292	Bacteria; Firmicutes; Bacilli; Bacillales; Staphylococcaceae; Staphylococcus
WP_002466232	Bacteria; Firmicutes; Bacilli; Bacillales; Staphylococcaceae; Staphylococcus
WP_011275457	Bacteria; Firmicutes; Bacilli; Bacillales; Staphylococcaceae; Staphylococcus
WP_002458806	Bacteria; Firmicutes; Bacilli; Bacillales; Staphylococcaceae; Staphylococcus
WP_005740592	Bacteria; Proteobacteria; Gammaproteobacteria; Pseudomonadales; Pseudomonadaceae; Pseudomonas
WP_002482978	Bacteria; Firmicutes; Bacilli; Bacillales; Staphylococcaceae; Staphylococcus
WP_035005936	Bacteria; Proteobacteria; Alphaproteobacteria; Rhizobiales; Bartonellaceae; Bartonella
WP_025392749	Bacteria; Proteobacteria; Deltaproteobacteria; Desulfurellales; Desulfurellaceae; Desulfurella
WP_002434688	Bacteria; Firmicutes; Bacilli; Bacillales; Staphylococcaceae; Staphylococcus
WP_035395821	Bacteria; Firmicutes; Bacilli; Bacillales; Bacillales Family XII. Incertae Sedis; Exiguobacterium
WP_078718990	Bacteria; Proteobacteria; Alphaproteobacteria; Rhizobiales; Bartonellaceae; Bartonella
WP_002452145	Unclassified; Bacteria
WP_047131937	Bacteria; Firmicutes; Bacilli; Bacillales; Staphylococcaceae; Staphylococcus
WP_003574043	Bacteria; Proteobacteria; Alphaproteobacteria; Rhizobiales; Rhizobiaceae; Rhizobium
WP_011424856	Bacteria; Proteobacteria; Alphaproteobacteria; Rhizobiales; Rhizobiaceae; Rhizobium
WP_023873325	Bacteria; Proteobacteria; Betaproteobacteria; Burkholderiales; Burkholderiaceae; Pandoraea
WP_052637850	Bacteria; Proteobacteria; Alphaproteobacteria; Rhizobiales; Rhizobiaceae; Rhizobium
WP_004674116	Bacteria; Proteobacteria; Alphaproteobacteria; Rhizobiales; Rhizobiaceae; Rhizobium
WP_012557282	Bacteria; Proteobacteria; Alphaproteobacteria; Rhizobiales; Rhizobiaceae; Rhizobium
WP_007692788	Bacteria; Proteobacteria; Alphaproteobacteria; Rhizobiales; Rhizobiaceae
WP_025480881	Bacteria; Firmicutes; Bacilli; Lactobacillales; Enterococcaceae; Enterococcus
WP_085859132	Bacteria; Proteobacteria; Alphaproteobacteria; Rhizobiales; Rhizobiaceae; Rhizobium
WP_069616248	Bacteria; Proteobacteria; Alphaproteobacteria; Rhizobiales; Rhizobiaceae; Rhizobium
WP_015419157	Bacteria; Aquificae; Aquificae; Aquificales; Aquificaceae; Hydrogenobaculum
WP_023003809	Bacteria; Proteobacteria; Alphaproteobacteria; Rhodobacterales; Rhodobacteraceae; Labrenzia
WP_018987631	Bacteria; Proteobacteria; Betaproteobacteria; Nitrosomonadales; Methylophilaceae; Methylophilus
WP_044324368	Bacteria; Proteobacteria; Gammaproteobacteria; Pseudomonadales; Pseudomonadaceae; Pseudomonas
WP_013442980	Bacteria; Proteobacteria; Betaproteobacteria; Nitrosomonadales; Methylophilaceae; Methylovorus
WP_075665285	Unclassified
WP_004441178	Bacteria; Proteobacteria
WP_020809943	Bacteria; Proteobacteria; Alphaproteobacteria; Rhizobiales; Rhizobiaceae
WP_013635886	Bacteria; Proteobacteria; Alphaproteobacteria; Rhizobiales; Rhizobiaceae
WP_061976360	Bacteria; Proteobacteria; Alphaproteobacteria; Rhizobiales; Aurantimonadaceae; Aureimonas
WP_025593086	Bacteria; Proteobacteria; Alphaproteobacteria; Rhizobiales; Rhizobiaceae
WP_068739056	Bacteria; Actinobacteria; Actinobacteria; Corynebacteriales; Tsukamurellaceae; Tsukamurella; Tsukamurella tyrosinosolvens
WP_042517268	Bacteria; Proteobacteria; Gammaproteobacteria; Thiotrichales; Francisellaceae; Francisella; Francisella philomiragia
WP_018242719	Bacteria; Proteobacteria; Alphaproteobacteria; Rhizobiales; Rhizobiaceae; Rhizobium
WP_009460012	Bacteria; Cyanobacteria; Nostocales; Hapalosiphonaceae; Fischerella
WP_025259041	Bacteria; Proteobacteria; Gammaproteobacteria; Pseudomonadales; Pseudomonadaceae; Pseudomonas
WP_020921686	Bacteria; Proteobacteria; Alphaproteobacteria; Rhizobiales; Rhizobiaceae; Rhizobium; Rhizobium etli
WP_007108031	Archaea; Euryarchaeota; Halobacteria; Natrialbales; Natrialbaceae; Natrinema
WP_010237930	Bacteria; Proteobacteria; Alphaproteobacteria; Sphingomonadales; Sphingomonadaceae; Citromicrobium
WP_006279647	Bacteria; Proteobacteria; Alphaproteobacteria; Rickettsiales; Anaplasmataceae; Wolbachieae
WP_011647052	Bacteria; Proteobacteria; Alphaproteobacteria; Rhodobacterales; Hyphomonadaceae; Hyphomonas; Hyphomonas hirschiana
WP_080561529	Bacteria; Actinobacteria; Actinobacteria; Corynebacteriales; Corynebacteriaceae; Corynebacterium; Corynebacterium jeikeium
WP_016359267	Archaea; Euryarchaeota; Methanobacteria; Methanobacteriales; Methanobacteriaceae; Methanobrevibacter
WP_015458938	Bacteria; Proteobacteria; Alphaproteobacteria; Sphingomonadales; Sphingomonadaceae; Sphingomonas
WP_066560965	Bacteria; Proteobacteria; Alphaproteobacteria; Sphingomonadales; Sphingomonadaceae
WP_037468772	Bacteria; Proteobacteria; Alphaproteobacteria; Sphingomonadales; Sphingomonadaceae; Sphingobium
WP_013090228	Bacteria; Proteobacteria; Betaproteobacteria; Burkholderiales; Burkholderiaceae; Paraburkholderia
WP_017184317	Bacteria; Proteobacteria; Alphaproteobacteria; Sphingomonadales; Sphingomonadaceae; Sphingobium
WP_007686994	Bacteria; Proteobacteria; Alphaproteobacteria; Sphingomonadales; Sphingomonadaceae
WP_044661210	Bacteria; Proteobacteria; Alphaproteobacteria; Sphingomonadales; Sphingomonadaceae
WP_067466881	Bacteria; Proteobacteria; Alphaproteobacteria; Sphingomonadales; Erythrobacteraceae; Erythrobacter
WP_054136455	Bacteria; Proteobacteria; Alphaproteobacteria; Sphingomonadales; Sphingomonadaceae; Blastomonas
WP_012048661	Bacteria; Proteobacteria; Alphaproteobacteria; Sphingomonadales; Sphingomonadaceae; Sphingomonas; Sphingomonas wittichii
WP_066968331	Bacteria; Proteobacteria; Alphaproteobacteria; Sphingomonadales; Sphingomonadaceae; Rhizorhabdus; Rhizorhabdus dicambivorans
WP_010877002	Archaea; Euryarchaeota; Methanobacteria; Methanobacteriales; Methanobacteriaceae; Methanothermobacter
WP_011445860	Bacteria; Proteobacteria; Alphaproteobacteria; Sphingomonadales; Sphingomonadaceae; Novosphingobium
WP_004032619	Archaea; Euryarchaeota; Methanobacteria; Methanobacteriales; Methanobacteriaceae; Methanobrevibacter
WP_010840994	Bacteria; Actinobacteria; Corynebacteriales; Gordoniaceae; Gordonia
WP_014965907	Archaea; Thaumarchaeota; Nitrosopumilales; Nitrosopumilaceae; Nitrosopumilus
WP_014040774	Archaea; Euryarchaeota; Halobacteria; Halobacteriales; Haloarculaceae; Haloarcula
WP_007190811	Archaea; Euryarchaeota; Halobacteria; Halobacteriales; Haloarculaceae; Haloarcula
WP_015762867	Archaea; Euryarchaeota; Halobacteria; Halobacteriales; Haloarculaceae; Halomicrobium
WP_011177515	Archaea; Euryarchaeota; Thermoplasmata; Thermoplasmatales; Picrophilaceae; Picrophilus
WP_048059776	Archaea; Euryarchaeota; Methanobacteria; Methanobacteriales; Methanobacteriaceae; Methanosphaera
WP_048108716	Archaea; Euryarchaeota; Methanomicrobia; Methanosarcinales; Methanosarcinaceae; Methanosarcina
WP_011032198	Archaea; Euryarchaeota; Methanomicrobia; Methanosarcinales; Methanosarcinaceae; Methanosarcina
WP_048120911	Archaea; Euryarchaeota; Methanomicrobia; Methanosarcinales; Methanosarcinaceae; Methanosarcina
WP_048119176	Archaea; Euryarchaeota; Methanomicrobia; Methanosarcinales; Methanosarcinaceae; Methanosarcina
WP_044313592	Bacteria; Proteobacteria; Gammaproteobacteria; Pseudomonadales; Pseudomonadaceae; Pseudomonas
WP_048127066	Archaea; Euryarchaeota; Methanomicrobia; Methanosarcinales; Methanosarcinaceae; Methanosarcina
WP_005616613	Bacteria; Proteobacteria; Gammaproteobacteria; Pseudomonadales; Pseudomonadaceae; Pseudomonas
WP_034108415	Bacteria; Proteobacteria; Gammaproteobacteria; Pseudomonadales; Pseudomonadaceae; Pseudomonas
WP_032879834	Bacteria; Proteobacteria; Gammaproteobacteria; Pseudomonadales; Pseudomonadaceae; Pseudomonas
WP_029294462	Bacteria; Proteobacteria; Gammaproteobacteria; Pseudomonadales; Pseudomonadaceae; Pseudomonas
WP_011062764	Bacteria; Proteobacteria; Gammaproteobacteria; Pseudomonadales; Pseudomonadaceae; Pseudomonas
WP_027923934	Bacteria; Proteobacteria; Gammaproteobacteria; Pseudomonadales; Pseudomonadaceae; Pseudomonas
WP_015186537	Bacteria; Cyanobacteria; Oscillatoriophycideae; Chroococcales; Chroococcaceae
WP_017849205	Bacteria; Proteobacteria; Gammaproteobacteria; Pseudomonadales; Pseudomonadaceae; Pseudomonas
WP_054922336	Bacteria; Proteobacteria; Gammaproteobacteria; Pseudomonadales; Pseudomonadaceae; Pseudomonas
WP_039772077	Bacteria; Proteobacteria; Gammaproteobacteria; Pseudomonadales; Pseudomonadaceae; Pseudomonas
WP_057723717	Bacteria; Proteobacteria; Gammaproteobacteria; Pseudomonadales; Pseudomonadaceae; Pseudomonas
WP_041479259	Bacteria; Proteobacteria; Gammaproteobacteria; Pseudomonadales; Pseudomonadaceae; Pseudomonas
WP_003193604	Bacteria; Proteobacteria; Gammaproteobacteria; Pseudomonadales; Pseudomonadaceae; Pseudomonas
WP_011883652	Bacteria; Proteobacteria; Betaproteobacteria; Burkholderiales; Burkholderiaceae; Burkholderia
WP_007837914	Bacteria; Bacteroidetes; Bacteroidia; Bacteroidales; Bacteroidaceae; Bacteroides
WP_065760749	Bacteria; Proteobacteria; Gammaproteobacteria; Pseudomonadales; Pseudomonadaceae; Pseudomonas
WP_006050161	Bacteria; Proteobacteria; Betaproteobacteria; Burkholderiales; Burkholderiaceae
WP_010998133	Bacteria; Cyanobacteria; Nostocales; Nostocaceae
WP_034311710	Bacteria; Actinobacteria; Pseudonocardiales; Pseudonocardiaceae; Amycolatopsis
WP_037343973	Bacteria; Actinobacteria; Pseudonocardiales; Pseudonocardiaceae; Amycolatopsis
WP_042728512	Bacteria; Proteobacteria; Gammaproteobacteria; Pseudomonadales; Pseudomonadaceae; Pseudomonas
WP_071014812	Bacteria; Proteobacteria; Betaproteobacteria; Burkholderiales; Burkholderiaceae; Cupriavidus
WP_044464523	Bacteria; Proteobacteria; Gammaproteobacteria; Pseudomonadales; Pseudomonadaceae; Pseudomonas
WP_016333121	Bacteria; Actinobacteria; Pseudonocardiales; Pseudonocardiaceae; Amycolatopsis
WP_011489560	Bacteria; Proteobacteria; Betaproteobacteria; Burkholderiales; Burkholderiaceae; Paraburkholderia
WP_005848165	Bacteria; Bacteroidetes; Bacteroidia; Bacteroidales; Bacteroidaceae; Bacteroides
WP_014190779	Bacteria; Proteobacteria; Betaproteobacteria; Burkholderiales; Burkholderiaceae; Caballeronia; Caballeronia cordobensis
WP_009075850	Bacteria; Actinobacteria
