WP_048191635	d__Archaea; p__Euryarchaeota; c__Methanobacteria; o__Methanobacteriales; f__Methanobacteriaceae; g__Methanobacterium; s__Methanobacterium sp. SMA-27
KUK00449	d__Archaea; p__Euryarchaeota; c__Methanobacteria; o__Methanobacteriales; f__Methanobacteriaceae
OYT62526	d__Archaea; p__Euryarchaeota; c__Methanomicrobia; o__Methanosarcinales
WP_088335799	d__Archaea; p__Euryarchaeota; c__Methanopyri; o__Methanopyrales; f__Methanopyraceae; g__Methanopyrus; s__Methanopyrus sp. KOL6
MSPA0772	d__Archaea; p__Euryarchaeota
NM16872057	d__Archaea
MN1LE5871951	d__Archaea
MMV29649697719	d__Archaea; p__Candidatus Verstraetearchaeota; c__Candidatus Methanomethylia; o__Candidatus Methanomethyliales; f__Candidatus Methanomethyliaceae; g__Candidatus Methanomethylicus; s__Candidatus Methanomethylicus mesodigestum
MOV32564226976	d__Archaea; p__Candidatus Verstraetearchaeota; c__Candidatus Methanomethylia; o__Candidatus Methanomethyliales; f__Candidatus Methanomethyliaceae; g__Candidatus Methanomethylicus; s__Candidatus Methanomethylicus oleusabulum
MPV41110212097MPV41209412447	d__Archaea; p__Candidatus Verstraetearchaeota; c__Candidatus Methanomethylia; o__Candidatus Methanomethyliales; f__Candidatus Methanomethyliaceae; g__Candidatus Methanosuratus; s__Candidatus Methanosuratus petracarbonis
AL1000411332	d__Archaea
NM412659927933	d__Archaea
NM422931530643	d__Archaea
NM176038937	d__Archaea
NM623643689	d__Archaea
M0343536436683	d__Archaea
2518787889_MflrDRAFT_Methanoflorens_stordalmirensis_v4_3_scaffold3	d__Archaea; p__Euryarchaeota
2617404687	d__Archaea
2617405895	d__Archaea
MN1LE102724104058	d__Archaea
NM3LE21093434	d__Archaea
MSRA2287	d__Archaea
EURA2338	d__Archaea
MSRB0110	d__Archaea
ANME2a2307	d__Archaea
ALK27800	d__Archaea; p__Candidatus Bathyarchaeota
KPV61799	d__Archaea; p__Candidatus Bathyarchaeota
ALK27799	d__Archaea; p__Candidatus Bathyarchaeota
KPV65184	d__Archaea; p__Candidatus Bathyarchaeota
KPQ43661	d__Archaea; p__Euryarchaeota; c__Methanomicrobia; o__Methanosarcinales; f__Candidatus Methanoperedenaceae; g__Candidatus Methanoperedens; s__Candidatus Methanoperedens sp. BLZ1
2129109	d__Archaea; p__Euryarchaeota; c__Methanococci; o__Methanococcales; f__Methanocaldococcaceae; g__Methanocaldococcus; s__Methanocaldococcus jannaschii
AAB85657	d__Archaea; p__Euryarchaeota; c__Methanobacteria; o__Methanobacteriales; f__Methanobacteriaceae; g__Methanothermobacter; s__Methanothermobacter thermautotrophicus
AAU83780	d__Archaea; p__Candidatus Bathyarchaeota
2129114	d__Archaea; p__Euryarchaeota; c__Methanococci; o__Methanococcales; f__Methanocaldococcaceae; g__Methanocaldococcus; s__Methanocaldococcus jannaschii
3915770	d__Archaea; p__Euryarchaeota; c__Methanococci; o__Methanococcales; f__Methanocaldococcaceae; g__Methanocaldococcus; s__Methanocaldococcus jannaschii
ADC69120	d__Archaea; p__Euryarchaeota; c__Methanococci; o__Methanococcales; f__Methanocaldococcaceae; g__Methanocaldococcus; s__Methanocaldococcus sp. FS406-22
AIJ05355	d__Archaea; p__Euryarchaeota; c__Methanococci; o__Methanococcales; f__Methanocaldococcaceae; g__Methanocaldococcus; s__Methanocaldococcus bathoardescens
AAB98847	d__Archaea; p__Euryarchaeota; c__Methanococci; o__Methanococcales; f__Methanocaldococcaceae; g__Methanocaldococcus; s__Methanocaldococcus jannaschii
WP_010869573	d__Archaea; p__Euryarchaeota; c__Methanococci; o__Methanococcales; f__Methanocaldococcaceae; g__Methanocaldococcus; s__Methanocaldococcus jannaschii
3915768	d__Archaea; p__Euryarchaeota; c__Methanococci; o__Methanococcales; f__Methanocaldococcaceae; g__Methanocaldococcus; s__Methanocaldococcus jannaschii
AAB98061	d__Archaea; p__Euryarchaeota; c__Methanococci; o__Methanococcales; f__Methanocaldococcaceae; g__Methanocaldococcus; s__Methanocaldococcus jannaschii
AAB85621	d__Archaea; p__Euryarchaeota; c__Methanobacteria; o__Methanobacteriales; f__Methanobacteriaceae; g__Methanothermobacter; s__Methanothermobacter thermautotrophicus
AAB01999	d__Archaea; p__Euryarchaeota; c__Methanopyri; o__Methanopyrales; f__Methanopyraceae; g__Methanopyrus; s__Methanopyrus kandleri
EHP86349	d__Archaea; p__Euryarchaeota; c__Methanococci; o__Methanococcales; f__Methanocaldococcaceae; g__Methanotorris; s__Methanotorris formicicus
ADC69996	d__Archaea; p__Euryarchaeota; c__Methanococci; o__Methanococcales; f__Methanocaldococcaceae; g__Methanocaldococcus; s__Methanocaldococcus sp. FS406-22
EHP88092	d__Archaea; p__Euryarchaeota; c__Methanococci; o__Methanococcales; f__Methanocaldococcaceae; g__Methanotorris; s__Methanotorris formicicus
ACX72013	d__Archaea; p__Euryarchaeota; c__Methanococci; o__Methanococcales; f__Methanocaldococcaceae; g__Methanocaldococcus; s__Methanocaldococcus vulcanius
ENN96464	d__Archaea; p__Euryarchaeota; c__Methanococci; o__Methanococcales; f__Methanocaldococcaceae; g__Methanocaldococcus; s__Methanocaldococcus villosus
AEF96770	d__Archaea; p__Euryarchaeota; c__Methanococci; o__Methanococcales; f__Methanocaldococcaceae; g__Methanotorris; s__Methanotorris igneus
AEF95998	d__Archaea; p__Euryarchaeota; c__Methanococci; o__Methanococcales; f__Methanocaldococcaceae; g__Methanotorris; s__Methanotorris igneus
AIJ05903	d__Archaea; p__Euryarchaeota; c__Methanococci; o__Methanococcales; f__Methanocaldococcaceae; g__Methanocaldococcus; s__Methanocaldococcus bathoardescens
KQM10794	d__Archaea; p__Euryarchaeota; c__Thermoplasmata; o__Methanomassiliicoccales
ACV24752	d__Archaea; p__Euryarchaeota; c__Methanococci; o__Methanococcales; f__Methanocaldococcaceae; g__Methanocaldococcus; s__Methanocaldococcus fervens
ABC56728	d__Archaea; p__Euryarchaeota; c__Methanobacteria; o__Methanobacteriales; f__Methanobacteriaceae; g__Methanosphaera; s__Methanosphaera stadtmanae
AAM01866	d__Archaea; p__Euryarchaeota; c__Methanopyri; o__Methanopyrales; f__Methanopyraceae; g__Methanopyrus; s__Methanopyrus kandleri
BAI60584	d__Archaea; p__Euryarchaeota; c__Methanomicrobia; o__Methanocellales; f__Methanocellaceae; g__Methanocella; s__Methanocella paludicola
CEA13433	d__Archaea; p__Euryarchaeota; c__Methanobacteria; o__Methanobacteriales; f__Methanobacteriaceae; g__Methanobacterium; s__Methanobacterium formicicum
CDG65901	d__Archaea; p__Euryarchaeota; c__Methanobacteria; o__Methanobacteriales; f__Methanobacteriaceae; g__Methanobacterium; s__Methanobacterium sp. MB1
EKF86691	d__Archaea; p__Euryarchaeota; c__Methanobacteria; o__Methanobacteriales; f__Methanobacteriaceae; g__Methanobacterium; s__Methanobacterium formicicum
33301224	d__Archaea; p__Euryarchaeota; c__Methanobacteria; o__Methanobacteriales; f__Methanothermaceae; g__Methanothermus; s__Methanothermus fervidus
ADP77587	d__Archaea; p__Euryarchaeota; c__Methanobacteria; o__Methanobacteriales; f__Methanothermaceae; g__Methanothermus; s__Methanothermus fervidus
ADC47778	d__Archaea; p__Euryarchaeota; c__Methanobacteria; o__Methanobacteriales; f__Methanobacteriaceae; g__Methanobrevibacter; s__Methanobrevibacter ruminantium
CAJ37200	d__Archaea; p__Euryarchaeota; c__Methanomicrobia; o__Methanocellales; f__Methanocellaceae; g__Methanocella; s__Methanocella arvoryzae
SCG86537	d__Archaea; p__Euryarchaeota; c__Methanobacteria; o__Methanobacteriales; f__Methanobacteriaceae; g__Methanobacterium; s__Methanobacterium congolense
OFV66177	d__Archaea; p__Euryarchaeota; c__Methanomicrobia; o__Methanosarcinales
AAA72594	d__Archaea; p__Euryarchaeota; c__Methanococci; o__Methanococcales; f__Methanococcaceae; g__Methanococcus; s__Methanococcus vannielii
KUK73117	d__Archaea; p__Euryarchaeota; c__Methanobacteria; o__Methanobacteriales; f__Methanobacteriaceae; g__Methanobacterium; s__Methanobacterium sp. 42_16
126863	d__Archaea; p__Euryarchaeota; c__Methanococci; o__Methanococcales; f__Methanococcaceae; g__Methanococcus; s__Methanococcus vannielii
OQD59599	d__Archaea; p__Euryarchaeota; c__Methanobacteria; o__Methanobacteriales; f__Methanobacteriaceae; g__Methanobrevibacter; s__Methanobrevibacter arboriphilus
WP_048061283	d__Archaea; p__Euryarchaeota; c__Methanobacteria; o__Methanobacteriales; f__Methanobacteriaceae; g__Methanothermobacter
AMD18201	d__Archaea; p__Euryarchaeota; c__Methanobacteria; o__Methanobacteriales; f__Methanobacteriaceae; g__Methanobrevibacter; s__Methanobrevibacter sp. YE315
126862	d__Archaea; p__Euryarchaeota; c__Methanobacteria; o__Methanobacteriales; f__Methanobacteriaceae; g__Methanothermobacter; s__Methanothermobacter marburgensis
WP_013413808	d__Archaea; p__Euryarchaeota; c__Methanobacteria; o__Methanobacteriales; f__Methanothermaceae; g__Methanothermus; s__Methanothermus fervidus
AIS32955	d__Archaea; p__Euryarchaeota; c__Methanobacteria; o__Methanobacteriales; f__Methanobacteriaceae; g__Methanobacterium; s__Methanobacterium formicicum
KUK74994	d__Archaea; p__Euryarchaeota; c__Methanobacteria; o__Methanobacteriales; f__Methanobacteriaceae; g__Methanobacterium; s__Methanobacterium sp. 42_16
OFV68282	d__Archaea; p__Euryarchaeota; c__Methanomicrobia; o__Methanosarcinales
WP_013296341	d__Archaea; p__Euryarchaeota; c__Methanobacteria; o__Methanobacteriales; f__Methanobacteriaceae; g__Methanothermobacter
ABQ87224	d__Archaea; p__Euryarchaeota; c__Methanobacteria; o__Methanobacteriales; f__Methanobacteriaceae; g__Methanobrevibacter; s__Methanobrevibacter smithii
1026943550	d__Archaea; p__Euryarchaeota; c__Methanobacteria; o__Methanobacteriales; f__Methanobacteriaceae; g__Methanothermobacter; s__Methanothermobacter marburgensis
AGN17399	d__Archaea; p__Euryarchaeota; c__Methanobacteria; o__Methanobacteriales; f__Methanobacteriaceae; g__Methanobrevibacter; s__Methanobrevibacter sp. AbM4
1018192481	d__Archaea; p__Euryarchaeota; c__Methanobacteria; o__Methanobacteriales; f__Methanobacteriaceae; g__Methanothermobacter; s__Methanothermobacter marburgensis
EFC93207	d__Archaea; p__Euryarchaeota; c__Methanobacteria; o__Methanobacteriales; f__Methanobacteriaceae; g__Methanobrevibacter; s__Methanobrevibacter smithii
CEL25799	d__Archaea; p__Euryarchaeota; c__Methanobacteria; o__Methanobacteriales; f__Methanobacteriaceae; g__Methanobacterium; s__Methanobacterium formicicum
ADL59131	d__Archaea; p__Euryarchaeota; c__Methanobacteria; o__Methanobacteriales; f__Methanobacteriaceae; g__Methanothermobacter; s__Methanothermobacter marburgensis
126864	d__Archaea; p__Euryarchaeota; c__Methanococci; o__Methanococcales; f__Methanococcaceae; g__Methanococcus; s__Methanococcus voltae
12084788	d__Archaea; p__Euryarchaeota; c__Methanopyri; o__Methanopyrales; f__Methanopyraceae; g__Methanopyrus; s__Methanopyrus kandleri
328877285	d__Archaea; p__Euryarchaeota; c__Methanobacteria; o__Methanobacteriales; f__Methanobacteriaceae; g__Methanothermobacter; s__Methanothermobacter marburgensis
CAF31111	d__Archaea; p__Euryarchaeota; c__Methanococci; o__Methanococcales; f__Methanococcaceae; g__Methanococcus; s__Methanococcus maripaludis
CDG65777	d__Archaea; p__Euryarchaeota; c__Methanobacteria; o__Methanobacteriales; f__Methanobacteriaceae; g__Methanobacterium; s__Methanobacterium sp. MB1
EKF85359	d__Archaea; p__Euryarchaeota; c__Methanobacteria; o__Methanobacteriales; f__Methanobacteriaceae; g__Methanobacterium; s__Methanobacterium formicicum
ADL59094	d__Archaea; p__Euryarchaeota; c__Methanobacteria; o__Methanobacteriales; f__Methanobacteriaceae; g__Methanothermobacter; s__Methanothermobacter marburgensis
6686312	d__Archaea; p__Euryarchaeota; c__Methanobacteria; o__Methanobacteriales; f__Methanobacteriaceae; g__Methanothermobacter; s__Methanothermobacter thermautotrophicus
ALT69137	d__Archaea; p__Euryarchaeota; c__Methanobacteria; o__Methanobacteriales; f__Methanobacteriaceae; g__Methanobrevibacter; s__Methanobrevibacter millerae
CEA13262	d__Archaea; p__Euryarchaeota; c__Methanobacteria; o__Methanobacteriales; f__Methanobacteriaceae; g__Methanobacterium; s__Methanobacterium formicicum
ADP77530	d__Archaea; p__Euryarchaeota; c__Methanobacteria; o__Methanobacteriales; f__Methanothermaceae; g__Methanothermus; s__Methanothermus fervidus
328877282	d__Archaea; p__Euryarchaeota; c__Methanobacteria; o__Methanobacteriales; f__Methanobacteriaceae; g__Methanothermobacter; s__Methanothermobacter marburgensis
OKY78423	d__Archaea; p__Euryarchaeota; c__Methanonatronarchaeia; o__Methanonatronarchaeales; f__Methanonatronarchaeaceae; g__Candidatus Methanohalarchaeum; s__Candidatus Methanohalarchaeum thermophilum
CEL25620	d__Archaea; p__Euryarchaeota; c__Methanobacteria; o__Methanobacteriales; f__Methanobacteriaceae; g__Methanobacterium; s__Methanobacterium formicicum
BAM70273	d__Archaea; p__Euryarchaeota; c__Methanobacteria; o__Methanobacteriales; f__Methanobacteriaceae; g__Methanothermobacter; s__Methanothermobacter sp. CaT2
ADG12955	d__Archaea; p__Euryarchaeota; c__Methanococci; o__Methanococcales; f__Methanocaldococcaceae; g__Methanocaldococcus; s__Methanocaldococcus infernus
12084787	d__Archaea; p__Euryarchaeota; c__Methanopyri; o__Methanopyrales; f__Methanopyraceae; g__Methanopyrus; s__Methanopyrus kandleri
AIS31756	d__Archaea; p__Euryarchaeota; c__Methanobacteria; o__Methanobacteriales; f__Methanobacteriaceae; g__Methanobacterium; s__Methanobacterium formicicum
AGI47471	d__Archaea; p__Euryarchaeota; c__Thermoplasmata; o__Thermoplasmatales
AFC99664	d__Archaea; p__Euryarchaeota; c__Methanomicrobia; o__Methanocellales; f__Methanocellaceae; g__Methanocella; s__Methanocella conradii
EKQ54652	d__Archaea; p__Euryarchaeota; c__Methanobacteria; o__Methanobacteriales; f__Methanobacteriaceae; g__Methanobacterium; s__Methanobacterium sp. Maddingley MBC34
AEH06930	d__Archaea; p__Euryarchaeota; c__Methanococci; o__Methanococcales; f__Methanococcaceae; g__Methanothermococcus; s__Methanothermococcus okinawensis
ABN07235	d__Archaea; p__Euryarchaeota; c__Methanomicrobia; o__Methanomicrobiales; f__Methanocorpusculaceae; g__Methanocorpusculum; s__Methanocorpusculum labreanum
SCM58314	d__Archaea; p__Euryarchaeota; c__Methanobacteria; o__Methanobacteriales; f__Methanobacteriaceae; g__Methanothermobacter; s__Methanothermobacter wolfeii
AEG19069	d__Archaea; p__Euryarchaeota; c__Methanobacteria; o__Methanobacteriales; f__Methanobacteriaceae; g__Methanobacterium; s__Methanobacterium paludis
AAA73436	d__Archaea; p__Euryarchaeota; c__Methanobacteria; o__Methanobacteriales; f__Methanobacteriaceae; g__Methanothermobacter; s__Methanothermobacter thermautotrophicus
WP_048060974	d__Archaea; p__Euryarchaeota; c__Methanobacteria; o__Methanobacteriales; f__Methanobacteriaceae; g__Methanothermobacter; s__Methanothermobacter thermautotrophicus
CAA50041	d__Archaea; p__Euryarchaeota; c__Methanobacteria; o__Methanobacteriales; f__Methanothermaceae; g__Methanothermus; s__Methanothermus fervidus
ALT69787	d__Archaea; p__Euryarchaeota; c__Methanobacteria; o__Methanobacteriales; f__Methanobacteriaceae; g__Methanobrevibacter; s__Methanobrevibacter millerae
EEE42046	d__Archaea; p__Euryarchaeota; c__Methanobacteria; o__Methanobacteriales; f__Methanobacteriaceae; g__Methanobrevibacter; s__Methanobrevibacter smithii
1018192482	d__Archaea; p__Euryarchaeota; c__Methanobacteria; o__Methanobacteriales; f__Methanobacteriaceae; g__Methanothermobacter; s__Methanothermobacter marburgensis
6707684	d__Archaea; p__Euryarchaeota; c__Methanobacteria; o__Methanobacteriales; f__Methanobacteriaceae; g__Methanothermobacter; s__Methanothermobacter thermautotrophicus
ADZ10492	d__Archaea; p__Euryarchaeota; c__Methanobacteria; o__Methanobacteriales; f__Methanobacteriaceae; g__Methanobacterium; s__Methanobacterium lacus
CAA30630	d__Archaea; p__Euryarchaeota; c__Methanococci; o__Methanococcales; f__Methanococcaceae; g__Methanococcus; s__Methanococcus voltae
AAA73441	d__Archaea; p__Euryarchaeota; c__Methanobacteria; o__Methanobacteriales; f__Methanobacteriaceae; g__Methanothermobacter; s__Methanothermobacter thermautotrophicus
AMK15665	d__Archaea; p__Euryarchaeota; c__Methanobacteria; o__Methanobacteriales; f__Methanobacteriaceae; g__Methanobrevibacter; s__Methanobrevibacter olleyae
225625	d__Archaea; p__Euryarchaeota; c__Methanococci; o__Methanococcales; f__Methanococcaceae; g__Methanococcus; s__Methanococcus vannielii
AMK15940	d__Archaea; p__Euryarchaeota; c__Methanobacteria; o__Methanobacteriales; f__Methanobacteriaceae; g__Methanobrevibacter; s__Methanobrevibacter olleyae
1026943553	d__Archaea; p__Euryarchaeota; c__Methanobacteria; o__Methanobacteriales; f__Methanobacteriaceae; g__Methanothermobacter; s__Methanothermobacter marburgensis
KYC57134	d__Archaea; p__Euryarchaeota; c__Candidatus Methanofastidiosa
3891382	d__Archaea; p__Euryarchaeota; c__Methanobacteria; o__Methanobacteriales; f__Methanobacteriaceae; g__Methanothermobacter; s__Methanothermobacter marburgensis
KYC46474	d__Archaea; p__Euryarchaeota; c__Candidatus Methanofastidiosa
15826795	d__Archaea; p__Euryarchaeota; c__Methanobacteria; o__Methanobacteriales; f__Methanobacteriaceae; g__Methanothermobacter; s__Methanothermobacter thermautotrophicus
306991704	d__Archaea; p__Euryarchaeota; c__Methanobacteria; o__Methanobacteriales; f__Methanobacteriaceae; g__Methanothermobacter; s__Methanothermobacter marburgensis
15826798	d__Archaea; p__Euryarchaeota; c__Methanobacteria; o__Methanobacteriales; f__Methanobacteriaceae; g__Methanothermobacter; s__Methanothermobacter thermautotrophicus
306991707	d__Archaea; p__Euryarchaeota; c__Methanobacteria; o__Methanobacteriales; f__Methanobacteriaceae; g__Methanothermobacter; s__Methanothermobacter marburgensis
306991722	d__Archaea; p__Euryarchaeota; c__Methanobacteria; o__Methanobacteriales; f__Methanobacteriaceae; g__Methanothermobacter; s__Methanothermobacter marburgensis
306991716	d__Archaea; p__Euryarchaeota; c__Methanobacteria; o__Methanobacteriales; f__Methanobacteriaceae; g__Methanothermobacter; s__Methanothermobacter marburgensis
306991728	d__Archaea; p__Euryarchaeota; c__Methanobacteria; o__Methanobacteriales; f__Methanobacteriaceae; g__Methanothermobacter; s__Methanothermobacter marburgensis
306991698	d__Archaea; p__Euryarchaeota; c__Methanobacteria; o__Methanobacteriales; f__Methanobacteriaceae; g__Methanothermobacter; s__Methanothermobacter marburgensis
CDF30180	d__Archaea; p__Candidatus Bathyarchaeota
306991701	d__Archaea; p__Euryarchaeota; c__Methanobacteria; o__Methanobacteriales; f__Methanobacteriaceae; g__Methanothermobacter; s__Methanothermobacter marburgensis
KYC49034	d__Archaea; p__Euryarchaeota; c__Candidatus Methanofastidiosa
WP_042699345	d__Archaea; p__Euryarchaeota; c__Methanomicrobia; o__Methanomicrobiales; f__Methanocorpusculaceae; g__Methanocorpusculum
15826801	d__Archaea; p__Euryarchaeota; c__Methanobacteria; o__Methanobacteriales; f__Methanobacteriaceae; g__Methanothermobacter; s__Methanothermobacter thermautotrophicus
OUJ18540	d__Archaea; p__Euryarchaeota; c__Methanonatronarchaeia; o__Methanonatronarchaeales; f__Methanonatronarchaeaceae; g__Methanonatronarchaeum; s__Methanonatronarchaeum thermophilum
AIZ56098	d__Archaea; p__Euryarchaeota; c__Thermoplasmata; o__Methanomassiliicoccales; f__Methanomassiliicoccaceae; g__Candidatus Methanoplasma; s__Candidatus Methanoplasma termitum
306991695	d__Archaea; p__Euryarchaeota; c__Methanobacteria; o__Methanobacteriales; f__Methanobacteriaceae; g__Methanothermobacter; s__Methanothermobacter marburgensis
KYC57890	d__Archaea; p__Euryarchaeota; c__Candidatus Methanofastidiosa
KYC53406	d__Archaea; p__Euryarchaeota; c__Candidatus Methanofastidiosa
306991710	d__Archaea; p__Euryarchaeota; c__Methanobacteria; o__Methanobacteriales; f__Methanobacteriaceae; g__Methanothermobacter; s__Methanothermobacter marburgensis
15826807	d__Archaea; p__Euryarchaeota; c__Methanobacteria; o__Methanobacteriales; f__Methanobacteriaceae; g__Methanothermobacter; s__Methanothermobacter marburgensis
3891379	d__Archaea; p__Euryarchaeota; c__Methanobacteria; o__Methanobacteriales; f__Methanobacteriaceae; g__Methanothermobacter; s__Methanothermobacter marburgensis
AMH95114	d__Archaea; p__Euryarchaeota; c__Thermoplasmata
AGI85141	d__Archaea; p__Euryarchaeota; c__Thermoplasmata; o__Methanomassiliicoccales; f__Candidatus Methanomethylophilaceae; g__Candidatus Methanomethylophilus; s__Candidatus Methanomethylophilus alvus
KYC55284	d__Archaea; p__Euryarchaeota; c__Candidatus Methanofastidiosa
306991719	d__Archaea; p__Euryarchaeota; c__Methanobacteria; o__Methanobacteriales; f__Methanobacteriaceae; g__Methanothermobacter; s__Methanothermobacter marburgensis
ACX73050	d__Archaea; p__Euryarchaeota; c__Methanococci; o__Methanococcales; f__Methanocaldococcaceae; g__Methanocaldococcus; s__Methanocaldococcus vulcanius
15826792	d__Archaea; p__Euryarchaeota; c__Methanobacteria; o__Methanobacteriales; f__Methanobacteriaceae; g__Methanothermobacter; s__Methanothermobacter thermautotrophicus
CAE48303	d__Archaea; p__Euryarchaeota; c__Methanobacteria; o__Methanobacteriales; f__Methanobacteriaceae; g__Methanosphaera; s__Methanosphaera stadtmanae
306991713	d__Archaea; p__Euryarchaeota; c__Methanobacteria; o__Methanobacteriales; f__Methanobacteriaceae; g__Methanothermobacter; s__Methanothermobacter marburgensis
KYC44342	d__Archaea; p__Euryarchaeota; c__Candidatus Methanofastidiosa
15826810	d__Archaea; p__Euryarchaeota; c__Methanobacteria; o__Methanobacteriales; f__Methanobacteriaceae; g__Methanothermobacter; s__Methanothermobacter marburgensis
306991725	d__Archaea; p__Euryarchaeota; c__Methanobacteria; o__Methanobacteriales; f__Methanobacteriaceae; g__Methanothermobacter; s__Methanothermobacter marburgensis
15826789	d__Archaea; p__Euryarchaeota; c__Methanobacteria; o__Methanobacteriales; f__Methanobacteriaceae; g__Methanothermobacter; s__Methanothermobacter thermautotrophicus
15826804	d__Archaea; p__Euryarchaeota; c__Methanobacteria; o__Methanobacteriales; f__Methanobacteriaceae; g__Methanothermobacter; s__Methanothermobacter thermautotrophicus
ADZ08601	d__Archaea; p__Euryarchaeota; c__Methanobacteria; o__Methanobacteriales; f__Methanobacteriaceae; g__Methanobacterium; s__Methanobacterium lacus
ABQ87110	d__Archaea; p__Euryarchaeota; c__Methanobacteria; o__Methanobacteriales; f__Methanobacteriaceae; g__Methanobrevibacter; s__Methanobrevibacter smithii
AMK13665	d__Archaea; p__Candidatus Bathyarchaeota
AGN26874	d__Archaea; p__Euryarchaeota; c__Thermoplasmata; o__Methanomassiliicoccales; f__Methanomassiliicoccaceae; g__Methanomassiliicoccus; s__Candidatus Methanomassiliicoccus intestinalis
EJG07657	d__Archaea; p__Euryarchaeota; c__Methanomicrobia; o__Methanomicrobiales; f__Methanomicrobiaceae; g__Methanofollis; s__Methanofollis liminatans
ADN36743	d__Archaea; p__Euryarchaeota; c__Methanomicrobia; o__Methanomicrobiales; f__Methanomicrobiaceae; g__Methanolacinia; s__Methanolacinia petrolearia
KQM11567	d__Archaea; p__Euryarchaeota; c__Thermoplasmata; o__Methanomassiliicoccales
AAU82709	d__Archaea; p__Candidatus Bathyarchaeota
OFV65746	d__Archaea; p__Euryarchaeota; c__Methanomicrobia; o__Methanosarcinales
AAQ63474	d__Archaea; p__Candidatus Bathyarchaeota
AAU82372	d__Archaea; p__Candidatus Bathyarchaeota
AAU84250	d__Archaea; p__Candidatus Bathyarchaeota
AAA72193	d__Archaea; p__Euryarchaeota; c__Methanobacteria; o__Methanobacteriales; f__Methanothermaceae; g__Methanothermus; s__Methanothermus fervidus
126860	d__Archaea; p__Euryarchaeota; c__Methanobacteria; o__Methanobacteriales; f__Methanothermaceae; g__Methanothermus; s__Methanothermus fervidus
ABS55104	d__Archaea; p__Euryarchaeota; c__Methanomicrobia; o__Methanomicrobiales; f__Methanoregulaceae; g__Methanoregula; s__Methanoregula boonei
AGB03597	d__Archaea; p__Euryarchaeota; c__Methanomicrobia; o__Methanomicrobiales; f__Methanoregulaceae; g__Methanoregula; s__Methanoregula formicica
ACL17590	d__Archaea; p__Euryarchaeota; c__Methanomicrobia; o__Methanomicrobiales; f__Methanoregulaceae; g__Methanosphaerula; s__Methanosphaerula palustris
ABN07729	d__Archaea; p__Euryarchaeota; c__Methanomicrobia; o__Methanomicrobiales; f__Methanocorpusculaceae; g__Methanocorpusculum; s__Methanocorpusculum labreanum
EJG06470	d__Archaea; p__Euryarchaeota; c__Methanomicrobia; o__Methanomicrobiales; f__Methanomicrobiaceae; g__Methanofollis; s__Methanofollis liminatans
OFV67099	d__Archaea; p__Euryarchaeota; c__Methanomicrobia; o__Methanosarcinales
KUL02435	d__Archaea; p__Euryarchaeota; c__Methanomicrobia; o__Methanomicrobiales
ABD41850	d__Archaea; p__Euryarchaeota; c__Methanomicrobia; o__Methanomicrobiales; f__Methanospirillaceae; g__Methanospirillum; s__Methanospirillum hungatei
KPQ44222	d__Archaea; p__Euryarchaeota; c__Methanomicrobia; o__Methanosarcinales; f__Candidatus Methanoperedenaceae; g__Candidatus Methanoperedens; s__Candidatus Methanoperedens sp. BLZ1
KUK43225	d__Archaea; p__Euryarchaeota; c__Methanomicrobia; o__Methanosarcinales; f__Methanotrichaceae; g__Methanothrix; s__Methanosaeta harundinacea
KKH12260	d__Archaea; p__Euryarchaeota; c__Methanomicrobia; o__Methanosarcinales; f__Methanosarcinaceae; g__Methanosarcina; s__Methanosarcina mazei
KXS46820	d__Archaea; p__Euryarchaeota; c__Methanomicrobia; o__Methanosarcinales; f__Methanosarcinaceae; g__Methanohalophilus; s__Methanohalophilus sp. T328-1
ADI73802	d__Archaea; p__Euryarchaeota; c__Methanomicrobia; o__Methanosarcinales; f__Methanosarcinaceae; g__Methanohalobium; s__Methanohalobium evestigatum
KKH49360	d__Archaea; p__Euryarchaeota; c__Methanomicrobia; o__Methanosarcinales; f__Methanosarcinaceae; g__Methanosarcina; s__Methanosarcina sp. 1.H.A.2.2
KKG26904	d__Archaea; p__Euryarchaeota; c__Methanomicrobia; o__Methanosarcinales; f__Methanosarcinaceae; g__Methanosarcina; s__Methanosarcina mazei
KKH33867	d__Archaea; p__Euryarchaeota; c__Methanomicrobia; o__Methanosarcinales; f__Methanosarcinaceae; g__Methanosarcina; s__Methanosarcina mazei
OFV68674	d__Archaea; p__Euryarchaeota; c__Methanomicrobia; o__Methanosarcinales
KKG45271	d__Archaea; p__Euryarchaeota; c__Methanomicrobia; o__Methanosarcinales; f__Methanosarcinaceae; g__Methanosarcina; s__Methanosarcina mazei
AEB67568	d__Archaea; p__Euryarchaeota; c__Methanomicrobia; o__Methanosarcinales; f__Methanotrichaceae; g__Methanothrix; s__Methanothrix soehngenii
AKB66614	d__Archaea; p__Euryarchaeota; c__Methanomicrobia; o__Methanosarcinales; f__Methanosarcinaceae; g__Methanosarcina; s__Methanosarcina mazei
KKH39627	d__Archaea; p__Euryarchaeota; c__Methanomicrobia; o__Methanosarcinales; f__Methanosarcinaceae; g__Methanosarcina; s__Methanosarcina mazei
AKB84616	d__Archaea; p__Euryarchaeota; c__Methanomicrobia; o__Methanosarcinales; f__Methanosarcinaceae; g__Methanococcoides; s__Methanococcoides methylutens
KKH00291	d__Archaea; p__Euryarchaeota; c__Methanomicrobia; o__Methanosarcinales; f__Methanosarcinaceae; g__Methanosarcina; s__Methanosarcina mazei
AKB23565	d__Archaea; p__Euryarchaeota; c__Methanomicrobia; o__Methanosarcinales; f__Methanosarcinaceae; g__Methanosarcina; s__Methanosarcina sp. MTP4
AFV23041	d__Archaea; p__Euryarchaeota; c__Methanomicrobia; o__Methanosarcinales; f__Methanosarcinaceae; g__Methanolobus; s__Methanolobus psychrophilus
AKB63265	d__Archaea; p__Euryarchaeota; c__Methanomicrobia; o__Methanosarcinales; f__Methanosarcinaceae; g__Methanosarcina; s__Methanosarcina mazei
KKH90697	d__Archaea; p__Euryarchaeota; c__Methanomicrobia; o__Methanosarcinales; f__Methanosarcinaceae; g__Methanosarcina; s__Methanosarcina mazei
OFV66073	d__Archaea; p__Euryarchaeota; c__Methanomicrobia; o__Methanosarcinales
KKG35123	d__Archaea; p__Euryarchaeota; c__Methanomicrobia; o__Methanosarcinales; f__Methanosarcinaceae; g__Methanosarcina; s__Methanosarcina mazei
KKG61519	d__Archaea; p__Euryarchaeota; c__Methanomicrobia; o__Methanosarcinales; f__Methanosarcinaceae; g__Methanosarcina; s__Methanosarcina mazei
AKB30553	d__Archaea; p__Euryarchaeota; c__Methanomicrobia; o__Methanosarcinales; f__Methanosarcinaceae; g__Methanosarcina; s__Methanosarcina siciliae
AKB20356	d__Archaea; p__Euryarchaeota; c__Methanomicrobia; o__Methanosarcinales; f__Methanosarcinaceae; g__Methanosarcina; s__Methanosarcina sp. WH1
KKI05465	d__Archaea; p__Euryarchaeota; c__Methanomicrobia; o__Methanosarcinales; f__Methanosarcinaceae; g__Methanosarcina; s__Methanosarcina mazei
AAM30940	d__Archaea; p__Euryarchaeota; c__Methanomicrobia; o__Methanosarcinales; f__Methanosarcinaceae; g__Methanosarcina; s__Methanosarcina mazei
KKG70786	d__Archaea; p__Euryarchaeota; c__Methanomicrobia; o__Methanosarcinales; f__Methanosarcinaceae; g__Methanosarcina; s__Methanosarcina mazei
AAQ63477	d__Archaea; p__Candidatus Bathyarchaeota
ABE53272	d__Archaea; p__Euryarchaeota; c__Methanomicrobia; o__Methanosarcinales; f__Methanosarcinaceae; g__Methanococcoides; s__Methanococcoides burtonii
AAM07889	d__Archaea; p__Euryarchaeota; c__Methanomicrobia; o__Methanosarcinales; f__Methanosarcinaceae; g__Methanosarcina; s__Methanosarcina acetivorans
OFV65758	d__Archaea; p__Euryarchaeota; c__Methanomicrobia; o__Methanosarcinales
KKH53559	d__Archaea; p__Euryarchaeota; c__Methanomicrobia; o__Methanosarcinales; f__Methanosarcinaceae; g__Methanosarcina; s__Methanosarcina mazei
KKH68118	d__Archaea; p__Euryarchaeota; c__Methanomicrobia; o__Methanosarcinales; f__Methanosarcinaceae; g__Methanosarcina; s__Methanosarcina mazei
KKH82096	d__Archaea; p__Euryarchaeota; c__Methanomicrobia; o__Methanosarcinales; f__Methanosarcinaceae; g__Methanosarcina; s__Methanosarcina mazei
KKH67627	d__Archaea; p__Euryarchaeota; c__Methanomicrobia; o__Methanosarcinales; f__Methanosarcinaceae; g__Methanosarcina; s__Methanosarcina mazei
KKH24860	d__Archaea; p__Euryarchaeota; c__Methanomicrobia; o__Methanosarcinales; f__Methanosarcinaceae; g__Methanosarcina; s__Methanosarcina mazei
CVK33444	d__Archaea; p__Euryarchaeota; c__Methanomicrobia; o__Methanomicrobiales; f__Methanomicrobiaceae; g__Methanoculleus; s__Methanoculleus sp. MAB1
KKG61639	d__Archaea; p__Euryarchaeota; c__Methanomicrobia; o__Methanosarcinales; f__Methanosarcinaceae; g__Methanosarcina; s__Methanosarcina mazei
KKH02408	d__Archaea; p__Euryarchaeota; c__Methanomicrobia; o__Methanosarcinales; f__Methanosarcinaceae; g__Methanosarcina; s__Methanosarcina mazei
KUK43232	d__Archaea; p__Euryarchaeota; c__Methanomicrobia; o__Methanosarcinales; f__Methanotrichaceae; g__Methanothrix; s__Methanosaeta harundinacea
AAU83236	d__Archaea; p__Candidatus Bathyarchaeota
OFV67771	d__Archaea; p__Euryarchaeota; c__Methanomicrobia; o__Methanosarcinales
ALK04702	d__Archaea; p__Euryarchaeota; c__Methanomicrobia; o__Methanosarcinales; f__Methanosarcinaceae; g__Methanosarcina; s__Methanosarcina sp. 795
KKG54173	d__Archaea; p__Euryarchaeota; c__Methanomicrobia; o__Methanosarcinales; f__Methanosarcinaceae; g__Methanosarcina; s__Methanosarcina mazei
KKH72097	d__Archaea; p__Euryarchaeota; c__Methanomicrobia; o__Methanosarcinales; f__Methanosarcinaceae; g__Methanosarcina; s__Methanosarcina mazei
KKH92173	d__Archaea; p__Euryarchaeota; c__Methanomicrobia; o__Methanosarcinales; f__Methanosarcinaceae; g__Methanosarcina; s__Methanosarcina mazei
ABK14363	d__Archaea; p__Euryarchaeota; c__Methanomicrobia; o__Methanosarcinales; f__Methanotrichaceae; g__Methanothrix; s__Methanothrix thermoacetophila
KKH21675	d__Archaea; p__Euryarchaeota; c__Methanomicrobia; o__Methanosarcinales; f__Methanosarcinaceae; g__Methanosarcina; s__Methanosarcina mazei
AGB01927	d__Archaea; p__Euryarchaeota; c__Methanomicrobia; o__Methanomicrobiales; f__Methanoregulaceae; g__Methanoregula; s__Methanoregula formicica
AEH60715	d__Archaea; p__Euryarchaeota; c__Methanomicrobia; o__Methanosarcinales; f__Methanosarcinaceae; g__Methanosalsum; s__Methanosalsum zhilinae
KDE55009	d__Archaea; p__Euryarchaeota; c__Methanomicrobia; o__Methanomicrobiales; f__Methanomicrobiaceae; g__Methanoculleus; s__Methanoculleus sp. MH98A
KKG85192	d__Archaea; p__Euryarchaeota; c__Methanomicrobia; o__Methanosarcinales; f__Methanosarcinaceae; g__Methanosarcina; s__Methanosarcina mazei
KKH76058	d__Archaea; p__Euryarchaeota; c__Methanomicrobia; o__Methanosarcinales; f__Methanosarcinaceae; g__Methanosarcina; s__Methanosarcina mazei
AKB73421	d__Archaea; p__Euryarchaeota; c__Methanomicrobia; o__Methanosarcinales; f__Methanosarcinaceae; g__Methanosarcina; s__Methanosarcina lacustris
KCZ72670	d__Archaea; p__Euryarchaeota; c__Methanomicrobia; o__Methanosarcinales; f__Candidatus Methanoperedenaceae; g__Candidatus Methanoperedens; s__Candidatus Methanoperedens nitroreducens
KKG02663	d__Archaea; p__Euryarchaeota; c__Methanomicrobia; o__Methanosarcinales; f__Methanosarcinaceae; g__Methanosarcina; s__Methanosarcina mazei
ADQ42344	d__Archaea; p__Euryarchaeota; c__Methanomicrobia; o__Methanosarcinales; f__Methanotrichaceae; g__Methanothrix; s__Methanosaeta harundinacea
KXS44249	d__Archaea; p__Euryarchaeota; c__Methanomicrobia; o__Methanosarcinales; f__Methanosarcinaceae; g__Methanolobus; s__Methanolobus sp. T82-4
KLK89253	d__Archaea; p__Euryarchaeota; c__Methanomicrobia; o__Methanomicrobiales; f__Methanomicrobiaceae; g__Methanoculleus; s__Methanoculleus sediminis
AEV59713	d__Archaea; p__Candidatus Bathyarchaeota
KKH18787	d__Archaea; p__Euryarchaeota; c__Methanomicrobia; o__Methanosarcinales; f__Methanosarcinaceae; g__Methanosarcina; s__Methanosarcina mazei
KKG04926	d__Archaea; p__Euryarchaeota; c__Methanomicrobia; o__Methanosarcinales; f__Methanosarcinaceae; g__Methanosarcina; s__Methanosarcina mazei
AKB13398	d__Archaea; p__Euryarchaeota; c__Methanomicrobia; o__Methanosarcinales; f__Methanosarcinaceae; g__Methanosarcina; s__Methanosarcina thermophila
AAU84040	d__Archaea; p__Candidatus Bathyarchaeota
KLK89041	d__Archaea; p__Euryarchaeota; c__Methanomicrobia; o__Methanomicrobiales; f__Methanomicrobiaceae; g__Methanoculleus; s__Methanoculleus sediminis
KKG24935	d__Archaea; p__Euryarchaeota; c__Methanomicrobia; o__Methanosarcinales; f__Methanosarcinaceae; g__Methanosarcina; s__Methanosarcina sp. 2.H.T.1A.6
KKG09128	d__Archaea; p__Euryarchaeota; c__Methanomicrobia; o__Methanosarcinales; f__Methanosarcinaceae; g__Methanosarcina; s__Methanosarcina mazei
KKG90636	d__Archaea; p__Euryarchaeota; c__Methanomicrobia; o__Methanosarcinales; f__Methanosarcinaceae; g__Methanosarcina; s__Methanosarcina mazei
KKH73011	d__Archaea; p__Euryarchaeota; c__Methanomicrobia; o__Methanosarcinales; f__Methanosarcinaceae; g__Methanosarcina; s__Methanosarcina mazei
ABN56550	d__Archaea; p__Euryarchaeota; c__Methanomicrobia; o__Methanomicrobiales; f__Methanomicrobiaceae; g__Methanoculleus; s__Methanoculleus marisnigri
KKI06426	d__Archaea; p__Euryarchaeota; c__Methanomicrobia; o__Methanosarcinales; f__Methanosarcinaceae; g__Methanosarcina; s__Methanosarcina mazei
KKH91305	d__Archaea; p__Euryarchaeota; c__Methanomicrobia; o__Methanosarcinales; f__Methanosarcinaceae; g__Methanosarcina; s__Methanosarcina mazei
KKG90186	d__Archaea; p__Euryarchaeota; c__Methanomicrobia; o__Methanosarcinales; f__Methanosarcinaceae; g__Methanosarcina; s__Methanosarcina mazei
KKH13920	d__Archaea; p__Euryarchaeota; c__Methanomicrobia; o__Methanosarcinales; f__Methanosarcinaceae; g__Methanosarcina; s__Methanosarcina mazei
KUL02456	d__Archaea; p__Euryarchaeota; c__Methanomicrobia; o__Methanomicrobiales; f__Methanomicrobiaceae; g__Methanoculleus; s__Methanoculleus marisnigri
KKG64409	d__Archaea; p__Euryarchaeota; c__Methanomicrobia; o__Methanosarcinales; f__Methanosarcinaceae; g__Methanosarcina; s__Methanosarcina mazei
KKH32760	d__Archaea; p__Euryarchaeota; c__Methanomicrobia; o__Methanosarcinales; f__Methanosarcinaceae; g__Methanosarcina; s__Methanosarcina mazei
AKB34445	d__Archaea; p__Euryarchaeota; c__Methanomicrobia; o__Methanosarcinales; f__Methanosarcinaceae; g__Methanosarcina; s__Methanosarcina siciliae
KKG80996	d__Archaea; p__Euryarchaeota; c__Methanomicrobia; o__Methanosarcinales; f__Methanosarcinaceae; g__Methanosarcina; s__Methanosarcina mazei
KKH36870	d__Archaea; p__Euryarchaeota; c__Methanomicrobia; o__Methanosarcinales; f__Methanosarcinaceae; g__Methanosarcina; s__Methanosarcina mazei
AKB76563	d__Archaea; p__Euryarchaeota; c__Methanomicrobia; o__Methanosarcinales; f__Methanosarcinaceae; g__Methanosarcina; s__Methanosarcina horonobensis
KUK94669	d__Archaea; p__Euryarchaeota; c__Methanomicrobia; o__Methanosarcinales; f__Methanotrichaceae; g__Methanothrix; s__Methanosaeta harundinacea
KKH63255	d__Archaea; p__Euryarchaeota; c__Methanomicrobia; o__Methanosarcinales; f__Methanosarcinaceae; g__Methanosarcina; s__Methanosarcina mazei
KKH05441	d__Archaea; p__Euryarchaeota; c__Methanomicrobia; o__Methanosarcinales; f__Methanosarcinaceae; g__Methanosarcina; s__Methanosarcina mazei
AKB15967	d__Archaea; p__Euryarchaeota; c__Methanomicrobia; o__Methanosarcinales; f__Methanosarcinaceae; g__Methanosarcina; s__Methanosarcina thermophila
KKH54161	d__Archaea; p__Euryarchaeota; c__Methanomicrobia; o__Methanosarcinales; f__Methanosarcinaceae; g__Methanosarcina; s__Methanosarcina mazei
ADE36141	d__Archaea; p__Euryarchaeota; c__Methanomicrobia; o__Methanosarcinales; f__Methanosarcinaceae; g__Methanohalophilus; s__Methanohalophilus mahii
AKB60055	d__Archaea; p__Euryarchaeota; c__Methanomicrobia; o__Methanosarcinales; f__Methanosarcinaceae; g__Methanosarcina; s__Methanosarcina mazei
KKG56693	d__Archaea; p__Euryarchaeota; c__Methanomicrobia; o__Methanosarcinales; f__Methanosarcinaceae; g__Methanosarcina; s__Methanosarcina mazei
CCJ36447	d__Archaea; p__Euryarchaeota; c__Methanomicrobia; o__Methanomicrobiales; f__Methanomicrobiaceae; g__Methanoculleus; s__Methanoculleus bourgensis
AKB39063	d__Archaea; p__Euryarchaeota; c__Methanomicrobia; o__Methanosarcinales; f__Methanosarcinaceae; g__Methanosarcina; s__Methanosarcina mazei
ADN37165	d__Archaea; p__Euryarchaeota; c__Methanomicrobia; o__Methanomicrobiales; f__Methanomicrobiaceae; g__Methanolacinia; s__Methanolacinia petrolearia
KKG46899	d__Archaea; p__Euryarchaeota; c__Methanomicrobia; o__Methanosarcinales; f__Methanosarcinaceae; g__Methanosarcina; s__Methanosarcina mazei
KGK99499	d__Archaea; p__Euryarchaeota; c__Methanomicrobia; o__Methanosarcinales; f__Methanosarcinaceae; g__Methanococcoides; s__Methanococcoides methylutens
KKG14496	d__Archaea; p__Euryarchaeota; c__Methanomicrobia; o__Methanosarcinales; f__Methanosarcinaceae; g__Methanosarcina; s__Methanosarcina sp. 2.H.T.1A.3
ABN56308	d__Archaea; p__Euryarchaeota; c__Methanomicrobia; o__Methanomicrobiales; f__Methanomicrobiaceae; g__Methanoculleus; s__Methanoculleus marisnigri
126859	d__Archaea; p__Euryarchaeota; c__Methanomicrobia; o__Methanosarcinales; f__Methanosarcinaceae; g__Methanosarcina; s__Methanosarcina barkeri
KKG67307	d__Archaea; p__Euryarchaeota; c__Methanomicrobia; o__Methanosarcinales; f__Methanosarcinaceae; g__Methanosarcina; s__Methanosarcina mazei
KKH62725	d__Archaea; p__Euryarchaeota; c__Methanomicrobia; o__Methanosarcinales; f__Methanosarcinaceae; g__Methanosarcina; s__Methanosarcina mazei
KKG71155	d__Archaea; p__Euryarchaeota; c__Methanomicrobia; o__Methanosarcinales; f__Methanosarcinaceae; g__Methanosarcina; s__Methanosarcina mazei
KKH38323	d__Archaea; p__Euryarchaeota; c__Methanomicrobia; o__Methanosarcinales; f__Methanosarcinaceae; g__Methanosarcina; s__Methanosarcina mazei
AKB16951	d__Archaea; p__Euryarchaeota; c__Methanomicrobia; o__Methanosarcinales; f__Methanosarcinaceae; g__Methanosarcina; s__Methanosarcina sp. WWM596
CCJ36657	d__Archaea; p__Euryarchaeota; c__Methanomicrobia; o__Methanomicrobiales; f__Methanomicrobiaceae; g__Methanoculleus; s__Methanoculleus bourgensis
AKB69958	d__Archaea; p__Euryarchaeota; c__Methanomicrobia; o__Methanosarcinales; f__Methanosarcinaceae; g__Methanosarcina; s__Methanosarcina mazei
KKG99298	d__Archaea; p__Euryarchaeota; c__Methanomicrobia; o__Methanosarcinales; f__Methanosarcinaceae; g__Methanosarcina; s__Methanosarcina mazei
KKG53129	d__Archaea; p__Euryarchaeota; c__Methanomicrobia; o__Methanosarcinales; f__Methanosarcinaceae; g__Methanosarcina; s__Methanosarcina mazei
AKJ39608	d__Archaea; p__Euryarchaeota; c__Methanomicrobia; o__Methanosarcinales; f__Methanosarcinaceae; g__Methanosarcina; s__Methanosarcina barkeri
AKB38841	d__Archaea; p__Euryarchaeota; c__Methanomicrobia; o__Methanosarcinales; f__Methanosarcinaceae; g__Methanosarcina; s__Methanosarcina siciliae
EHQ36920	d__Archaea; p__Euryarchaeota; c__Methanomicrobia; o__Methanomicrobiales; f__Methanomicrobiaceae; g__Methanoplanus; s__Methanoplanus limicola
KKG24252	d__Archaea; p__Euryarchaeota; c__Methanomicrobia; o__Methanosarcinales; f__Methanosarcinaceae; g__Methanosarcina; s__Methanosarcina sp. 2.H.T.1A.8
ETA68800	d__Archaea; p__Euryarchaeota; c__Methanomicrobia; o__Methanosarcinales; f__Methanosarcinaceae; g__Methanolobus; s__Methanolobus tindarius
KKH45039	d__Archaea; p__Euryarchaeota; c__Methanomicrobia; o__Methanosarcinales; f__Methanosarcinaceae; g__Methanosarcina; s__Methanosarcina mazei
KKG44127	d__Archaea; p__Euryarchaeota; c__Methanomicrobia; o__Methanosarcinales; f__Methanosarcinaceae; g__Methanosarcina; s__Methanosarcina mazei
KKG29718	d__Archaea; p__Euryarchaeota; c__Methanomicrobia; o__Methanosarcinales; f__Methanosarcinaceae; g__Methanosarcina; s__Methanosarcina mazei
KKH16982	d__Archaea; p__Euryarchaeota; c__Methanomicrobia; o__Methanosarcinales; f__Methanosarcinaceae; g__Methanosarcina; s__Methanosarcina mazei
KKH85356	d__Archaea; p__Euryarchaeota; c__Methanomicrobia; o__Methanosarcinales; f__Methanosarcinaceae; g__Methanosarcina; s__Methanosarcina mazei
AET63877	d__Archaea; p__Euryarchaeota; c__Methanomicrobia; o__Methanosarcinales; f__Methanotrichaceae; g__Methanothrix; s__Methanosaeta harundinacea
KKG08639	d__Archaea; p__Euryarchaeota; c__Methanomicrobia; o__Methanosarcinales; f__Methanosarcinaceae; g__Methanosarcina; s__Methanosarcina sp. 2.H.A.1B.4
KKG12281	d__Archaea; p__Euryarchaeota; c__Methanomicrobia; o__Methanosarcinales; f__Methanosarcinaceae; g__Methanosarcina; s__Methanosarcina mazei
KKG85278	d__Archaea; p__Euryarchaeota; c__Methanomicrobia; o__Methanosarcinales; f__Methanosarcinaceae; g__Methanosarcina; s__Methanosarcina mazei
AGB49859	d__Archaea; p__Euryarchaeota; c__Methanomicrobia; o__Methanosarcinales; f__Methanosarcinaceae; g__Methanomethylovorans; s__Methanomethylovorans hollandica
358439803	d__Archaea; p__Candidatus Bathyarchaeota
KQC03963	d__Archaea; p__Euryarchaeota; c__Methanomicrobia; o__Methanomicrobiales; f__Methanomicrobiaceae; g__Methanoculleus; s__Methanoculleus sp. SDB
KUK30035	d__Archaea; p__Euryarchaeota; c__Methanomicrobia; o__Methanosarcinales
358439806	d__Archaea; p__Candidatus Bathyarchaeota
CBH39482	d__Archaea; p__Candidatus Bathyarchaeota
358439809	d__Archaea; p__Candidatus Bathyarchaeota
CAE46367	d__Archaea; p__Candidatus Bathyarchaeota
CBH37405	d__Archaea; p__Candidatus Bathyarchaeota
AAU82224	d__Archaea; p__Candidatus Bathyarchaeota
AAU83542	d__Archaea; p__Candidatus Bathyarchaeota
KUK04990	d__Archaea; p__Euryarchaeota
KKH98967	d__Archaea; p__Euryarchaeota; c__Methanomicrobia; o__Methanosarcinales; f__Methanosarcinaceae; g__Methanosarcina; s__Methanosarcina sp. 1.H.T.1A.1
KUL00294	d__Archaea; p__Euryarchaeota; c__Methanomicrobia; o__Methanomicrobiales; f__Methanomicrobiaceae; g__Methanoculleus; s__Methanoculleus marisnigri
KKG25359	d__Archaea; p__Euryarchaeota; c__Methanomicrobia; o__Methanosarcinales; f__Methanosarcinaceae; g__Methanosarcina; s__Methanosarcina sp. 2.H.T.1A.15
AGF96671	d__Archaea; p__Euryarchaeota; c__Methanomicrobia; o__Methanosarcinales; f__Methanosarcinaceae; g__Methanosarcina; s__Methanosarcina mazei
AAU82958	d__Archaea; p__Candidatus Bathyarchaeota
AAZ69871	d__Archaea; p__Euryarchaeota; c__Methanomicrobia; o__Methanosarcinales; f__Methanosarcinaceae; g__Methanosarcina; s__Methanosarcina barkeri
WP_048081843	d__Archaea; p__Euryarchaeota; c__Methanobacteria; o__Methanobacteriales; f__Methanobacteriaceae; g__Methanobacterium
ABR54773	d__Archaea; p__Euryarchaeota; c__Methanococci; o__Methanococcales; f__Methanococcaceae; g__Methanococcus; s__Methanococcus vannielii
ABR56840	d__Archaea; p__Euryarchaeota; c__Methanococci; o__Methanococcales; f__Methanococcaceae; g__Methanococcus; s__Methanococcus aeolicus
ABR65869	d__Archaea; p__Euryarchaeota; c__Methanococci; o__Methanococcales; f__Methanococcaceae; g__Methanococcus; s__Methanococcus maripaludis
ADI36781	d__Archaea; p__Euryarchaeota; c__Methanococci; o__Methanococcales; f__Methanococcaceae; g__Methanococcus; s__Methanococcus voltae
WP_018153526	d__Archaea; p__Euryarchaeota; c__Methanococci; o__Methanococcales; f__Methanococcaceae; g__Methanothermococcus; s__Methanothermococcus thermolithotrophicus
WP_048080943	d__Archaea; p__Euryarchaeota; c__Methanobacteria; o__Methanobacteriales; f__Methanobacteriaceae; g__Methanobacterium
WP_042706171	d__Archaea; p__Euryarchaeota; c__Methanomicrobia; o__Methanomicrobiales; f__Methanomicrobiaceae; g__Methanomicrobium; s__Methanomicrobium mobile
WP_007314357	d__Archaea; p__Euryarchaeota; c__Methanomicrobia; o__Methanomicrobiales; f__Methanoregulaceae; g__Methanolinea; s__Methanolinea tarda
WP_004590268	d__Archaea; p__Euryarchaeota; c__Methanococci; o__Methanococcales; f__Methanocaldococcaceae; g__Methanocaldococcus; s__Methanocaldococcus villosus
WP_042697830	d__Archaea; p__Euryarchaeota; c__Methanomicrobia; o__Methanomicrobiales; f__Methanocorpusculaceae; g__Methanocorpusculum; s__Methanocorpusculum bavaricum
WP_042686194	d__Archaea; p__Euryarchaeota; c__Methanomicrobia; o__Methanosarcinales; f__Methermicoccaceae; g__Methermicoccus; s__Methermicoccus shengliensis
WP_026068762	d__Archaea; p__Euryarchaeota; c__Thermoplasmata; o__Methanomassiliicoccales; f__Methanomassiliicoccaceae; g__Methanomassiliicoccus; s__Methanomassiliicoccus luminyensis
WP_018154760	d__Archaea; p__Euryarchaeota; c__Methanococci; o__Methanococcales; f__Methanococcaceae; g__Methanothermococcus; s__Methanothermococcus thermolithotrophicus
WP_040682087	d__Archaea; p__Euryarchaeota; c__Methanobacteria; o__Methanobacteriales; f__Methanobacteriaceae; g__Methanobrevibacter; s__Methanobrevibacter boviskoreani
WP_042703037	d__Archaea; p__Euryarchaeota; c__Methanobacteria; o__Methanobacteriales; f__Methanobacteriaceae; g__Methanobrevibacter; s__Methanobrevibacter arboriphilus
WP_042708236	d__Archaea; p__Euryarchaeota; c__Methanobacteria; o__Methanobacteriales; f__Methanobacteriaceae; g__Methanobrevibacter; s__Methanobrevibacter wolinii
