1001585.MDS_0139	d__Bacteria; p__Proteobacteria; c__Gammaproteobacteria; o__Pseudomonadales; f__Pseudomonadaceae; g__Pseudomonas; s__Pseudomonas mendocina
1002340.AFCF01000013_gene2757	d__Bacteria; p__Proteobacteria; c__Alphaproteobacteria; o__Rhodobacterales; f__Rhodobacteraceae; g__Leisingera; s__Leisingera sp. ANG1
1003200.AXXA_01591	d__Bacteria; p__Proteobacteria; c__Betaproteobacteria; o__Burkholderiales; f__Alcaligenaceae; g__Achromobacter; s__Achromobacter insuavis
1008457.BAEX01000118_gene182	d__Bacteria; p__Bacteroidetes; c__Flavobacteriia; o__Flavobacteriales; f__Flavobacteriaceae; g__Myroides; s__Myroides injenensis
1033802.SSPSH_003703	d__Bacteria; p__Proteobacteria; c__Gammaproteobacteria; o__Salinisphaerales; f__Salinisphaeraceae; g__Salinisphaera; s__Salinisphaera shabanensis
1034347.CAHJ01000032_gene4035	d__Bacteria; p__Firmicutes; c__Bacilli; o__Bacillales; f__Bacillaceae; g__Bacillus; s__Bacillus massiliosenegalensis
1038858.AXBA01000037_gene4815	d__Bacteria; p__Proteobacteria; c__Alphaproteobacteria; o__Rhizobiales; f__Xanthobacteraceae; g__Azorhizobium; s__Azorhizobium doebereinerae
1038866.KB902793_gene6146	d__Bacteria; p__Proteobacteria; c__Alphaproteobacteria; o__Rhizobiales; f__Bradyrhizobiaceae; g__Bradyrhizobium; s__Bradyrhizobium sp. WSM2793
1038922.PflQ2_2415	d__Bacteria; p__Proteobacteria; c__Gammaproteobacteria; o__Pseudomonadales; f__Pseudomonadaceae; g__Pseudomonas; s__Pseudomonas fluorescens
1041139.KB902685_gene1381	d__Bacteria; p__Proteobacteria; c__Alphaproteobacteria; o__Rhizobiales; f__Rhizobiaceae; g__Rhizobium; s__Rhizobium giardinii
1041146.ATZB01000007_gene3009	d__Bacteria; p__Proteobacteria; c__Alphaproteobacteria; o__Rhizobiales; f__Rhizobiaceae; g__Rhizobium; s__Rhizobium sullae
1041826.FCOL_10605	d__Bacteria; p__Bacteroidetes; c__Flavobacteriia; o__Flavobacteriales; f__Flavobacteriaceae; g__Flavobacterium; s__Flavobacterium columnare
1042326.AZNV01000019_gene796	d__Bacteria; p__Proteobacteria; c__Alphaproteobacteria; o__Rhizobiales; f__Rhizobiaceae; g__Rhizobium; s__Rhizobium sp. IBUN
1046627.BZARG_1503	d__Bacteria; p__Bacteroidetes; c__Flavobacteriia; o__Flavobacteriales; f__Flavobacteriaceae; g__Bizionia; s__Bizionia argentinensis
1046724.KB889897_gene3331	r__Root
1048983.EL17_22595	d__Bacteria; p__Bacteroidetes; c__Cytophagia; o__Cytophagales; f__Cytophagaceae; g__Anditalea; s__Anditalea andensis
1049564.TevJSym_ac00130	d__Bacteria; p__Proteobacteria; c__Gammaproteobacteria
1051646.VITU9109_23699	d__Bacteria; p__Proteobacteria; c__Gammaproteobacteria; o__Vibrionales; f__Vibrionaceae; g__Vibrio; s__Vibrio tubiashii
1057002.KB905370_gene3514	d__Bacteria; p__Proteobacteria; c__Alphaproteobacteria; o__Rhizobiales; f__Rhizobiaceae; g__Ensifer; s__Ensifer sp. BR816
1089547.KB913013_gene4642	d__Bacteria; p__Bacteroidetes; c__Cytophagia; o__Cytophagales; f__Cytophagaceae; g__Rudanella; s__Rudanella lutea
1089550.ATTH01000001_gene472	d__Bacteria; p__Bacteroidetes
1101189.AQUO01000002_gene256	d__Bacteria; p__Proteobacteria; c__Alphaproteobacteria; o__Rhodobacterales; f__Rhodobacteraceae; g__Paracoccus; s__Paracoccus sp. N5
1107311.Q767_05715	d__Bacteria; p__Bacteroidetes; c__Flavobacteriia; o__Flavobacteriales; f__Flavobacteriaceae; g__Flavobacterium; s__Flavobacterium enshiense
1109445.AGSX01000064_gene1433	d__Bacteria; p__Proteobacteria; c__Gammaproteobacteria; o__Pseudomonadales; f__Pseudomonadaceae; g__Pseudomonas; s__Pseudomonas stutzeri
1114970.PSF113_2997	d__Bacteria; p__Proteobacteria; c__Gammaproteobacteria; o__Pseudomonadales; f__Pseudomonadaceae; g__Pseudomonas; s__Pseudomonas fluorescens
1114970.PSF113_3423	d__Bacteria; p__Proteobacteria; c__Gammaproteobacteria; o__Pseudomonadales; f__Pseudomonadaceae; g__Pseudomonas; s__Pseudomonas fluorescens
1117958.PE143B_0122795	d__Bacteria; p__Proteobacteria; c__Gammaproteobacteria; o__Pseudomonadales; f__Pseudomonadaceae; g__Pseudomonas; s__Pseudomonas extremaustralis
1120951.AUBG01000005_gene2189	d__Bacteria; p__Bacteroidetes; c__Flavobacteriia; o__Flavobacteriales; f__Flavobacteriaceae; g__Aequorivita; s__Aequorivita capsosiphonis
1120965.AUBV01000006_gene2380	d__Bacteria; p__Bacteroidetes; c__Cytophagia; o__Cytophagales; f__Cyclobacteriaceae; g__Algoriphagus; s__Algoriphagus mannitolivorans
1120980.JQKH01000045_gene1310	d__Bacteria; p__Proteobacteria; c__Betaproteobacteria; o__Neisseriales; f__Neisseriaceae; g__Alysiella; s__Alysiella crassa
1121007.AUML01000014_gene2856	d__Bacteria; p__Bacteroidetes; c__Flavobacteriia; o__Flavobacteriales; f__Flavobacteriaceae; g__Aquimarina; s__Aquimarina muelleri
1121011.AUCB01000002_gene448	d__Bacteria; p__Bacteroidetes; c__Flavobacteriia; o__Flavobacteriales; f__Flavobacteriaceae; g__Arenibacter; s__Arenibacter certesii
1121012.AUKX01000023_gene1823	d__Bacteria; p__Bacteroidetes; c__Flavobacteriia; o__Flavobacteriales; f__Flavobacteriaceae; g__Arenibacter; s__Arenibacter latericius
1121033.AUCF01000004_gene4663	d__Bacteria; p__Proteobacteria; c__Alphaproteobacteria; o__Rhodospirillales; f__Rhodospirillaceae; g__Azospirillum; s__Azospirillum halopraeferens
1121127.JAFA01000033_gene4530	d__Bacteria; p__Proteobacteria; c__Betaproteobacteria; o__Burkholderiales; f__Burkholderiaceae; g__Paraburkholderia; s__Paraburkholderia nodosa
1121271.AUCM01000019_gene514	d__Bacteria; p__Proteobacteria; c__Alphaproteobacteria; o__Rhodobacterales; f__Rhodobacteraceae; g__Gemmobacter; s__Gemmobacter nectariphilus
1121288.AULL01000016_gene910	d__Bacteria; p__Bacteroidetes; c__Flavobacteriia; o__Flavobacteriales; f__Weeksellaceae; g__Kaistella; s__Chryseobacterium palustre
1121875.KB907550_gene808	d__Bacteria; p__Bacteroidetes; c__Flavobacteriia; o__Flavobacteriales; f__Flavobacteriaceae; g__Eudoraea; s__Eudoraea adriatica
1121889.AUDM01000004_gene2632	d__Bacteria; p__Bacteroidetes; c__Flavobacteriia; o__Flavobacteriales; f__Flavobacteriaceae; g__Flavobacterium; s__Flavobacterium filum
1121896.JMLU01000024_gene2536	d__Bacteria; p__Bacteroidetes; c__Flavobacteriia; o__Flavobacteriales; f__Flavobacteriaceae; g__Flavobacterium; s__Flavobacterium sasangense
1121899.Q764_07495	d__Bacteria; p__Bacteroidetes; c__Flavobacteriia; o__Flavobacteriales; f__Flavobacteriaceae; g__Flavobacterium; s__Flavobacterium suncheonense
1121904.ARBP01000007_gene3064	d__Bacteria; p__Bacteroidetes; c__Cytophagia; o__Cytophagales; f__Flammeovirgaceae; g__Flexithrix; s__Flexithrix dorotheae
1121912.AUHD01000001_gene2712	d__Bacteria; p__Bacteroidetes; c__Flavobacteriia; o__Flavobacteriales; f__Flavobacteriaceae; g__Gelidibacter; s__Gelidibacter mesophilus
1121935.AQXX01000105_gene332	d__Bacteria; p__Proteobacteria; c__Gammaproteobacteria; o__Oceanospirillales; f__Hahellaceae; g__Hahella; s__Hahella ganghwensis
1122135.KB893134_gene3462	d__Bacteria; p__Proteobacteria; c__Alphaproteobacteria; o__Kiloniellales; f__Kiloniellaceae; g__Kiloniella; s__Kiloniella laminariae
1122176.KB903565_gene3240	d__Bacteria; p__Bacteroidetes; c__Saprospiria; o__Saprospirales; f__Lewinellaceae; g__Lewinella; s__Lewinella cohaerens
1122179.KB890455_gene3046	d__Bacteria; p__Bacteroidetes; c__Saprospiria; o__Saprospirales; f__Lewinellaceae; g__Lewinella; s__Lewinella persica
1122197.ATWI01000008_gene2626	d__Bacteria; p__Proteobacteria; c__Gammaproteobacteria; o__Alteromonadales; f__Alteromonadaceae; g__Marinobacter; s__Marinobacter daepoensis
1122225.AULQ01000005_gene2497	d__Bacteria; p__Bacteroidetes; c__Flavobacteriia; o__Flavobacteriales; f__Flavobacteriaceae; g__Mesoflavibacter; s__Mesoflavibacter zeaxanthinifaciens
1122599.AUGR01000001_gene79	d__Bacteria; p__Proteobacteria; c__Gammaproteobacteria; o__Oceanospirillales; f__Oceanospirillaceae; g__Neptunomonas; s__Neptunomonas japonica
1122614.JHZF01000015_gene2473	d__Bacteria; p__Proteobacteria; c__Alphaproteobacteria; o__Rhodobacterales; f__Rhodobacteraceae; g__Pseudooceanicola; s__Pseudooceanicola nanhaiensis
1122619.KB892357_gene1175	d__Bacteria; p__Proteobacteria; c__Betaproteobacteria; o__Burkholderiales; f__Alcaligenaceae; g__Oligella; s__Oligella ureolytica
1122929.KB908229_gene3356	d__Bacteria; p__Proteobacteria; c__Alphaproteobacteria; o__Rhodobacterales; f__Rhodobacteraceae; g__Pannonibacter; s__Pannonibacter phragmitetus
1122962.AULH01000001_gene1378	d__Bacteria; p__Proteobacteria; c__Alphaproteobacteria; o__Rhizobiales; f__Methylocystaceae; g__Pleomorphomonas; s__Pleomorphomonas koreensis
1122963.AUHB01000002_gene765	d__Bacteria; p__Proteobacteria; c__Alphaproteobacteria; o__Rhizobiales; f__Methylocystaceae; g__Pleomorphomonas; s__Pleomorphomonas oryzae
1122993.KB898331_gene253	d__Bacteria; p__Bacteroidetes; c__Bacteroidia; o__Bacteroidales; f__Prevotellaceae; g__Prevotella; s__Prevotella veroralis
1123035.ARLA01000023_gene1177	d__Bacteria; p__Bacteroidetes; c__Flavobacteriia; o__Flavobacteriales; f__Flavobacteriaceae; g__Psychroflexus; s__Psychroflexus tropicus
1123037.AUDE01000005_gene3047	d__Bacteria; p__Bacteroidetes; c__Flavobacteriia; o__Flavobacteriales; f__Flavobacteriaceae; g__Psychroserpens; s__Psychroserpens burtonensis
1123057.P872_04330	d__Bacteria; p__Bacteroidetes; c__Cytophagia; o__Cytophagales; f__Cytophagaceae; g__Rhodonellum; s__Rhodonellum psychrophilum
1123058.KB894262_gene1473	d__Bacteria; p__Bacteroidetes; c__Flavobacteriia; o__Flavobacteriales; f__Weeksellaceae; g__Riemerella; s__Riemerella columbina
1123234.AUKI01000023_gene1941	d__Bacteria; p__Bacteroidetes; c__Flavobacteriia; o__Flavobacteriales; f__Flavobacteriaceae; g__Salinimicrobium; s__Salinimicrobium terrae
1123237.Salmuc_03258	d__Bacteria; p__Proteobacteria; c__Alphaproteobacteria; o__Rhodobacterales; f__Rhodobacteraceae; g__Salipiger; s__Salipiger mucosus
1123247.AUIJ01000002_gene2172	d__Bacteria; p__Proteobacteria; c__Alphaproteobacteria; o__Rhodobacterales; f__Rhodobacteraceae; g__Sediminimonas; s__Sediminimonas qiaohouensis
1123248.KB893386_gene1908	d__Bacteria; p__Bacteroidetes; c__Chitinophagia; o__Chitinophagales; f__Chitinophagaceae; g__Segetibacter; s__Segetibacter koreensis
1123255.JHYS01000017_gene1419	d__Bacteria; p__Proteobacteria; c__Betaproteobacteria; o__Burkholderiales; f__Comamonadaceae; g__Simplicispira; s__Simplicispira psychrophila
1123325.JHUV01000008_gene744	d__Bacteria; p__Aquificae; c__Aquificae; o__Aquificales; f__Hydrogenothermaceae; g__Sulfurihydrogenibium; s__Sulfurihydrogenibium subterraneum
1123355.JHYO01000002_gene1344	d__Bacteria; p__Proteobacteria; c__Alphaproteobacteria; o__Rhizobiales; f__Methylocystaceae; g__Terasakiella; s__Terasakiella pusilla
1123366.TH3_08017	d__Bacteria; p__Proteobacteria; c__Alphaproteobacteria; o__Rhodospirillales; f__Rhodospirillaceae; g__Thalassospira; s__Thalassospira xiamenensis
1123367.C666_05000	d__Bacteria; p__Proteobacteria; c__Betaproteobacteria; o__Rhodocyclales; f__Zoogloeaceae; g__Thauera; s__Thauera linaloolentis
1123367.C666_07530	d__Bacteria; p__Proteobacteria; c__Betaproteobacteria; o__Rhodocyclales; f__Zoogloeaceae; g__Thauera; s__Thauera linaloolentis
1123392.AQWL01000003_gene154	d__Bacteria; p__Proteobacteria; c__Betaproteobacteria; o__Nitrosomonadales; f__Thiobacillaceae; g__Thiobacillus; s__Thiobacillus denitrificans
1123393.KB891326_gene121	d__Bacteria; p__Proteobacteria; c__Betaproteobacteria; o__Nitrosomonadales; f__Thiobacillaceae; g__Thiobacillus; s__Thiobacillus thioparus
1123519.PSJM300_03110	d__Bacteria; p__Proteobacteria; c__Gammaproteobacteria; o__Pseudomonadales; f__Pseudomonadaceae; g__Pseudomonas; s__Pseudomonas stutzeri
1124780.ANNU01000013_gene3869	d__Bacteria; p__Bacteroidetes; c__Cytophagia; o__Cytophagales; f__Cesiribacteraceae; g__Nafulsella; s__Nafulsella turpanensis
1131730.BAVI_16462	d__Bacteria; p__Firmicutes; c__Bacilli; o__Bacillales; f__Bacillaceae; g__Neobacillus; s__Neobacillus vireti
1132855.KB913035_gene1600	d__Bacteria; p__Proteobacteria; c__Betaproteobacteria; o__Nitrosomonadales; f__Methylophilaceae; g__Methylotenera; s__Methylotenera mobilis
1137281.D778_01419	d__Bacteria; p__Bacteroidetes; c__Flavobacteriia; o__Flavobacteriales; f__Flavobacteriaceae; g__Xanthomarina; s__Xanthomarina gelatinilytica
1150600.ADIARSV_3467	d__Bacteria; p__Bacteroidetes; c__Sphingobacteriia; o__Sphingobacteriales; f__Sphingobacteriaceae; g__Arcticibacter; s__Arcticibacter svalbardensis
1150621.SMUL_2124	d__Bacteria; p__Proteobacteria; c__Epsilonproteobacteria; o__Campylobacterales; f__Campylobacteraceae; g__Sulfurospirillum; s__Sulfurospirillum multivorans
1158338.JNLJ01000001_gene410	d__Bacteria; p__Aquificae; c__Aquificae; o__Aquificales; f__Hydrogenothermaceae; g__Persephonella; s__Persephonella sp. IF05-L8
1158345.JNLL01000001_gene2017	d__Bacteria; p__Aquificae; c__Aquificae; o__Aquificales; f__Hydrogenothermaceae; g__Persephonella; s__Persephonella sp. KM09-Lau-8
1163407.UU7_06253	d__Bacteria; p__Proteobacteria; c__Gammaproteobacteria; o__Xanthomonadales; f__Rhodanobacteraceae; g__Rhodanobacter; s__Rhodanobacter spathiphylli
1163408.UU9_01404	d__Bacteria; p__Proteobacteria; c__Gammaproteobacteria; o__Xanthomonadales; f__Rhodanobacteraceae; g__Rhodanobacter; s__Rhodanobacter fulvus
1163409.UUA_00745	d__Bacteria; p__Proteobacteria; c__Gammaproteobacteria; o__Xanthomonadales; f__Rhodanobacteraceae; g__Rhodanobacter; s__Rhodanobacter thiooxydans
1163617.SCD_n00349	d__Bacteria; p__Proteobacteria; c__Betaproteobacteria; o__Nitrosomonadales; f__Sulfuricellaceae; g__Sulfuricella; s__Sulfuricella denitrificans
1166948.JPZL01000003_gene762	d__Bacteria; p__Proteobacteria; c__Gammaproteobacteria; o__Oceanospirillales; f__Halomonadaceae; g__Halomonas; s__Halomonas xinjiangensis
1172190.M947_01930	d__Bacteria; p__Proteobacteria; c__Epsilonproteobacteria; o__Campylobacterales; f__Thiovulaceae; g__Sulfurimonas; s__Sulfurimonas hongkongensis
1172190.M947_03250	d__Bacteria; p__Proteobacteria; c__Epsilonproteobacteria; o__Campylobacterales; f__Thiovulaceae; g__Sulfurimonas; s__Sulfurimonas hongkongensis
1178825.ALIH01000003_gene2034	d__Bacteria; p__Bacteroidetes; c__Flavobacteriia; o__Flavobacteriales; f__Flavobacteriaceae; g__Arenitalea; s__Arenitalea lutea
1185652.USDA257_c39060	d__Bacteria; p__Proteobacteria; c__Alphaproteobacteria; o__Rhizobiales; f__Rhizobiaceae; g__Sinorhizobium; s__Sinorhizobium fredii
1189619.pgond44_13586	d__Bacteria; p__Bacteroidetes; c__Flavobacteriia; o__Flavobacteriales; f__Flavobacteriaceae; g__Psychroflexus; s__Psychroflexus gondwanensis
1191523.MROS_1104	d__Bacteria; p__Ignavibacteriae; c__Ignavibacteria; o__Ignavibacteriales; f__Melioribacteraceae; g__Melioribacter; s__Melioribacter roseus
1196835.A458_03705	d__Bacteria; p__Proteobacteria; c__Gammaproteobacteria; o__Pseudomonadales; f__Pseudomonadaceae; g__Pseudomonas; s__Pseudomonas stutzeri
1197477.IA57_03475	d__Bacteria; p__Bacteroidetes; c__Flavobacteriia; o__Flavobacteriales; f__Flavobacteriaceae; g__Mangrovimonas; s__Mangrovimonas yunxiaonensis
1197906.CAJQ02000024_gene1353	d__Bacteria; p__Proteobacteria; c__Alphaproteobacteria; o__Rhizobiales; f__Bradyrhizobiaceae; g__Afipia; s__Afipia birgiae
1201293.AKXQ01000008_gene709	d__Bacteria; p__Proteobacteria; c__Gammaproteobacteria; o__Alteromonadales; f__Moritellaceae; g__Moritella; s__Moritella dasanensis
1202532.FF52_21889	d__Bacteria; p__Bacteroidetes; c__Flavobacteriia; o__Flavobacteriales; f__Flavobacteriaceae; g__Flavobacterium; s__Flavobacterium sp. F52
1202962.KB907162_gene4031	d__Bacteria; p__Proteobacteria; c__Gammaproteobacteria; o__Alteromonadales; f__Moritellaceae; g__Moritella; s__Moritella marina
1208323.B30_13494	d__Bacteria; p__Proteobacteria; c__Alphaproteobacteria; o__Rhodobacterales; f__Rhodobacteraceae; g__Celeribacter; s__Celeribacter baekdonensis
1211115.ALIQ01000182_gene1513	d__Bacteria; p__Proteobacteria; c__Alphaproteobacteria; o__Rhizobiales; f__Chelatococcaceae; g__Chelatococcus; s__Chelatococcus sp. GW1
1212548.B381_04082	d__Bacteria; p__Proteobacteria; c__Gammaproteobacteria; o__Pseudomonadales; f__Pseudomonadaceae; g__Pseudomonas; s__Pseudomonas stutzeri
1216976.AX27061_4417	d__Bacteria; p__Proteobacteria; c__Betaproteobacteria; o__Burkholderiales; f__Alcaligenaceae; g__Achromobacter; s__Achromobacter xylosoxidans
1218352.B597_019825	d__Bacteria; p__Proteobacteria; c__Gammaproteobacteria; o__Pseudomonadales; f__Pseudomonadaceae; g__Pseudomonas; s__Pseudomonas stutzeri
1221522.B723_16840	d__Bacteria; p__Proteobacteria; c__Gammaproteobacteria; o__Pseudomonadales; f__Pseudomonadaceae; g__Pseudomonas; s__Pseudomonas fluorescens
1223410.KN050846_gene931	d__Bacteria; p__Bacteroidetes; c__Flavobacteriia; o__Flavobacteriales; f__Flavobacteriaceae; g__Altibacter; s__Altibacter lentus
1223521.BBJX01000003_gene2612	d__Bacteria; p__Proteobacteria; c__Betaproteobacteria; o__Burkholderiales; f__Comamonadaceae; g__Comamonas; s__Comamonas granuli
1227266.HMPREF1551_00877	d__Bacteria; p__Bacteroidetes; c__Flavobacteriia; o__Flavobacteriales; f__Flavobacteriaceae; g__Capnocytophaga; s__Capnocytophaga sp. oral taxon 863
1231190.NA8A_19228	d__Bacteria; p__Proteobacteria; c__Alphaproteobacteria; o__Rhizobiales; f__Phyllobacteriaceae; g__Nitratireductor; s__Nitratireductor indicus
1231392.OCGS_1060	d__Bacteria; p__Proteobacteria; c__Alphaproteobacteria; o__Rhodobacterales; f__Rhodobacteraceae; g__Oceaniovalibus; s__Oceaniovalibus guishaninsula
123214.PERMA_1257	d__Bacteria; p__Aquificae; c__Aquificae; o__Aquificales; f__Hydrogenothermaceae; g__Persephonella; s__Persephonella marina
1234664.AMRO01000003_gene722	d__Bacteria; p__Firmicutes; c__Bacilli; o__Bacillales; f__Bacillaceae; g__Parageobacillus; s__Parageobacillus caldoxylosilyticus
1236497.BAJQ01000027_gene2365	d__Bacteria; p__Bacteroidetes; c__Bacteroidia; o__Bacteroidales; f__Prevotellaceae; g__Prevotella; s__Prevotella oulorum
1237149.C900_03372	d__Bacteria; p__Bacteroidetes; c__Cytophagia; o__Cytophagales; f__Fulvivirgaceae; g__Fulvivirga; s__Fulvivirga imtechensis
1238182.C882_2809	d__Bacteria; p__Proteobacteria; c__Alphaproteobacteria; o__Rhodospirillales; f__Rhodospirillaceae; g__Caenispirillum; s__Caenispirillum salinarum
1239962.C943_03909	d__Bacteria; p__Bacteroidetes; c__Cytophagia; o__Cytophagales; f__Cyclobacteriaceae; g__Mariniradius; s__Mariniradius saccharolyticus
1242969.ATCC51562_1663	d__Bacteria; p__Proteobacteria; c__Epsilonproteobacteria; o__Campylobacterales; f__Campylobacteraceae; g__Campylobacter; s__Campylobacter concisus
1244083.CSUNSWCD_1134	d__Bacteria; p__Proteobacteria; c__Epsilonproteobacteria; o__Campylobacterales; f__Campylobacteraceae; g__Campylobacter; s__Campylobacter showae
1244528.CFT03427_0449	d__Bacteria; p__Proteobacteria; c__Epsilonproteobacteria; o__Campylobacterales; f__Campylobacteraceae; g__Campylobacter; s__Campylobacter fetus
1244531.CIG1485E_0544	d__Bacteria; p__Proteobacteria; c__Epsilonproteobacteria; o__Campylobacterales; f__Campylobacteraceae; g__Campylobacter; s__Campylobacter iguaniorum
1244869.H261_05869	d__Bacteria; p__Proteobacteria; c__Alphaproteobacteria; o__Rhodospirillales; f__Rhodospirillaceae; g__Magnetospirillum; s__Magnetospirillum caucaseum
1245469.S58_64860	d__Bacteria; p__Proteobacteria; c__Alphaproteobacteria; o__Rhizobiales; f__Bradyrhizobiaceae; g__Bradyrhizobium; s__Bradyrhizobium oligotrophicum
1249997.JHZW01000003_gene3301	d__Bacteria; p__Bacteroidetes; c__Flavobacteriia; o__Flavobacteriales; f__Flavobacteriaceae; g__Maribacter; s__Maribacter sp. Hel_I_7
1250232.JQNJ01000001_gene2750	d__Bacteria; p__Bacteroidetes; c__Flavobacteriia; o__Flavobacteriales; f__Flavobacteriaceae; g__Muricauda; s__Muricauda sp. MAR_2010_75
1255043.TVNIR_1638	d__Bacteria; p__Proteobacteria; c__Gammaproteobacteria; o__Chromatiales; f__Ectothiorhodospiraceae; g__Thioalkalivibrio; s__Thioalkalivibrio nitratireducens
1265503.KB905174_gene4298	d__Bacteria; p__Proteobacteria; c__Gammaproteobacteria; o__Alteromonadales; f__Colwelliaceae; g__Colwellia; s__Colwellia piezophila
1265503.KB905186_gene4481	d__Bacteria; p__Proteobacteria; c__Gammaproteobacteria; o__Alteromonadales; f__Colwelliaceae; g__Colwellia; s__Colwellia piezophila
1267005.KB911259_gene4070	d__Bacteria; p__Proteobacteria; c__Alphaproteobacteria; o__Rhizobiales; f__Hyphomicrobiaceae; g__Hyphomicrobium; s__Hyphomicrobium zavarzinii
1267211.KI669560_gene1636	d__Bacteria; p__Bacteroidetes; c__Chitinophagia; o__Chitinophagales; f__Chitinophagaceae; g__Sediminibacterium; s__Sediminibacterium sp. C3
1267580.AF6_1580	d__Bacteria; p__Firmicutes; c__Bacilli; o__Bacillales; f__Bacillaceae; g__Anoxybacillus; s__Anoxybacillus flavithermus
1268622.AVS7_01313	d__Bacteria; p__Proteobacteria; c__Betaproteobacteria; o__Burkholderiales; f__Comamonadaceae; g__Acidovorax; s__Acidovorax sp. MR-S7
1276756.AUEX01000001_gene994	d__Bacteria; p__Proteobacteria; c__Betaproteobacteria; o__Burkholderiales; f__Comamonadaceae; g__Acidovorax; s__Acidovorax sp. JHL-9
1278307.KB906978_gene3851	d__Bacteria; p__Proteobacteria; c__Gammaproteobacteria; o__Alteromonadales; f__Psychromonadaceae; g__Psychromonas; s__Psychromonas ossibalaenae
1278309.KB907102_gene205	d__Bacteria; p__Proteobacteria; c__Gammaproteobacteria; o__Oceanospirillales; f__Oceanospirillaceae; g__Amphritea; s__Amphritea japonica
1279009.ADICEAN_01488	d__Bacteria; p__Bacteroidetes; c__Cytophagia; o__Cytophagales; f__Cesiribacteraceae; g__Cesiribacter; s__Cesiribacter andamanensis
1286632.P278_23880	d__Bacteria; p__Bacteroidetes; c__Flavobacteriia; o__Flavobacteriales; f__Flavobacteriaceae; g__Zhouia; s__Zhouia amylolytica
1288298.rosmuc_02857	d__Bacteria; p__Proteobacteria; c__Alphaproteobacteria; o__Rhodobacterales; f__Rhodobacteraceae; g__Roseovarius; s__Roseovarius mucosus
1288826.MSNKSG1_10928	d__Bacteria; p__Proteobacteria; c__Gammaproteobacteria; o__Alteromonadales; f__Alteromonadaceae; g__Marinobacter; s__Marinobacter santoriniensis
1294143.H681_24785	d__Bacteria; p__Proteobacteria; c__Gammaproteobacteria; o__Pseudomonadales; f__Pseudomonadaceae; g__Pseudomonas; s__Pseudomonas sp. ATCC 13867
1294265.JCM21738_1807	d__Bacteria; p__Firmicutes; c__Bacilli; o__Bacillales; f__Bacillaceae; g__Mesobacillus; s__Mesobacillus boroniphilus
1296416.JACB01000039_gene1333	d__Bacteria; p__Bacteroidetes; c__Flavobacteriia; o__Flavobacteriales; f__Flavobacteriaceae; g__Aquimarina; s__Aquimarina megaterium
1304877.KI519399_gene2250	d__Bacteria; p__Proteobacteria; c__Alphaproteobacteria; o__Rhizobiales; f__Bradyrhizobiaceae; g__Bradyrhizobium; s__Bradyrhizobium japonicum
1304877.KI519399_gene5322	d__Bacteria; p__Proteobacteria; c__Alphaproteobacteria; o__Rhizobiales; f__Bradyrhizobiaceae; g__Bradyrhizobium; s__Bradyrhizobium japonicum
1304878.AUGD01000002_gene1549	d__Bacteria; p__Proteobacteria; c__Alphaproteobacteria; o__Rhizobiales; f__Bradyrhizobiaceae; g__Bradyrhizobium; s__Bradyrhizobium japonicum
1304878.AUGD01000012_gene4102	d__Bacteria; p__Proteobacteria; c__Alphaproteobacteria; o__Rhizobiales; f__Bradyrhizobiaceae; g__Bradyrhizobium; s__Bradyrhizobium japonicum
1304883.KI912532_gene2102	d__Bacteria; p__Proteobacteria; c__Betaproteobacteria; o__Rhodocyclales; f__Azonexaceae; g__Dechloromonas; s__Dechloromonas agitata
1313301.AUGC01000001_gene1476	d__Bacteria; p__Bacteroidetes; c__Cytophagia; o__Cytophagales; f__Thermonemataceae; g__Thermonema; s__Thermonema rossianum
1316927.ATKI01000053_gene471	d__Bacteria; p__Proteobacteria; c__Gammaproteobacteria; o__Pseudomonadales; f__Pseudomonadaceae; g__Pseudomonas; s__Pseudomonas corrugata
1317122.ATO12_04695	d__Bacteria; p__Bacteroidetes; c__Flavobacteriia; o__Flavobacteriales; f__Flavobacteriaceae; g__Aquimarina; s__Aquimarina atlantica
1317124.DW2_00325	d__Bacteria; p__Proteobacteria; c__Alphaproteobacteria; o__Rhodobacterales; f__Rhodobacteraceae; g__Thioclava; s__Thioclava atlantica
1323663.AROI01000009_gene3836	d__Bacteria; p__Proteobacteria; c__Gammaproteobacteria; o__Pseudomonadales; f__Pseudomonadaceae; g__Pseudomonas; s__Pseudomonas pelagia
1333856.L686_22405	d__Bacteria; p__Proteobacteria; c__Gammaproteobacteria; o__Pseudomonadales; f__Pseudomonadaceae; g__Pseudomonas; s__Pseudomonas stutzeri
1336235.JAEG01000009_gene2872	d__Bacteria; p__Proteobacteria; c__Alphaproteobacteria; o__Rhizobiales; f__Rhizobiaceae; g__Rhizobium; s__Rhizobium selenitireducens
1340434.AXVA01000010_gene5266	d__Bacteria; p__Firmicutes; c__Bacilli; o__Bacillales; f__Bacillaceae; g__Bacillus; s__Bacillus sp. UNC438CL73TsuS30
1341155.FSS13T_01850	d__Bacteria; p__Bacteroidetes; c__Flavobacteriia; o__Flavobacteriales; f__Flavobacteriaceae; g__Flavobacterium; s__Flavobacterium saliperosum
1341181.FLJC2902T_06080	d__Bacteria; p__Bacteroidetes; c__Flavobacteriia; o__Flavobacteriales; f__Flavobacteriaceae; g__Flavobacterium; s__Flavobacterium limnosediminis
1345697.M493_09540	r__Root
1348657.M622_15580	d__Bacteria; p__Proteobacteria; c__Betaproteobacteria; o__Rhodocyclales; f__Zoogloeaceae; g__Thauera; s__Thauera terpenica
1354722.JQLS01000008_gene2199	d__Bacteria; p__Proteobacteria; c__Alphaproteobacteria; o__Rhodobacterales; f__Rhodobacteraceae; g__Roseovarius; s__Roseovarius sp. MCTG156(2b)
1355368.JART01000017_gene2059	d__Bacteria; p__Proteobacteria; c__Epsilonproteobacteria; o__Campylobacterales; f__Campylobacteraceae
1366050.N234_05265	d__Bacteria; p__Proteobacteria; c__Betaproteobacteria; o__Burkholderiales; f__Burkholderiaceae; g__Ralstonia; s__Ralstonia pickettii
1380358.JADJ01000001_gene1124	d__Bacteria; p__Proteobacteria; c__Gammaproteobacteria; o__Oceanospirillales; f__Halomonadaceae; g__Halomonas; s__Halomonas sp. 23_GOM-1509m
1380387.JADM01000004_gene2714	d__Bacteria; p__Proteobacteria; c__Gammaproteobacteria; o__Oceanospirillales; f__Alcanivoracaceae; g__Alcanivorax; s__Alcanivorax sp. 43B_GOM-46m
1380600.AUYN01000007_gene3382	d__Bacteria; p__Bacteroidetes; c__Flavobacteriia; o__Flavobacteriales; f__Flavobacteriaceae; g__Flaviramulus; s__Flaviramulus ichthyoenteri
138119.DSY0261	d__Bacteria; p__Firmicutes; c__Clostridia; o__Clostridiales; f__Peptococcaceae; g__Desulfitobacterium; s__Desulfitobacterium hafniense
1396858.Q666_05225	d__Bacteria; p__Proteobacteria; c__Gammaproteobacteria; o__Alteromonadales; f__Alteromonadaceae; g__Marinobacter; s__Marinobacter sp. ES-1
1397528.Q671_00385	d__Bacteria; p__Proteobacteria; c__Gammaproteobacteria; o__Oceanospirillales; f__Halomonadaceae; g__Halomonas; s__Halomonas sp. PBN3
1401065.HMPREF2130_07460	d__Bacteria; p__Proteobacteria; c__Betaproteobacteria; o__Burkholderiales; f__Alcaligenaceae; g__Oligella; s__Oligella urethralis
1410620.SHLA_36c000580	d__Bacteria; p__Proteobacteria; c__Alphaproteobacteria; o__Rhizobiales; f__Rhizobiaceae; g__Shinella; s__Shinella sp. DD12
1411123.JQNH01000001_gene2731	d__Bacteria; p__Proteobacteria; c__Alphaproteobacteria; o__Rhizobiales
1415630.U771_13860	d__Bacteria; p__Proteobacteria; c__Gammaproteobacteria; o__Pseudomonadales; f__Pseudomonadaceae; g__Pseudomonas; s__Pseudomonas sp. TKP
1416760.AYMS01000031_gene2444	d__Bacteria; p__Bacteroidetes; c__Flavobacteriia; o__Flavobacteriales; f__Flavobacteriaceae; g__Myroides; s__Myroides odoratimimus
1419583.V466_11390	d__Bacteria; p__Proteobacteria; c__Gammaproteobacteria; o__Pseudomonadales; f__Pseudomonadaceae; g__Pseudomonas; s__Pseudomonas mandelii
1419583.V466_31225	d__Bacteria; p__Proteobacteria; c__Gammaproteobacteria; o__Pseudomonadales; f__Pseudomonadaceae; g__Pseudomonas; s__Pseudomonas mandelii
1430440.MGMSRv2_1430	d__Bacteria; p__Proteobacteria; c__Alphaproteobacteria; o__Rhodospirillales; f__Rhodospirillaceae; g__Magnetospirillum; s__Magnetospirillum gryphiswaldense
1434929.X946_48	r__Root
1437448.AZRT01000124_gene1162	d__Bacteria; p__Proteobacteria; c__Alphaproteobacteria; o__Rhizobiales; f__Brucellaceae; g__Ochrobactrum; s__Ochrobactrum rhizosphaerae
1437824.BN940_13246	d__Bacteria; p__Proteobacteria; c__Betaproteobacteria; o__Burkholderiales; f__Alcaligenaceae; g__Castellaniella; s__Castellaniella defragrans
1437882.AZRU01000055_gene3739	d__Bacteria; p__Proteobacteria; c__Gammaproteobacteria; o__Pseudomonadales; f__Pseudomonadaceae; g__Pseudomonas; s__Pseudomonas nitroreducens
1439940.BAY1663_02165	d__Bacteria; p__Proteobacteria; c__Gammaproteobacteria; o__Pseudomonadales; f__Pseudomonadaceae; g__Pseudomonas; s__Pseudomonas sp. BAY1663
1443665.JACA01000047_gene5266	d__Bacteria; p__Bacteroidetes; c__Flavobacteriia; o__Flavobacteriales; f__Flavobacteriaceae; g__Aquimarina; s__Aquimarina macrocephali
1446473.JHWH01000008_gene94	d__Bacteria; p__Proteobacteria; c__Alphaproteobacteria; o__Rhodobacterales; f__Rhodobacteraceae; g__Paracoccus; s__Paracoccus yeei
1452718.JBOY01000098_gene2996	d__Bacteria; p__Proteobacteria; c__Gammaproteobacteria; o__Pseudomonadales; f__Pseudomonadaceae; g__Pseudomonas; s__Pseudomonas sp. RL
1453498.LG45_05100	d__Bacteria; p__Bacteroidetes; c__Flavobacteriia; o__Flavobacteriales; f__Flavobacteriaceae; g__Flavobacterium; s__Flavobacterium aquatile
1454004.AW11_03007	d__Bacteria; p__Proteobacteria; c__Betaproteobacteria
1461580.CCAS010000008_gene1235	d__Bacteria; p__Firmicutes; c__Bacilli; o__Bacillales; f__Bacillaceae; g__Neobacillus; s__Neobacillus jeddahensis
1469557.JSWF01000030_gene3552	d__Bacteria; p__Bacteroidetes; c__Flavobacteriia; o__Flavobacteriales; f__Flavobacteriaceae; g__Lacinutrix; s__Lacinutrix jangbogonensis
1479237.JMLY01000001_gene3440	d__Bacteria; p__Proteobacteria; c__Gammaproteobacteria; o__Alteromonadales; f__Alteromonadaceae; g__Marinobacter; s__Marinobacter sp. HL-58
1484460.JSWG01000015_gene913	d__Bacteria; p__Bacteroidetes; c__Flavobacteriia; o__Flavobacteriales; f__Flavobacteriaceae; g__Psychroserpens; s__Psychroserpens jangbogonensis
1499680.CCFE01000013_gene952	d__Bacteria; p__Firmicutes; c__Bacilli; o__Bacillales; f__Bacillaceae; g__Bacillus; s__Bacillus rubiinfantis
1499686.BN1079_03144	d__Bacteria; p__Proteobacteria; c__Gammaproteobacteria; o__Pseudomonadales; f__Pseudomonadaceae; g__Pseudomonas; s__Pseudomonas saudiphocaensis
1525715.IX54_06800	r__Root
1532557.JL37_23650	d__Bacteria; p__Proteobacteria; c__Betaproteobacteria; o__Burkholderiales; f__Alcaligenaceae; g__Achromobacter; s__Achromobacter sp. RTa
1532558.JL39_17835	d__Bacteria; p__Proteobacteria; c__Alphaproteobacteria; o__Rhizobiales; f__Rhizobiaceae; g__Rhizobium; s__Rhizobium sp. YS-1r
1535422.ND16A_2787	d__Bacteria; p__Proteobacteria; c__Gammaproteobacteria; o__Alteromonadales; f__Colwelliaceae; g__Thalassotalea; s__Thalassotalea sp. ND16A
1547437.LL06_11025	d__Bacteria; p__Proteobacteria; c__Alphaproteobacteria; o__Rhizobiales; f__Phyllobacteriaceae; g__Hoeflea; s__Hoeflea sp. BAL378
1550091.JROE01000002_gene572	d__Bacteria; p__Bacteroidetes; c__Sphingobacteriia; o__Sphingobacteriales; f__Sphingobacteriaceae
1565314.OA34_09370	d__Bacteria; p__Proteobacteria; c__Epsilonproteobacteria; o__Campylobacterales; f__Campylobacteraceae; g__Sulfurospirillum; s__Sulfurospirillum sp. MES
1565314.OA34_10415	d__Bacteria; p__Proteobacteria; c__Epsilonproteobacteria; o__Campylobacterales; f__Campylobacteraceae; g__Sulfurospirillum; s__Sulfurospirillum sp. MES
159087.Daro_1571	d__Bacteria; p__Proteobacteria; c__Betaproteobacteria; o__Rhodocyclales; f__Azonexaceae; g__Dechloromonas; s__Dechloromonas aromatica
159087.Daro_1575	d__Bacteria; p__Proteobacteria; c__Betaproteobacteria; o__Rhodocyclales; f__Azonexaceae; g__Dechloromonas; s__Dechloromonas aromatica
187272.Mlg_1074	d__Bacteria; p__Proteobacteria; c__Gammaproteobacteria; o__Chromatiales; f__Ectothiorhodospiraceae; g__Alkalilimnicola; s__Alkalilimnicola ehrlichii
189753.AXAS01000019_gene3399	d__Bacteria; p__Proteobacteria; c__Alphaproteobacteria; o__Rhizobiales; f__Bradyrhizobiaceae; g__Bradyrhizobium; s__Bradyrhizobium sp. Ec3.3
196490.AUEZ01000001_gene7477	d__Bacteria; p__Proteobacteria; c__Alphaproteobacteria; o__Rhizobiales; f__Bradyrhizobiaceae; g__Bradyrhizobium; s__Bradyrhizobium sp. Ai1a-2
224911	d__Bacteria; p__Proteobacteria; c__Alphaproteobacteria; o__Rhizobiales; f__Bradyrhizobiaceae; g__Bradyrhizobium; s__Bradyrhizobium diazoefficiens
232721.Ajs_1139	d__Bacteria; p__Proteobacteria; c__Betaproteobacteria; o__Burkholderiales; f__Comamonadaceae; g__Acidovorax; s__Acidovorax sp. JS42
243160.BMA0995	d__Bacteria; p__Proteobacteria; c__Betaproteobacteria; o__Burkholderiales; f__Burkholderiaceae; g__Burkholderia; s__Burkholderia mallei
246200.SPOA0050	d__Bacteria; p__Proteobacteria; c__Alphaproteobacteria; o__Rhodobacterales; f__Rhodobacteraceae; g__Ruegeria; s__Ruegeria pomeroyi
258594.RPA2061	d__Bacteria; p__Proteobacteria; c__Alphaproteobacteria; o__Rhizobiales; f__Bradyrhizobiaceae; g__Rhodopseudomonas; s__Rhodopseudomonas palustris
266264.Rmet_4917	d__Bacteria; p__Proteobacteria; c__Betaproteobacteria; o__Burkholderiales; f__Burkholderiaceae; g__Cupriavidus; s__Cupriavidus metallidurans
266748.HY04_08570	d__Bacteria; p__Bacteroidetes; c__Flavobacteriia; o__Flavobacteriales; f__Weeksellaceae; g__Kaistella; s__Chryseobacterium antarcticum
267608.RSp1368	d__Bacteria; p__Proteobacteria; c__Betaproteobacteria; o__Burkholderiales; f__Burkholderiaceae; g__Ralstonia; s__Ralstonia solanacearum
270374.MELB17_04642	d__Bacteria; p__Proteobacteria; c__Gammaproteobacteria; o__Alteromonadales; f__Alteromonadaceae; g__Marinobacter; s__Marinobacter sp. ELB17
272560.BPSL1607	d__Bacteria; p__Proteobacteria; c__Betaproteobacteria; o__Burkholderiales; f__Burkholderiaceae; g__Burkholderia; s__Burkholderia pseudomallei
278957.ABEA03000176_gene2843	d__Bacteria; p__Verrucomicrobia; c__Opitutae; o__Opitutales; f__Opitutaceae; g__Geminisphaera; s__Geminisphaera colitermitum
279714.FuraDRAFT_0338	d__Bacteria; p__Proteobacteria; c__Betaproteobacteria; o__Neisseriales; f__Chromobacteriaceae; g__Pseudogulbenkiania; s__Pseudogulbenkiania ferrooxidans
28229.ND2E_1660	d__Bacteria; p__Proteobacteria; c__Gammaproteobacteria; o__Alteromonadales; f__Colwelliaceae; g__Colwellia; s__Colwellia psychrerythraea
287.DR97_4530	d__Bacteria; p__Proteobacteria; c__Gammaproteobacteria; o__Pseudomonadales; f__Pseudomonadaceae; g__Pseudomonas; s__Pseudomonas aeruginosa
288000.BBta_6008	d__Bacteria; p__Proteobacteria; c__Alphaproteobacteria; o__Rhizobiales; f__Bradyrhizobiaceae; g__Bradyrhizobium; s__Bradyrhizobium sp. BTAi1
290397.Adeh_2402	d__Bacteria; p__Proteobacteria; c__Deltaproteobacteria; o__Myxococcales; f__Anaeromyxobacteraceae; g__Anaeromyxobacter; s__Anaeromyxobacter dehalogenans
292415.Tbd_1389	d__Bacteria; p__Proteobacteria; c__Betaproteobacteria; o__Nitrosomonadales; f__Thiobacillaceae; g__Thiobacillus; s__Thiobacillus denitrificans
29581.BW37_01161	d__Bacteria; p__Proteobacteria; c__Betaproteobacteria; o__Burkholderiales; f__Oxalobacteraceae; g__Janthinobacterium; s__Janthinobacterium lividum
298386.PBPRB0847	d__Bacteria; p__Proteobacteria; c__Gammaproteobacteria; o__Vibrionales; f__Vibrionaceae; g__Photobacterium; s__Photobacterium profundum
305700.B447_07714	d__Bacteria; p__Proteobacteria; c__Betaproteobacteria; o__Rhodocyclales; f__Zoogloeaceae; g__Thauera; s__Thauera sp. 27
309801.trd_A0194	d__Bacteria; p__Chloroflexi; c__Thermomicrobia; o__Thermomicrobiales; f__Thermomicrobiaceae; g__Thermomicrobium; s__Thermomicrobium roseum
309807.SRU_0308	d__Bacteria; p__Bacteroidetes
313595.P700755_000691	d__Bacteria; p__Bacteroidetes; c__Flavobacteriia; o__Flavobacteriales; f__Flavobacteriaceae; g__Psychroflexus; s__Psychroflexus torquis
313596.RB2501_05465	d__Bacteria; p__Bacteroidetes; c__Flavobacteriia; o__Flavobacteriales; f__Flavobacteriaceae; g__Robiginitalea; s__Robiginitalea biformata
313603.FB2170_03800	d__Bacteria; p__Bacteroidetes; c__Flavobacteriia; o__Flavobacteriales; f__Flavobacteriaceae; g__Maribacter; s__Maribacter sp. HTCC2170
314264.ROS217_15191	d__Bacteria; p__Proteobacteria; c__Alphaproteobacteria; o__Rhodobacterales; f__Rhodobacteraceae; g__Roseovarius; s__Roseovarius sp. 217
314271.RB2654_12844	d__Bacteria; p__Proteobacteria; c__Alphaproteobacteria; o__Rhodobacterales; f__Rhodobacteraceae; g__Maritimibacter; s__Maritimibacter alkaliphilus
316055.RPE_3095	d__Bacteria; p__Proteobacteria; c__Alphaproteobacteria; o__Rhizobiales; f__Bradyrhizobiaceae; g__Rhodopseudomonas; s__Rhodopseudomonas palustris
316056.RPC_0428	d__Bacteria; p__Proteobacteria; c__Alphaproteobacteria; o__Rhizobiales; f__Bradyrhizobiaceae; g__Rhodopseudomonas; s__Rhodopseudomonas palustris
316058.RPB_3142	d__Bacteria; p__Proteobacteria; c__Alphaproteobacteria; o__Rhizobiales; f__Bradyrhizobiaceae; g__Rhodopseudomonas; s__Rhodopseudomonas palustris
318161.Sden_2219	d__Bacteria; p__Proteobacteria; c__Gammaproteobacteria; o__Alteromonadales; f__Shewanellaceae; g__Shewanella; s__Shewanella denitrificans
318586.Pden_4219	d__Bacteria; p__Proteobacteria; c__Alphaproteobacteria; o__Rhodobacterales; f__Rhodobacteraceae; g__Paracoccus; s__Paracoccus denitrificans
32042.PstZobell_01047	d__Bacteria; p__Proteobacteria; c__Gammaproteobacteria; o__Pseudomonadales; f__Pseudomonadaceae; g__Pseudomonas; s__Pseudomonas stutzeri
323850.Shew_3400	d__Bacteria; p__Proteobacteria; c__Gammaproteobacteria; o__Alteromonadales; f__Shewanellaceae; g__Shewanella; s__Shewanella loihica
326298.Suden_1298	d__Bacteria; p__Proteobacteria; c__Epsilonproteobacteria; o__Campylobacterales; f__Thiovulaceae; g__Sulfurimonas; s__Sulfurimonas denitrificans
326298.Suden_1770	d__Bacteria; p__Proteobacteria; c__Epsilonproteobacteria; o__Campylobacterales; f__Thiovulaceae; g__Sulfurimonas; s__Sulfurimonas denitrificans
338969.Rfer_3199	d__Bacteria; p__Proteobacteria; c__Betaproteobacteria; o__Burkholderiales; f__Comamonadaceae; g__Rhodoferax; s__Rhodoferax ferrireducens
34007.IT40_15185	d__Bacteria; p__Proteobacteria; c__Alphaproteobacteria; o__Rhodobacterales; f__Rhodobacteraceae; g__Paracoccus; s__Paracoccus versutus
349521.HCH_03388	d__Bacteria; p__Proteobacteria; c__Gammaproteobacteria; o__Oceanospirillales; f__Hahellaceae; g__Hahella; s__Hahella chejuensis
351348.Maqu_3078	d__Bacteria; p__Proteobacteria; c__Gammaproteobacteria; o__Alteromonadales; f__Alteromonadaceae; g__Marinobacter; s__Marinobacter hydrocarbonoclasticus
357804.Ping_1428	d__Bacteria; p__Proteobacteria; c__Gammaproteobacteria; o__Alteromonadales; f__Psychromonadaceae; g__Psychromonas; s__Psychromonas ingrahamii
360104.CCC13826_1729	d__Bacteria; p__Proteobacteria; c__Epsilonproteobacteria; o__Campylobacterales; f__Campylobacteraceae; g__Campylobacter; s__Campylobacter concisus
360106.CFF8240_0440	d__Bacteria; p__Proteobacteria; c__Epsilonproteobacteria; o__Campylobacterales; f__Campylobacteraceae; g__Campylobacter; s__Campylobacter fetus
375451.RD1_1547	d__Bacteria; p__Proteobacteria; c__Alphaproteobacteria; o__Rhodobacterales; f__Rhodobacteraceae; g__Roseobacter; s__Roseobacter denitrificans
376733.IT41_10695	d__Bacteria; p__Proteobacteria; c__Alphaproteobacteria; o__Rhodobacterales; f__Rhodobacteraceae; g__Paracoccus; s__Paracoccus halophilus
379066.GAU_1385	d__Bacteria; p__Gemmatimonadetes; c__Gemmatimonadetes; o__Gemmatimonadales; f__Gemmatimonadaceae; g__Gemmatimonas; s__Gemmatimonas aurantiaca
379731.PST_3550	d__Bacteria; p__Proteobacteria; c__Gammaproteobacteria; o__Pseudomonadales; f__Pseudomonadaceae; g__Pseudomonas; s__Pseudomonas stutzeri
381666.PHG252	d__Bacteria; p__Proteobacteria; c__Betaproteobacteria; o__Burkholderiales; f__Burkholderiaceae; g__Cupriavidus; s__Cupriavidus necator
384765.SIAM614_31426	d__Bacteria; p__Proteobacteria; c__Alphaproteobacteria; o__Rhodobacterales; f__Rhodobacteraceae; g__Labrenzia; s__Labrenzia aggregata
387092.NIS_1789	d__Bacteria; p__Proteobacteria; c__Epsilonproteobacteria
387093.SUN_2179	d__Bacteria; p__Proteobacteria; c__Epsilonproteobacteria; o__Campylobacterales; f__Sulfurovaceae; g__Sulfurovum; s__Sulfurovum sp. NBC37-1
388051.AUFE01000014_gene6000	d__Bacteria; p__Proteobacteria; c__Betaproteobacteria; o__Burkholderiales; f__Burkholderiaceae; g__Cupriavidus; s__Cupriavidus sp. amp6
388739.RSK20926_03559	d__Bacteria; p__Proteobacteria; c__Alphaproteobacteria; o__Rhodobacterales; f__Rhodobacteraceae; g__Roseobacter; s__Roseobacter sp. SK209-2-6
391595.RLO149_c031550	d__Bacteria; p__Proteobacteria; c__Alphaproteobacteria; o__Rhodobacterales; f__Rhodobacteraceae; g__Roseobacter; s__Roseobacter litoralis
391603.FBALC1_12122	d__Bacteria; p__Bacteroidetes; c__Flavobacteriia; o__Flavobacteriales
391613.RTM1035_04615	d__Bacteria; p__Proteobacteria; c__Alphaproteobacteria; o__Rhodobacterales; f__Rhodobacteraceae; g__Roseovarius; s__Roseovarius sp. TM1035
395495.Lcho_1483	d__Bacteria; p__Proteobacteria; c__Betaproteobacteria; o__Burkholderiales
396588.Tgr7_2564	d__Bacteria; p__Proteobacteria; c__Gammaproteobacteria; o__Chromatiales; f__Ectothiorhodospiraceae; g__Thioalkalivibrio; s__Thioalkalivibrio sulfidiphilus
398580.Dshi_3194	d__Bacteria; p__Proteobacteria; c__Alphaproteobacteria; o__Rhodobacterales; f__Rhodobacteraceae; g__Dinoroseobacter; s__Dinoroseobacter shibae
402626.Rpic_4059	d__Bacteria; p__Proteobacteria; c__Betaproteobacteria; o__Burkholderiales; f__Burkholderiaceae; g__Ralstonia; s__Ralstonia pickettii
404589.Anae109_0244	d__Bacteria; p__Proteobacteria; c__Deltaproteobacteria; o__Myxococcales; f__Anaeromyxobacteraceae; g__Anaeromyxobacter; s__Anaeromyxobacter sp. Fw109-5
411154.GFO_1411	d__Bacteria; p__Bacteroidetes; c__Flavobacteriia; o__Flavobacteriales; f__Flavobacteriaceae; g__Gramella; s__Gramella forsetii
412597.AEPN01000019_gene1013	d__Bacteria; p__Proteobacteria; c__Alphaproteobacteria; o__Rhodobacterales; f__Rhodobacteraceae; g__Paracoccus; s__Paracoccus sp. TRP
414684.RC1_3912	d__Bacteria; p__Proteobacteria; c__Alphaproteobacteria; o__Rhodospirillales; f__Rhodospirillaceae; g__Rhodospirillum; s__Rhodospirillum centenum
420246.GTNG_1734	d__Bacteria; p__Firmicutes; c__Bacilli; o__Bacillales; f__Bacillaceae; g__Geobacillus; s__Geobacillus thermodenitrificans
426117.M446_2861	d__Bacteria; p__Proteobacteria; c__Alphaproteobacteria; o__Rhizobiales; f__Methylobacteriaceae; g__Methylobacterium; s__Methylobacterium sp. 4-46
435832.HMPREF0604_01580	d__Bacteria; p__Proteobacteria; c__Betaproteobacteria; o__Neisseriales; f__Neisseriaceae; g__Neisseria; s__Neisseria mucosa
439375.Oant_4346	d__Bacteria; p__Proteobacteria; c__Alphaproteobacteria; o__Rhizobiales; f__Brucellaceae; g__Ochrobactrum; s__Ochrobactrum anthropi
439496.RBY4I_1585	d__Bacteria; p__Proteobacteria; c__Alphaproteobacteria; o__Rhodobacterales
440512.C211_01642	d__Bacteria; p__Proteobacteria; c__Gammaproteobacteria; o__Pseudomonadales; f__Pseudomonadaceae; g__Pseudomonas; s__Pseudomonas sp. Chol1
440512.C211_03280	d__Bacteria; p__Proteobacteria; c__Gammaproteobacteria; o__Pseudomonadales; f__Pseudomonadaceae; g__Pseudomonas; s__Pseudomonas sp. Chol1
443598.AUFA01000015_gene6775	d__Bacteria; p__Proteobacteria; c__Alphaproteobacteria; o__Rhizobiales; f__Bradyrhizobiaceae; g__Bradyrhizobium; s__Bradyrhizobium sp. Cp5.3
452637.Oter_1803	d__Bacteria; p__Verrucomicrobia; c__Opitutae; o__Opitutales; f__Opitutaceae; g__Opitutus; s__Opitutus terrae
468059.AUHA01000007_gene2672	d__Bacteria; p__Bacteroidetes; c__Sphingobacteriia; o__Sphingobacteriales; f__Sphingobacteriaceae; g__Pedobacter; s__Daejeonella oryzae
471854.Dfer_0693	d__Bacteria; p__Bacteroidetes; c__Cytophagia; o__Cytophagales; f__Cytophagaceae; g__Dyadobacter; s__Dyadobacter fermentans
477184.KYC_21059	d__Bacteria; p__Proteobacteria; c__Betaproteobacteria; o__Burkholderiales; f__Alcaligenaceae; g__Achromobacter; s__Achromobacter arsenitoxydans
477228.YO5_06707	d__Bacteria; p__Proteobacteria; c__Gammaproteobacteria; o__Pseudomonadales; f__Pseudomonadaceae; g__Pseudomonas; s__Pseudomonas stutzeri
477228.YO5_13846	d__Bacteria; p__Proteobacteria; c__Gammaproteobacteria; o__Pseudomonadales; f__Pseudomonadaceae; g__Pseudomonas; s__Pseudomonas stutzeri
479434.Sthe_0735	d__Bacteria; p__Chloroflexi; c__Thermomicrobia; o__Sphaerobacterales; f__Sphaerobacteraceae; g__Sphaerobacter; s__Sphaerobacter thermophilus
489653.NLA_16550	d__Bacteria; p__Proteobacteria; c__Betaproteobacteria; o__Neisseriales; f__Neisseriaceae; g__Neisseria; s__Neisseria lactamica
497321.C664_16068	d__Bacteria; p__Proteobacteria; c__Betaproteobacteria; o__Rhodocyclales; f__Zoogloeaceae; g__Thauera; s__Thauera sp. 63
504832.OCAR_5030	d__Bacteria; p__Proteobacteria; c__Alphaproteobacteria; o__Rhizobiales; f__Bradyrhizobiaceae; g__Oligotropha; s__Oligotropha carboxidovorans
511.JT27_07280	d__Bacteria; p__Proteobacteria; c__Betaproteobacteria; o__Burkholderiales; f__Alcaligenaceae; g__Alcaligenes; s__Alcaligenes faecalis
518766.Rmar_2012	d__Bacteria; p__Bacteroidetes
521719.ATXQ01000001_gene776	d__Bacteria; p__Proteobacteria; c__Gammaproteobacteria; o__Pseudomonadales; f__Pseudomonadaceae; g__Pseudomonas; s__Pseudomonas caeni
522306.CAP2UW1_3419	d__Bacteria; p__Proteobacteria; c__Betaproteobacteria
522772.Dacet_0941	d__Bacteria; p__Deferribacteres; c__Deferribacteres; o__Deferribacterales; f__Deferribacteraceae; g__Denitrovibrio; s__Denitrovibrio acetiphilus
531844.FIC_02107	d__Bacteria; p__Bacteroidetes; c__Flavobacteriia; o__Flavobacteriales; f__Flavobacteriaceae
535289.Dtpsy_1060	d__Bacteria; p__Proteobacteria; c__Betaproteobacteria; o__Burkholderiales; f__Comamonadaceae; g__Acidovorax; s__Acidovorax ebreus
545264.KB898746_gene966	d__Bacteria; p__Proteobacteria; c__Gammaproteobacteria; o__Chromatiales; f__Ectothiorhodospiraceae; g__Thioalkalivibrio; s__Thioalkalivibrio sp. AKL11
546262.NEICINOT_03693	d__Bacteria; p__Proteobacteria; c__Betaproteobacteria; o__Neisseriales; f__Neisseriaceae; g__Neisseria; s__Neisseria cinerea
546264.NEIFLAOT_00428	d__Bacteria; p__Proteobacteria; c__Betaproteobacteria; o__Neisseriales; f__Neisseriaceae; g__Neisseria; s__Neisseria flavescens
546266.NEIMUCOT_03818	d__Bacteria; p__Proteobacteria; c__Betaproteobacteria; o__Neisseriales; f__Neisseriaceae; g__Neisseria; s__Neisseria mucosa
546267.NEIPOLOT_02085	d__Bacteria; p__Proteobacteria; c__Betaproteobacteria; o__Neisseriales; f__Neisseriaceae; g__Neisseria; s__Neisseria polysaccharea
546268.NEISUBOT_04005	d__Bacteria; p__Proteobacteria; c__Betaproteobacteria; o__Neisseriales; f__Neisseriaceae; g__Neisseria; s__Neisseria subflava
547045.NEISICOT_02084	d__Bacteria; p__Proteobacteria; c__Betaproteobacteria; o__Neisseriales; f__Neisseriaceae; g__Neisseria; s__Neisseria sicca
553178.CAPGI0001_1095	d__Bacteria; p__Bacteroidetes; c__Flavobacteriia; o__Flavobacteriales; f__Flavobacteriaceae; g__Capnocytophaga; s__Capnocytophaga gingivalis
553218.CAMRE0001_1558	d__Bacteria; p__Proteobacteria; c__Epsilonproteobacteria; o__Campylobacterales; f__Campylobacteraceae; g__Campylobacter; s__Campylobacter rectus
553219.CAMSH0001_0993	d__Bacteria; p__Proteobacteria; c__Epsilonproteobacteria; o__Campylobacterales; f__Campylobacteraceae; g__Campylobacter; s__Campylobacter showae
553220.CAMGR0001_2187	d__Bacteria; p__Proteobacteria; c__Epsilonproteobacteria; o__Campylobacterales; f__Campylobacteraceae; g__Campylobacter; s__Campylobacter gracilis
563040.Saut_1988	d__Bacteria; p__Proteobacteria; c__Epsilonproteobacteria; o__Campylobacterales; f__Thiovulaceae; g__Sulfurimonas; s__Sulfurimonas autotrophica
571166.KI421509_gene1797	d__Bacteria; p__Proteobacteria; c__Alphaproteobacteria; o__Rhodobacterales; f__Rhodobacteraceae; g__Sedimentitalea; s__Sedimentitalea nanhaiensis
582899.Hden_1882	d__Bacteria; p__Proteobacteria; c__Alphaproteobacteria; o__Rhizobiales; f__Hyphomicrobiaceae; g__Hyphomicrobium; s__Hyphomicrobium denitrificans
596153.Alide_3077	d__Bacteria; p__Proteobacteria; c__Betaproteobacteria; o__Burkholderiales; f__Comamonadaceae; g__Alicycliphilus; s__Alicycliphilus denitrificans
596154.Alide2_1370	d__Bacteria; p__Proteobacteria; c__Betaproteobacteria; o__Burkholderiales; f__Comamonadaceae; g__Alicycliphilus; s__Alicycliphilus denitrificans
596320.NEIFL0001_1752	d__Bacteria; p__Proteobacteria; c__Betaproteobacteria; o__Neisseriales; f__Neisseriaceae; g__Neisseria; s__Neisseria flavescens
608538.HTH_0163	d__Bacteria; p__Aquificae; c__Aquificae; o__Aquificales; f__Aquificaceae; g__Hydrogenobacter; s__Hydrogenobacter thermophilus
616991.JPOO01000003_gene1382	d__Bacteria; p__Bacteroidetes; c__Flavobacteriia; o__Flavobacteriales; f__Flavobacteriaceae; g__Arenibacter; s__Arenibacter algicola
62928.azo3113	r__Root
640081.Dsui_0882	d__Bacteria; p__Proteobacteria; c__Betaproteobacteria; o__Rhodocyclales; f__Rhodocyclaceae; g__Azospira; s__Dechlorosoma suillum
640081.Dsui_3309	d__Bacteria; p__Proteobacteria; c__Betaproteobacteria; o__Rhodocyclales; f__Rhodocyclaceae; g__Azospira; s__Dechlorosoma suillum
641143.HMPREF9331_01153	d__Bacteria; p__Bacteroidetes; c__Flavobacteriia; o__Flavobacteriales; f__Flavobacteriaceae; g__Capnocytophaga; s__Capnocytophaga granulosa
641147.HMPREF9021_01234	d__Bacteria; p__Proteobacteria; c__Betaproteobacteria; o__Neisseriales; f__Neisseriaceae; g__Simonsiella; s__Simonsiella muelleri
641149.HMPREF9016_01209	d__Bacteria; p__Proteobacteria; c__Betaproteobacteria; o__Neisseriales; f__Neisseriaceae; g__Neisseria; s__Neisseria sp. oral taxon 014
643867.Ftrac_2708	d__Bacteria; p__Bacteroidetes; c__Cytophagia; o__Cytophagales; f__Marivirgaceae; g__Marivirga; s__Marivirga tractuosa
644107.SL1157_A0204	d__Bacteria; p__Proteobacteria; c__Alphaproteobacteria; o__Rhodobacterales; f__Rhodobacteraceae; g__Ruegeria; s__Ruegeria lacuscaerulensis
644801.Psest_0793	d__Bacteria; p__Proteobacteria; c__Gammaproteobacteria; o__Pseudomonadales; f__Pseudomonadaceae; g__Pseudomonas; s__Pseudomonas stutzeri
652103.Rpdx1_3443	d__Bacteria; p__Proteobacteria; c__Alphaproteobacteria; o__Rhizobiales; f__Bradyrhizobiaceae; g__Rhodopseudomonas; s__Rhodopseudomonas palustris
666684.AfiDRAFT_3697	d__Bacteria; p__Proteobacteria; c__Alphaproteobacteria; o__Rhizobiales; f__Bradyrhizobiaceae; g__Afipia; s__Afipia sp. 1NLS2
666685.R2APBS1_2771	d__Bacteria; p__Proteobacteria; c__Gammaproteobacteria; o__Xanthomonadales; f__Rhodanobacteraceae; g__Rhodanobacter; s__Rhodanobacter denitrificans
670307.HYPDE_29148	d__Bacteria; p__Proteobacteria; c__Alphaproteobacteria; o__Rhizobiales; f__Hyphomicrobiaceae; g__Hyphomicrobium; s__Hyphomicrobium denitrificans
675816.VIA_003610	d__Bacteria; p__Proteobacteria; c__Gammaproteobacteria; o__Vibrionales; f__Vibrionaceae; g__Vibrio; s__Vibrio orientalis
684949.ATTJ01000003_gene3214	r__Root
688246.Premu_2180	d__Bacteria; p__Bacteroidetes; c__Bacteroidia; o__Bacteroidales; f__Prevotellaceae; g__Prevotella; s__Prevotella multisaccharivorax
688270.Celal_3154	d__Bacteria; p__Bacteroidetes; c__Flavobacteriia; o__Flavobacteriales; f__Flavobacteriaceae; g__Cellulophaga; s__Cellulophaga algicola
69279.BG36_16650	d__Bacteria; p__Proteobacteria; c__Alphaproteobacteria; o__Rhizobiales; f__Phyllobacteriaceae; g__Aquamicrobium; s__Aquamicrobium defluvii
696281.Desru_1528	d__Bacteria; p__Firmicutes; c__Clostridia; o__Clostridiales; f__Peptococcaceae; g__Desulfotomaculum; s__Desulfotomaculum ruminis
700598.Niako_5286	d__Bacteria; p__Bacteroidetes; c__Chitinophagia; o__Chitinophagales; f__Chitinophagaceae; g__Niastella; s__Niastella koreensis
702438.HMPREF9431_01063	d__Bacteria; p__Bacteroidetes; c__Bacteroidia; o__Bacteroidales; f__Prevotellaceae; g__Prevotella; s__Prevotella oulorum
706587.Desti_0657	d__Bacteria; p__Proteobacteria; c__Deltaproteobacteria; o__Syntrophobacterales; f__Syntrophaceae; g__Desulfomonile; s__Desulfomonile tiedjei
713586.KB900536_gene1326	d__Bacteria; p__Proteobacteria; c__Gammaproteobacteria; o__Chromatiales; f__Ectothiorhodospiraceae; g__Thioalkalivibrio; s__Thioalkalivibrio thiocyanodenitrificans
713587.THITH_08425	d__Bacteria; p__Proteobacteria; c__Gammaproteobacteria; o__Chromatiales; f__Ectothiorhodospiraceae; g__Thioalkalivibrio; s__Thioalkalivibrio thiocyanoxidans
746697.Aeqsu_0143	d__Bacteria; p__Bacteroidetes; c__Flavobacteriia; o__Flavobacteriales; f__Flavobacteriaceae; g__Aequorivita; s__Aequorivita sublithincola
748247.AZKH_2415	d__Bacteria; p__Proteobacteria; c__Betaproteobacteria; o__Rhodocyclales; f__Zoogloeaceae; g__Azoarcus; s__Azoarcus sp. KH32C
748280.NH8B_3640	d__Bacteria; p__Proteobacteria; c__Betaproteobacteria; o__Neisseriales; f__Chromobacteriaceae; g__Pseudogulbenkiania; s__Pseudogulbenkiania sp. NH8B
749222.Nitsa_0495	d__Bacteria; p__Proteobacteria; c__Epsilonproteobacteria; o__Campylobacterales; f__Sulfurovaceae; g__Nitratifractor; s__Nitratifractor salsuginis
756499.Desde_0186	d__Bacteria; p__Firmicutes; c__Clostridia; o__Clostridiales; f__Peptococcaceae; g__Desulfitobacterium; s__Desulfitobacterium dehalogenans
760192.Halhy_5487	d__Bacteria; p__Bacteroidetes; c__Saprospiria; o__Saprospirales; f__Haliscomenobacteraceae; g__Haliscomenobacter; s__Haliscomenobacter hydrossis
76114.ebA6272	d__Bacteria; p__Proteobacteria; c__Betaproteobacteria; o__Rhodocyclales; f__Rhodocyclaceae; g__Aromatoleum; s__Aromatoleum aromaticum
761193.Runsl_0111	d__Bacteria; p__Bacteroidetes; c__Cytophagia; o__Cytophagales; f__Cytophagaceae; g__Runella; s__Runella slithyformis
762376.AXYL_04548	d__Bacteria; p__Proteobacteria; c__Betaproteobacteria; o__Burkholderiales; f__Alcaligenaceae; g__Achromobacter; s__Achromobacter xylosoxidans
762903.Pedsa_3647	d__Bacteria; p__Bacteroidetes; c__Sphingobacteriia; o__Sphingobacteriales; f__Sphingobacteriaceae; g__Pseudopedobacter; s__Pseudopedobacter saltans
766499.C357_07946	d__Bacteria; p__Proteobacteria; c__Alphaproteobacteria; o__Rhodobacterales; f__Rhodobacteraceae; g__Citreicella; s__Citreicella sp. 357
767031.HMPREF9137_0507	d__Bacteria; p__Bacteroidetes; c__Bacteroidia; o__Bacteroidales; f__Prevotellaceae; g__Prevotella; s__Prevotella denticola
768671.ThimaDRAFT_0916	d__Bacteria; p__Proteobacteria; c__Gammaproteobacteria; o__Chromatiales; f__Chromatiaceae; g__Thiocapsa; s__Thiocapsa marina
768704.Desmer_3457	d__Bacteria; p__Firmicutes; c__Clostridia; o__Clostridiales; f__Peptococcaceae; g__Desulfosporosinus; s__Desulfosporosinus meridiei
768710.DesyoDRAFT_4369	d__Bacteria; p__Firmicutes; c__Clostridia; o__Clostridiales; f__Peptococcaceae; g__Desulfosporosinus; s__Desulfosporosinus youngiae
794903.OPIT5_23145	d__Bacteria; p__Verrucomicrobia; c__Opitutae; o__Opitutales; f__Opitutaceae
83219.PM02_13660	d__Bacteria; p__Proteobacteria; c__Alphaproteobacteria; o__Rhodobacterales; f__Rhodobacteraceae; g__Sulfitobacter; s__Sulfitobacter mediterraneus
83406.HDN1F_37580	d__Bacteria; p__Proteobacteria; c__Gammaproteobacteria
85643.Tmz1t_0664	d__Bacteria; p__Proteobacteria; c__Betaproteobacteria; o__Rhodocyclales; f__Zoogloeaceae; g__Thauera; s__Thauera sp. MZ1T
865937.Gilli_2588	d__Bacteria; p__Bacteroidetes; c__Flavobacteriia; o__Flavobacteriales; f__Flavobacteriaceae; g__Gillisia; s__Gillisia limnaea
866536.Belba_1979	d__Bacteria; p__Bacteroidetes; c__Cytophagia; o__Cytophagales; f__Cyclobacteriaceae; g__Belliella; s__Belliella baltica
871963.Desdi_0167	d__Bacteria; p__Firmicutes; c__Clostridia; o__Clostridiales; f__Peptococcaceae; g__Desulfitobacterium; s__Desulfitobacterium dichloroeliminans
886377.Murru_2821	d__Bacteria; p__Bacteroidetes; c__Flavobacteriia; o__Flavobacteriales; f__Flavobacteriaceae; g__Muricauda; s__Muricauda ruestringensis
887327.HMPREF0476_1276	d__Bacteria; p__Proteobacteria; c__Betaproteobacteria; o__Neisseriales; f__Neisseriaceae; g__Kingella; s__Kingella kingae
887898.HMPREF0551_2644	d__Bacteria; p__Proteobacteria; c__Betaproteobacteria; o__Burkholderiales; f__Burkholderiaceae; g__Lautropia; s__Lautropia mirabilis
888059.HMPREF9071_0694	d__Bacteria; p__Bacteroidetes; c__Flavobacteriia; o__Flavobacteriales; f__Flavobacteriaceae; g__Capnocytophaga; s__Capnocytophaga sp. oral taxon 338
911045.PSE_3128	d__Bacteria; p__Proteobacteria; c__Alphaproteobacteria; o__Rhodobacterales; f__Rhodobacteraceae; g__Pseudovibrio; s__Pseudovibrio sp. FO-BEG1
925409.KI911562_gene940	d__Bacteria; p__Bacteroidetes; c__Chitinophagia; o__Chitinophagales; f__Chitinophagaceae; g__Asinibacterium; s__Asinibacterium sp. OR53
926550.CLDAP_07150	d__Bacteria; p__Chloroflexi; c__Caldilineae; o__Caldilineales; f__Caldilineaceae; g__Caldilinea; s__Caldilinea aerophila
926551.KB900704_gene808	d__Bacteria; p__Bacteroidetes; c__Flavobacteriia; o__Flavobacteriales; f__Flavobacteriaceae; g__Capnocytophaga; s__Capnocytophaga cynodegmi
926562.Oweho_3463	d__Bacteria; p__Bacteroidetes; c__Flavobacteriia; o__Flavobacteriales; f__Schleiferiaceae; g__Owenweeksia; s__Owenweeksia hongkongensis
929556.Solca_1787	d__Bacteria; p__Bacteroidetes; c__Sphingobacteriia; o__Sphingobacteriales; f__Sphingobacteriaceae; g__Solitalea; s__Solitalea canadensis
929558.SMGD1_2343	d__Bacteria; p__Proteobacteria; c__Epsilonproteobacteria; o__Campylobacterales; f__Thiovulaceae; g__Sulfurimonas; s__Sulfurimonas gotlandica
929704.Myrod_3304	d__Bacteria; p__Bacteroidetes; c__Flavobacteriia; o__Flavobacteriales; f__Flavobacteriaceae; g__Myroides; s__Myroides odoratus
929713.NIASO_09245	d__Bacteria; p__Bacteroidetes; c__Chitinophagia; o__Chitinophagales; f__Chitinophagaceae; g__Niabella; s__Niabella soli
930166.CD58_15005	d__Bacteria; p__Proteobacteria; c__Gammaproteobacteria; o__Pseudomonadales; f__Pseudomonadaceae; g__Pseudomonas; s__Pseudomonas brassicacearum
930166.CD58_15790	d__Bacteria; p__Proteobacteria; c__Gammaproteobacteria; o__Pseudomonadales; f__Pseudomonadaceae; g__Pseudomonas; s__Pseudomonas brassicacearum
930166.CD58_18545	d__Bacteria; p__Proteobacteria; c__Gammaproteobacteria; o__Pseudomonadales; f__Pseudomonadaceae; g__Pseudomonas; s__Pseudomonas brassicacearum
930169.B5T_04283	d__Bacteria; p__Proteobacteria; c__Gammaproteobacteria; o__Oceanospirillales; f__Alcanivoracaceae; g__Alcanivorax; s__Alcanivorax dieselolei
935565.JAEM01000002_gene3602	d__Bacteria; p__Proteobacteria; c__Alphaproteobacteria; o__Rhodobacterales; f__Rhodobacteraceae; g__Paracoccus; s__Paracoccus pantotrophus
935836.JAEL01000017_gene815	d__Bacteria; p__Firmicutes; c__Bacilli; o__Bacillales; f__Bacillaceae; g__Bacillus; s__Bacillus sp. J33
935848.JAEN01000022_gene2630	d__Bacteria; p__Proteobacteria; c__Alphaproteobacteria; o__Rhodobacterales; f__Rhodobacteraceae; g__Paracoccus; s__Paracoccus sp. J39
944479.JQLX01000011_gene850	d__Bacteria; p__Proteobacteria; c__Deltaproteobacteria; o__Desulfurellales; f__Desulfurellaceae; g__Hippea; s__Hippea jasoniae
945713.IALB_0848	d__Bacteria; p__Ignavibacteriae; c__Ignavibacteria; o__Ignavibacteriales; f__Ignavibacteriaceae; g__Ignavibacterium; s__Ignavibacterium album
946077.W5A_02370	d__Bacteria; p__Bacteroidetes; c__Flavobacteriia; o__Flavobacteriales; f__Flavobacteriaceae; g__Imtechella; s__Imtechella halotolerans
94624.Bpet4339	d__Bacteria; p__Proteobacteria; c__Betaproteobacteria; o__Burkholderiales; f__Alcaligenaceae; g__Bordetella; s__Bordetella petrii
95619.PM1_0227720	d__Bacteria; p__Proteobacteria; c__Gammaproteobacteria; o__Pseudomonadales; f__Pseudomonadaceae; g__Pseudomonas; s__Pseudomonas sp. M1
981384.AEYW01000022_gene3663	d__Bacteria; p__Proteobacteria; c__Alphaproteobacteria; o__Rhodobacterales; f__Rhodobacteraceae; g__Ruegeria; s__Ruegeria conchae
983328.AFGH01000004_gene1264	d__Bacteria; p__Proteobacteria; c__Epsilonproteobacteria; o__Campylobacterales; f__Campylobacteraceae; g__Campylobacter; s__Campylobacter fetus
983917.RGE_19210	d__Bacteria; p__Proteobacteria; c__Betaproteobacteria; o__Burkholderiales
985054.JQEZ01000002_gene3795	d__Bacteria; p__Proteobacteria; c__Alphaproteobacteria; o__Rhodobacterales; f__Rhodobacteraceae; g__Ruegeria; s__Ruegeria halocynthiae
985255.APHJ01000039_gene101	d__Bacteria; p__Bacteroidetes; c__Flavobacteriia; o__Flavobacteriales; f__Flavobacteriaceae; g__Gillisia; s__Gillisia sp. CAL575
991905.SL003B_0564	d__Bacteria; p__Proteobacteria; c__Alphaproteobacteria
992406.RIA_0512	d__Bacteria; p__Bacteroidetes; c__Flavobacteriia; o__Flavobacteriales; f__Weeksellaceae; g__Riemerella; s__Riemerella anatipestifer
999547.KI421500_gene3632	d__Bacteria; p__Proteobacteria; c__Alphaproteobacteria; o__Rhodobacterales; f__Rhodobacteraceae; g__Leisingera; s__Leisingera daeponensis
999549.KI421513_gene2429	d__Bacteria; p__Proteobacteria; c__Alphaproteobacteria; o__Rhodobacterales; f__Rhodobacteraceae; g__Leisingera; s__Leisingera caerulea
999550.KI421507_gene2630	d__Bacteria; p__Proteobacteria; c__Alphaproteobacteria; o__Rhodobacterales; f__Rhodobacteraceae; g__Pseudophaeobacter; s__Pseudophaeobacter arcticus
999611.KI421504_gene1629	d__Bacteria; p__Proteobacteria; c__Alphaproteobacteria; o__Rhodobacterales; f__Rhodobacteraceae; g__Leisingera; s__Leisingera aquimarina
YP_003431831	d__Bacteria; p__Aquificae; c__Aquificae; o__Aquificales; f__Aquificaceae; g__Hydrogenobacter; s__Hydrogenobacter thermophilus
YP_003085120	d__Bacteria; p__Bacteroidetes; c__Cytophagia; o__Cytophagales; f__Cytophagaceae; g__Dyadobacter; s__Dyadobacter fermentans
YP_861452	d__Bacteria; p__Bacteroidetes; c__Flavobacteriia; o__Flavobacteriales; f__Flavobacteriaceae; g__Gramella; s__Gramella forsetii
YP_003318994	d__Bacteria; p__Chloroflexi; c__Thermomicrobia; o__Sphaerobacterales; f__Sphaerobacteraceae; g__Sphaerobacter; s__Sphaerobacter thermophilus
YP_002523476	d__Bacteria; p__Chloroflexi; c__Thermomicrobia; o__Thermomicrobiales; f__Thermomicrobiaceae; g__Thermomicrobium; s__Thermomicrobium roseum
YP_001125843	d__Bacteria; p__Firmicutes; c__Bacilli; o__Bacillales; f__Bacillaceae; g__Geobacillus; s__Geobacillus thermodenitrificans
YP_516494	d__Bacteria; p__Firmicutes; c__Clostridia; o__Clostridiales; f__Peptococcaceae; g__Desulfitobacterium; s__Desulfitobacterium hafniense
YP_002760897	d__Bacteria; p__Gemmatimonadetes; c__Gemmatimonadetes; o__Gemmatimonadales; f__Gemmatimonadaceae; g__Gemmatimonas; s__Gemmatimonas aurantiaca
YP_001991341	d__Bacteria; p__Proteobacteria; c__Alphaproteobacteria; o__Rhizobiales; f__Bradyrhizobiaceae; g__Rhodopseudomonas; s__Rhodopseudomonas palustris
YP_001534528	d__Bacteria; p__Proteobacteria; c__Alphaproteobacteria; o__Rhodobacterales; f__Rhodobacteraceae; g__Dinoroseobacter; s__Dinoroseobacter shibae
ZP_01012413	d__Bacteria; p__Proteobacteria; c__Alphaproteobacteria; o__Rhodobacterales; f__Rhodobacteraceae; g__Maritimibacter; s__Maritimibacter alkaliphilus
YP_003579738	d__Bacteria; p__Proteobacteria; c__Alphaproteobacteria; o__Rhodobacterales; f__Rhodobacteraceae; g__Rhodobacter; s__Rhodobacter capsulatus
YP_164881	d__Bacteria; p__Proteobacteria; c__Alphaproteobacteria; o__Rhodobacterales; f__Rhodobacteraceae; g__Ruegeria; s__Ruegeria pomeroyi
YP_002300066	d__Bacteria; p__Proteobacteria; c__Alphaproteobacteria; o__Rhodospirillales; f__Rhodospirillaceae; g__Rhodospirillum; s__Rhodospirillum centenum
YP_001632957	d__Bacteria; p__Proteobacteria; c__Betaproteobacteria; o__Burkholderiales; f__Alcaligenaceae; g__Bordetella; s__Bordetella petrii
YP_001066380	d__Bacteria; p__Proteobacteria; c__Betaproteobacteria; o__Burkholderiales; f__Burkholderiaceae; g__Burkholderia; s__Burkholderia pseudomallei
YP_985448	d__Bacteria; p__Proteobacteria; c__Betaproteobacteria; o__Burkholderiales; f__Comamonadaceae; g__Acidovorax; s__Acidovorax sp. JS42
ZP_03696836	d__Bacteria; p__Proteobacteria; c__Betaproteobacteria; o__Neisseriales; f__Chromobacteriaceae; g__Pseudogulbenkiania; s__Pseudogulbenkiania ferrooxidans
YP_284790	d__Bacteria; p__Proteobacteria; c__Betaproteobacteria; o__Rhodocyclales; f__Azonexaceae; g__Dechloromonas; s__Dechloromonas aromatica
YP_160614	d__Bacteria; p__Proteobacteria; c__Betaproteobacteria; o__Rhodocyclales; f__Rhodocyclaceae; g__Aromatoleum; s__Aromatoleum aromaticum
YP_002354332	d__Bacteria; p__Proteobacteria; c__Betaproteobacteria; o__Rhodocyclales; f__Zoogloeaceae; g__Thauera; s__Thauera sp. MZ1T
YP_002133821	d__Bacteria; p__Proteobacteria; c__Deltaproteobacteria; o__Myxococcales; f__Anaeromyxobacteraceae; g__Anaeromyxobacter; s__Anaeromyxobacter sp. K
YP_393811	d__Bacteria; p__Proteobacteria; c__Epsilonproteobacteria; o__Campylobacterales; f__Thiovulaceae; g__Sulfurimonas; s__Sulfurimonas denitrificans
ZP_01736808	d__Bacteria; p__Proteobacteria; c__Gammaproteobacteria; o__Alteromonadales; f__Alteromonadaceae; g__Marinobacter; s__Marinobacter sp. ELB17
ZP_05706322	d__Bacteria; p__Proteobacteria; c__Gammaproteobacteria; o__Cardiobacteriales; f__Cardiobacteriaceae; g__Cardiobacterium; s__Cardiobacterium hominis
ZP_01115989	d__Bacteria; p__Proteobacteria; c__Gammaproteobacteria; o__Oceanospirillales; f__Saccharospirillaceae; g__Reinekea; s__Reinekea blandensis
YP_001837801	r__Root
