1001530.PMSV	Bacteria; Proteobacteria; Gammaproteobacteria; Vibrionales; Vibrionaceae; Photobacterium; Photobacterium leiognathi; Photobacterium leiognathi subsp. mandapamensis
1028803.GG9	Bacteria; Proteobacteria; Gammaproteobacteria; Pasteurellales; Pasteurellaceae; Haemophilus; Haemophilus haemolyticus
292415.Tbd	Bacteria; Proteobacteria; Betaproteobacteria; Nitrosomonadales; Thiobacillaceae; Thiobacillus; Thiobacillus denitrificans
298386.PBPRA2191	Bacteria; Proteobacteria; Gammaproteobacteria; Vibrionales; Vibrionaceae; Photobacterium; Photobacterium profundum
312309.VF	Bacteria; Proteobacteria; Gammaproteobacteria; Vibrionales; Vibrionaceae; Aliivibrio; Aliivibrio fischeri
313589.JNB	Bacteria; Actinobacteria; Actinobacteria; Micrococcales; Intrasporangiaceae; Janibacter; unclassified Janibacter
313603.FB2170	Bacteria; Bacteroidetes; Flavobacteriia; Flavobacteriales; Flavobacteriaceae; Maribacter; unclassified Maribacter
314275.MADE	Bacteria; Proteobacteria; Gammaproteobacteria; Alteromonadales; Alteromonadaceae; Alteromonas; Alteromonas mediterranea
314276.OS145	Bacteria; Proteobacteria; Gammaproteobacteria; Alteromonadales; Idiomarinaceae; Idiomarina; Idiomarina baltica
314277.MED121	Bacteria; Proteobacteria; Gammaproteobacteria; Oceanospirillales; Oceanospirillaceae; Marinomonas; unclassified Marinomonas
314282.PCNPT3	Bacteria; Proteobacteria; Gammaproteobacteria; Alteromonadales; Psychromonadaceae; Psychromonas; unclassified Psychromonas
314283.MED297	Bacteria; Proteobacteria; Gammaproteobacteria; Oceanospirillales; Saccharospirillaceae; Reinekea; Reinekea blandensis
1028805.GGC	Bacteria; Proteobacteria; Gammaproteobacteria; Pasteurellales; Pasteurellaceae; Haemophilus; Haemophilus haemolyticus
314285.KT71	Bacteria; Proteobacteria; Gammaproteobacteria; Cellvibrionales; Halieaceae; Congregibacter; Congregibacter litoralis
314287.GB2207	Bacteria; Proteobacteria; Gammaproteobacteria; Cellvibrionales; Porticoccaceae; unclassified Porticoccaceae; SAR92 clade
314292.VAS14	Bacteria; Proteobacteria; Gammaproteobacteria; Vibrionales; Vibrionaceae; Photobacterium; Photobacterium angustum
314608.KT99	Bacteria; Proteobacteria; Gammaproteobacteria; Alteromonadales; Shewanellaceae; Shewanella; Shewanella benthica
316275.VSAL	Bacteria; Proteobacteria; Gammaproteobacteria; Vibrionales; Vibrionaceae; Aliivibrio; Aliivibrio salmonicida
316385.ECDH10B	Bacteria; Proteobacteria; Gammaproteobacteria; Enterobacterales; Enterobacteriaceae; Escherichia; Escherichia coli; Escherichia coli K-12
316407	Bacteria; Proteobacteria; Gammaproteobacteria; Enterobacterales; Enterobacteriaceae; Escherichia; Escherichia coli; Escherichia coli K-12
318161.Sden	Bacteria; Proteobacteria; Gammaproteobacteria; Alteromonadales; Shewanellaceae; Shewanella; Shewanella denitrificans
318167.Sfri	Bacteria; Proteobacteria; Gammaproteobacteria; Alteromonadales; Shewanellaceae; Shewanella; Shewanella frigidimarina
319224.Sputcn32	Bacteria; Proteobacteria; Gammaproteobacteria; Alteromonadales; Shewanellaceae; Shewanella; Shewanella putrefaciens
1035188.HMPREF9952	Bacteria; Proteobacteria; Gammaproteobacteria; Pasteurellales; Pasteurellaceae; Haemophilus; Haemophilus pittmaniae
319225.Plut	Bacteria; Chlorobi; Chlorobia; Chlorobiales; Chlorobiaceae; Pelodictyon; Pelodictyon luteolum
322710.Avin	Bacteria; Proteobacteria; Gammaproteobacteria; Pseudomonadales; Pseudomonadaceae; Azotobacter; Azotobacter vinelandii
323850.Shew	Bacteria; Proteobacteria; Gammaproteobacteria; Alteromonadales; Shewanellaceae; Shewanella; Shewanella loihica
324925.Ppha	Bacteria; Chlorobi; Chlorobia; Chlorobiales; Chlorobiaceae; Pelodictyon; Pelodictyon phaeoclathratiforme
325240.Sbal	Bacteria; Proteobacteria; Gammaproteobacteria; Alteromonadales; Shewanellaceae; Shewanella; Shewanella baltica
326297.Sama	Bacteria; Proteobacteria; Gammaproteobacteria; Alteromonadales; Shewanellaceae; Shewanella; Shewanella amazonensis
326442.PSHAa1687	Bacteria; Proteobacteria; Gammaproteobacteria; Alteromonadales; Pseudoalteromonadaceae; Pseudoalteromonas; Pseudoalteromonas haloplanktis
327275.SOHN41	Bacteria; Proteobacteria; Gammaproteobacteria; Alteromonadales; Shewanellaceae; Shewanella; unclassified Shewanella
331678.Cphamn1	Bacteria; Chlorobi; Chlorobia; Chlorobiales; Chlorobiaceae; Chlorobium; Chlorobium phaeobacteroides
335284.Pcryo	Bacteria; Proteobacteria; Gammaproteobacteria; Pseudomonadales; Moraxellaceae; Psychrobacter; Psychrobacter cryohalolentis
1036674.A28LD	Bacteria; Proteobacteria; Gammaproteobacteria; Alteromonadales; Idiomarinaceae; Idiomarina; unclassified Idiomarina
335543.Sfum	Bacteria; Proteobacteria; Deltaproteobacteria; Syntrophobacterales; Syntrophobacteraceae; Syntrophobacter; Syntrophobacter fumaroxidans
338187.VIBHAR	Bacteria; Proteobacteria; Gammaproteobacteria; Vibrionales; Vibrionaceae; Vibrio; Vibrio campbellii
338966.Ppro	Bacteria; Proteobacteria; Deltaproteobacteria; Desulfuromonadales; Desulfuromonadaceae; Pelobacter; Pelobacter propionicus
339671.Asuc	Bacteria; Proteobacteria; Gammaproteobacteria; Pasteurellales; Pasteurellaceae; Actinobacillus; Actinobacillus succinogenes
340177.Cag	Bacteria; Chlorobi; Chlorobia; Chlorobiales; Chlorobiaceae; Chlorobium; Chlorobium chlorochromatii
342108.amb3372	Bacteria; Proteobacteria; Alphaproteobacteria; Rhodospirillales; Rhodospirillaceae; Magnetospirillum; Magnetospirillum magneticum
342610.Patl	Bacteria; Proteobacteria; Gammaproteobacteria; Alteromonadales; Pseudoalteromonadaceae; Pseudoalteromonas; Pseudoalteromonas atlantica
343509.SG1037	Bacteria; Proteobacteria; Gammaproteobacteria; Enterobacterales; Pectobacteriaceae; Sodalis; Sodalis glossinidius
345073.VC0395	Bacteria; Proteobacteria; Gammaproteobacteria; Vibrionales; Vibrionaceae; Vibrio; Vibrio cholerae
345073.VC395	Bacteria; Proteobacteria; Gammaproteobacteria; Vibrionales; Vibrionaceae; Vibrio; Vibrio cholerae
1042876.PPS	Bacteria; Proteobacteria; Gammaproteobacteria; Pseudomonadales; Pseudomonadaceae; Pseudomonas; Pseudomonas putida
349106.PsycPRwf	Bacteria; Proteobacteria; Gammaproteobacteria; Pseudomonadales; Moraxellaceae; Psychrobacter; unclassified Psychrobacter
349124.Hhal	Bacteria; Proteobacteria; Gammaproteobacteria; Chromatiales; Ectothiorhodospiraceae; Halorhodospira; Halorhodospira halophila
349161.Dred	Bacteria; Firmicutes; Clostridia; Clostridiales; Peptococcaceae; Desulfotomaculum; Desulfotomaculum reducens
349521.HCH	Bacteria; Proteobacteria; Gammaproteobacteria; Oceanospirillales; Hahellaceae; Hahella; Hahella chejuensis
351348.Maqu	Bacteria; Proteobacteria; Gammaproteobacteria; Alteromonadales; Alteromonadaceae; Marinobacter; Marinobacter hydrocarbonoclasticus
351746.Pput	Bacteria; Proteobacteria; Gammaproteobacteria; Pseudomonadales; Pseudomonadaceae; Pseudomonas; Pseudomonas putida
357804.Ping	Bacteria; Proteobacteria; Gammaproteobacteria; Alteromonadales; Psychromonadaceae; Psychromonas; Psychromonas ingrahamii
362663.ECP	Bacteria; Proteobacteria; Gammaproteobacteria; Enterobacterales; Enterobacteriaceae; Escherichia; Escherichia coli
363253.LI0901	Bacteria; Proteobacteria; Deltaproteobacteria; Desulfovibrionales; Desulfovibrionaceae; Lawsonia; Lawsonia intracellularis
369723.Strop	Bacteria; Actinobacteria; Actinobacteria; Micromonosporales; Micromonosporaceae; Salinispora; Salinispora tropica
1045856.EcWSU1	Bacteria; Proteobacteria; Gammaproteobacteria; Enterobacterales; Enterobacteriaceae; Enterobacter; Enterobacter cloacae
370438.PTH	Bacteria; Firmicutes; Clostridia; Clostridiales; Peptococcaceae; Pelotomaculum; Pelotomaculum thermopropionicum
374463.BCI	Bacteria; Proteobacteria; Gammaproteobacteria; unclassified Gammaproteobacteria; Candidatus Baumannia; Candidatus Baumannia cicadellinicola
376619.FTL	Bacteria; Proteobacteria; Gammaproteobacteria; Thiotrichales; Francisellaceae; Francisella; Francisella tularensis; Francisella tularensis subsp. holarctica
379731.PST	Bacteria; Proteobacteria; Gammaproteobacteria; Pseudomonadales; Pseudomonadaceae; Pseudomonas; Pseudomonas stutzeri subgroup; Pseudomonas stutzeri
380703.AHA	Bacteria; Proteobacteria; Gammaproteobacteria; Aeromonadales; Aeromonadaceae; Aeromonas; Aeromonas hydrophila; Aeromonas hydrophila subsp. hydrophila
382245.ASA	Bacteria; Proteobacteria; Gammaproteobacteria; Aeromonadales; Aeromonadaceae; Aeromonas; Aeromonas salmonicida; Aeromonas salmonicida subsp. salmonicida
382464.VDG1235	Bacteria; Verrucomicrobia; Verrucomicrobiae; unclassified Verrucomicrobiae
384616.Pisl	Archaea; Crenarchaeota; Thermoprotei; Thermoproteales; Thermoproteaceae; Pyrobaculum; Pyrobaculum islandicum
384676.PSEEN2220	Bacteria; Proteobacteria; Gammaproteobacteria; Pseudomonadales; Pseudomonadaceae; Pseudomonas; Pseudomonas entomophila
1051646.VITU9109	Bacteria; Proteobacteria; Gammaproteobacteria; Vibrionales; Vibrionaceae; Vibrio; Vibrio tubiashii
390235.PputW619	Bacteria; Proteobacteria; Gammaproteobacteria; Pseudomonadales; Pseudomonadaceae; Pseudomonas; Pseudomonas putida
391037.Sare	Bacteria; Actinobacteria; Actinobacteria; Micromonosporales; Micromonosporaceae; Salinispora; Salinispora arenicola
391574.VSWAT3	Bacteria; Proteobacteria; Gammaproteobacteria; Vibrionales; unclassified Vibrionales
392500.Swoo	Bacteria; Proteobacteria; Gammaproteobacteria; Alteromonadales; Shewanellaceae; Shewanella; Shewanella woodyi
393305.YE1597	Bacteria; Proteobacteria; Gammaproteobacteria; Enterobacterales; Yersiniaceae; Yersinia; Yersinia enterocolitica; Yersinia enterocolitica subsp. enterocolitica
396588.Tgr7	Bacteria; Proteobacteria; Gammaproteobacteria; Chromatiales; Ectothiorhodospiraceae; Thioalkalivibrio; Thioalkalivibrio sulfidiphilus
397948.Cmaq	Archaea; Crenarchaeota; Thermoprotei; Thermoproteales; Thermoproteaceae; Caldivirga; Caldivirga maquilingensis
107806.BU467	Bacteria; Proteobacteria; Gammaproteobacteria; Enterobacterales; Erwiniaceae; Buchnera; Buchnera aphidicola; Buchnera aphidicola Acyrthosiphon pisum
398579.Spea	Bacteria; Proteobacteria; Gammaproteobacteria; Alteromonadales; Shewanellaceae; Shewanella; Shewanella pealeana
399739.Pmen	Bacteria; Proteobacteria; Gammaproteobacteria; Pseudomonadales; Pseudomonadaceae; Pseudomonas; Pseudomonas mendocina
399741.Spro	Bacteria; Proteobacteria; Gammaproteobacteria; Enterobacterales; Yersiniaceae; Serratia; Serratia proteamaculans
399742.Ent638	Bacteria; Proteobacteria; Gammaproteobacteria; Enterobacterales; Enterobacteriaceae; Enterobacter; unclassified Enterobacter
400668.Mmwyl1	Bacteria; Proteobacteria; Gammaproteobacteria; Oceanospirillales; Oceanospirillaceae; Marinomonas; unclassified Marinomonas
400682.PAC	Eukaryota; Opisthokonta; Metazoa; Porifera; Demospongiae; Heteroscleromorpha; Haplosclerida; Niphatidae; Amphimedon; Amphimedon queenslandica
401526.TcarDRAFT	Bacteria; Firmicutes; Negativicutes; Selenomonadales; Sporomusaceae; Thermosinus; Thermosinus carboxydivorans
406817.XNC1	Bacteria; Proteobacteria; Gammaproteobacteria; Enterobacterales; Morganellaceae; Xenorhabdus; Xenorhabdus nematophila
406818.XBJ1	Bacteria; Proteobacteria; Gammaproteobacteria; Enterobacterales; Morganellaceae; Xenorhabdus; Xenorhabdus bovienii
410359.Pcal	Archaea; Crenarchaeota; Thermoprotei; Thermoproteales; Thermoproteaceae; Pyrobaculum; Pyrobaculum calidifontis
1085623.GNIT	Bacteria; Proteobacteria; Gammaproteobacteria; Alteromonadales; Alteromonadaceae; Glaciecola; Glaciecola nitratireducens
411464.DESPIG	Bacteria; Proteobacteria; Deltaproteobacteria; Desulfovibrionales; Desulfovibrionaceae; Desulfovibrio; Desulfovibrio piger
412965.COSY	Bacteria; Proteobacteria; Gammaproteobacteria; unclassified Gammaproteobacteria; sulfur-oxidizing symbionts; Calyptogena okutanii thioautotrophic gill symbiont
413404.Rmag	Bacteria; Proteobacteria; Gammaproteobacteria; unclassified Gammaproteobacteria; sulfur-oxidizing symbionts; Candidatus Ruthia; Candidatus Ruthia magnifica
416269.APL	Bacteria; Proteobacteria; Gammaproteobacteria; Pasteurellales; Pasteurellaceae; Actinobacillus; Actinobacillus pleuropneumoniae; Actinobacillus pleuropneumoniae serovar 5
425104.Ssed	Bacteria; Proteobacteria; Gammaproteobacteria; Alteromonadales; Shewanellaceae; Shewanella; Shewanella sediminis
429009.Adeg	Bacteria; Firmicutes; Clostridia; Thermoanaerobacterales; Thermoanaerobacteraceae; Ammonifex; Ammonifex degensii
1104324.P186	Archaea; Crenarchaeota; Thermoprotei; Thermoproteales; Thermoproteaceae; Pyrobaculum; Pyrobaculum ferrireducens
436717.AOLE	Bacteria; Proteobacteria; Gammaproteobacteria; Pseudomonadales; Moraxellaceae; Acinetobacter; Acinetobacter oleivorans
439235.Dalk	Bacteria; Proteobacteria; Deltaproteobacteria; Desulfobacterales; Desulfobacteraceae; Desulfatibacillum; Desulfatibacillum alkenivorans
443152.MDG893	Bacteria; Proteobacteria; Gammaproteobacteria; Alteromonadales; Alteromonadaceae; Marinobacter; Marinobacter algicola
444157.Tneu	Archaea; Crenarchaeota; Thermoprotei; Thermoproteales; Thermoproteaceae; Pyrobaculum; Pyrobaculum neutrophilum
455436.GHTCC	Bacteria; Proteobacteria; Gammaproteobacteria; Alteromonadales; Alteromonadaceae; Glaciecola; unclassified Glaciecola
457398.HMPREF0326	Bacteria; Proteobacteria; Deltaproteobacteria; Desulfovibrionales; Desulfovibrionaceae; Desulfovibrio; unclassified Desulfovibrio
458817.Shal	Bacteria; Proteobacteria; Gammaproteobacteria; Alteromonadales; Shewanellaceae; Shewanella; Shewanella halifaxensis
465817.ETA	Bacteria; Proteobacteria; Gammaproteobacteria; Enterobacterales; Erwiniaceae; Erwinia; Erwinia tasmaniensis
469008.B21	Bacteria; Proteobacteria; Gammaproteobacteria; Enterobacterales; Enterobacteriaceae; Escherichia; Escherichia coli
1001585.MDS	Bacteria; Proteobacteria; Gammaproteobacteria; Pseudomonadales; Pseudomonadaceae; Pseudomonas; Pseudomonas mendocina
1114970.PSF113	Bacteria; Proteobacteria; Gammaproteobacteria; Pseudomonadales; Pseudomonadaceae; Pseudomonas; Pseudomonas fluorescens
469008.ECD	Bacteria; Proteobacteria; Gammaproteobacteria; Enterobacterales; Enterobacteriaceae; Escherichia; Escherichia coli
469595.CSAG	Unclassified
469613.HMPREF0864	Bacteria; Proteobacteria; Gammaproteobacteria; Enterobacterales; Enterobacteriaceae; unclassified Enterobacteriaceae; unclassified Enterobacteriaceae miscellaneous
471874.PROSTU	Bacteria; Proteobacteria; Gammaproteobacteria; Enterobacterales; Morganellaceae; Providencia; Providencia stuartii
471881.PROPEN	Bacteria; Proteobacteria; Gammaproteobacteria; Enterobacterales; Morganellaceae; Proteus; Proteus penneri
477974.Daud	Bacteria; Firmicutes; Clostridia; Clostridiales; Peptococcaceae; Candidatus Desulforudis; Candidatus Desulforudis audaxviator
479431.Namu	Bacteria; Actinobacteria; Actinobacteria; Nakamurellales; Nakamurellaceae; Nakamurella; Nakamurella multipartita
481805.EcolC	Bacteria; Proteobacteria; Gammaproteobacteria; Enterobacterales; Enterobacteriaceae; Escherichia; Escherichia coli; Escherichia coli C
484022.Fphi	Bacteria; Proteobacteria; Gammaproteobacteria; Thiotrichales; Francisellaceae; Francisella; Francisella philomiragia
1116375.VEJY3	Bacteria; Proteobacteria; Gammaproteobacteria; Vibrionales; Vibrionaceae; Vibrio; unclassified Vibrio
485915.Dret	Bacteria; Proteobacteria; Deltaproteobacteria; Desulfovibrionales; Desulfohalobiaceae; Desulfohalobium; Desulfohalobium retbaense
485916.Dtox	Bacteria; Firmicutes; Clostridia; Clostridiales; Peptococcaceae; Desulfofarcimen; Desulfofarcimen acetoxidans
491952.Mar181	Bacteria; Proteobacteria; Gammaproteobacteria; Oceanospirillales; Oceanospirillaceae; Marinomonas; Marinomonas posidonica
498211.CJA	Bacteria; Proteobacteria; Gammaproteobacteria; Cellvibrionales; Cellvibrionaceae; Cellvibrio; Cellvibrio japonicus
498217.ETAE	Bacteria; Proteobacteria; Gammaproteobacteria; Enterobacterales; Hafniaceae; Edwardsiella; Edwardsiella tarda
500637.PROVRUST	Bacteria; Proteobacteria; Gammaproteobacteria; Enterobacterales; Morganellaceae; Providencia; Providencia rustigianii
500639.ENTCAN	Bacteria; Proteobacteria; Gammaproteobacteria; Enterobacterales; Enterobacteriaceae; Enterobacter; Enterobacter cancerogenus
500640.CIT292	Bacteria; Proteobacteria; Gammaproteobacteria; Enterobacterales; Enterobacteriaceae; Citrobacter; Citrobacter youngae
502347.ESCAB7627	Bacteria; Proteobacteria; Gammaproteobacteria; Enterobacterales; Enterobacteriaceae; Escherichia; Escherichia albertii
506534.Rhein	Bacteria; Proteobacteria; Gammaproteobacteria; Chromatiales; Chromatiaceae; Rheinheimera; unclassified Rheinheimera
138119.DSY0317	Bacteria; Firmicutes; Clostridia; Clostridiales; Peptococcaceae; Desulfitobacterium; Desulfitobacterium hafniense
511062.GU3	Bacteria; Proteobacteria; Gammaproteobacteria; Aeromonadales; Aeromonadaceae; Oceanimonas; unclassified Oceanimonas
511145.b0969	Bacteria; Proteobacteria; Gammaproteobacteria; Enterobacterales; Enterobacteriaceae; Escherichia; Escherichia coli; Escherichia coli K-12
515618.RIEPE	Bacteria; Proteobacteria; Gammaproteobacteria; Enterobacterales; Enterobacteriaceae; Candidatus Riesia; Candidatus Riesia pediculicola
517417.Cpar	Bacteria; Chlorobi; Chlorobia; Chlorobiales; Chlorobiaceae; Chlorobaculum; Chlorobaculum parvum
517418.Ctha	Bacteria; Chlorobi; Chlorobia; Chlorobiales; Chlorobiaceae; Chloroherpeton; Chloroherpeton thalassium
517433.PanABDRAFT	Bacteria; Proteobacteria; Gammaproteobacteria; Enterobacterales; Erwiniaceae; Pantoea; unclassified Pantoea
520999.PROVALCAL	Bacteria; Proteobacteria; Gammaproteobacteria; Enterobacterales; Morganellaceae; Providencia; Providencia alcalifaciens
521000.PROVRETT	Bacteria; Proteobacteria; Gammaproteobacteria; Enterobacterales; Morganellaceae; Providencia; Providencia rettgeri
523791.Kkor	Bacteria; Proteobacteria; Gammaproteobacteria; Oceanospirillales; Kangiellaceae; Kangiella; Kangiella koreensis
138119.DSY4469	Bacteria; Firmicutes; Clostridia; Clostridiales; Peptococcaceae; Desulfitobacterium; Desulfitobacterium hafniense
525146.Ddes	Bacteria; Proteobacteria; Deltaproteobacteria; Desulfovibrionales; Desulfovibrionaceae; Desulfovibrio; Desulfovibrio desulfuricans
525244.HMPREF0023	Bacteria; Proteobacteria; Gammaproteobacteria; Pseudomonadales; Moraxellaceae; Acinetobacter; unclassified Acinetobacter
525897.Dbac	Bacteria; Proteobacteria; Deltaproteobacteria; Desulfovibrionales; Desulfomicrobiaceae; Desulfomicrobium; Desulfomicrobium baculatum
526222.Desal	Bacteria; Proteobacteria; Deltaproteobacteria; Desulfovibrionales; Desulfovibrionaceae; Desulfovibrio; Desulfovibrio salexigens
529507.PMI0794	Bacteria; Proteobacteria; Gammaproteobacteria; Enterobacterales; Morganellaceae; Proteus; Proteus mirabilis
550540.Fbal	Bacteria; Proteobacteria; Gammaproteobacteria; Alteromonadales; Ferrimonadaceae; Ferrimonas; Ferrimonas balearica
553217.ENHAE0001	Bacteria; Proteobacteria; Alphaproteobacteria; Rhodospirillales; unclassified Rhodospirillales; Enhydrobacter; Enhydrobacter aerosaccus
553480.PAU	Bacteria; Proteobacteria; Gammaproteobacteria; Enterobacterales; Morganellaceae; Photorhabdus; Photorhabdus asymbiotica; Photorhabdus asymbiotica subsp. asymbiotica
555779.Dthio	Bacteria; Proteobacteria; Deltaproteobacteria; Desulfovibrionales; Desulfohalobiaceae; Desulfonatronospira; Desulfonatronospira thiodismutans
155864.Z1321	Bacteria; Proteobacteria; Gammaproteobacteria; Enterobacterales; Enterobacteriaceae; Escherichia; Escherichia coli; Escherichia coli O157:H7
557723.HAPS	Bacteria; Proteobacteria; Gammaproteobacteria; Pasteurellales; Pasteurellaceae; Glaesserella; Glaesserella parasuis
561229.Dd1591	Bacteria; Proteobacteria; Gammaproteobacteria; Enterobacterales; Pectobacteriaceae; Dickeya; Dickeya chrysanthemi
561230.PC1	Bacteria; Proteobacteria; Gammaproteobacteria; Enterobacterales; Pectobacteriaceae; Pectobacterium; Pectobacterium carotovorum; Pectobacterium carotovorum subsp. carotovorum
561231.Pecwa	Bacteria; Proteobacteria; Gammaproteobacteria; Enterobacterales; Pectobacteriaceae; Pectobacterium; Pectobacterium parmentieri
563192.HMPREF0179	Bacteria; Proteobacteria; Deltaproteobacteria; Desulfovibrionales; Desulfovibrionaceae; Bilophila; Bilophila wadsworthia
565045.NOR51B	Bacteria; Proteobacteria; Gammaproteobacteria; Cellvibrionales; Halieaceae; Luminiphilus; Luminiphilus syltensis
566466.NOR53	Bacteria; Proteobacteria; Gammaproteobacteria; unclassified Gammaproteobacteria; unclassified Gammaproteobacteria miscellaneous
568817.SCc	Bacteria; Proteobacteria; Gammaproteobacteria; Enterobacterales; Yersiniaceae; Serratia; Serratia symbiotica
572265.HDEF	Bacteria; Proteobacteria; Gammaproteobacteria; Enterobacterales; Enterobacteriaceae; unclassified Enterobacteriaceae; ant, tsetse, mealybug, aphid, etc. endosymbionts; aphid secondary symbionts; Candidatus Hamiltonella; Candidatus Hamiltonella defensa
572477.Alvin	Bacteria; Proteobacteria; Gammaproteobacteria; Chromatiales; Chromatiaceae; Allochromatium; Allochromatium vinosum
156578.ATW7	Bacteria; Proteobacteria; Gammaproteobacteria; Alteromonadales; unclassified Alteromonadales
572478.Vdis	Archaea; Crenarchaeota; Thermoprotei; Thermoproteales; Thermoproteaceae; Vulcanisaeta; Vulcanisaeta distributa
572546.Arcpr	Archaea; Euryarchaeota; Archaeoglobi; Archaeoglobales; Archaeoglobaceae; Archaeoglobus; Archaeoglobus profundus
573370.DMR	Bacteria; Proteobacteria; Deltaproteobacteria; Desulfovibrionales; Desulfovibrionaceae; Desulfovibrio; Desulfovibrio magneticus
573569.F7308	Bacteria; Proteobacteria; Gammaproteobacteria; Thiotrichales; Francisellaceae; Francisella; Francisella salina
575564.HMPREF0014	Bacteria; Proteobacteria; Gammaproteobacteria; Pseudomonadales; Moraxellaceae; Acinetobacter; Acinetobacter nosocomialis
575584.HMPREF0010	Bacteria; Proteobacteria; Gammaproteobacteria; Pseudomonadales; Moraxellaceae; Acinetobacter; Acinetobacter baumannii
575586.HMPREF0016	Bacteria; Proteobacteria; Gammaproteobacteria; Pseudomonadales; Moraxellaceae; Acinetobacter; Acinetobacter johnsonii
156889.Mmc1	Bacteria; Proteobacteria; Alphaproteobacteria; Magnetococcales; Magnetococcaceae; Magnetococcus; Magnetococcus marinus
575587.HMPREF0026	Bacteria; Proteobacteria; Gammaproteobacteria; Pseudomonadales; Moraxellaceae; Acinetobacter; Acinetobacter junii
575588.HMPREF0017	Bacteria; Proteobacteria; Gammaproteobacteria; Pseudomonadales; Moraxellaceae; Acinetobacter; Acinetobacter lwoffii
575589.HMPREF0018	Bacteria; Proteobacteria; Gammaproteobacteria; Pseudomonadales; Moraxellaceae; Acinetobacter; Acinetobacter radioresistens
575788.VS	Bacteria; Proteobacteria; Gammaproteobacteria; Vibrionales; Vibrionaceae; Vibrio; Vibrio tasmaniensis
577650.Despr	Bacteria; Proteobacteria; Deltaproteobacteria; Desulfobacterales; Desulfobulbaceae; Desulfobulbus; Desulfobulbus propionicus
579405.Dd703	Bacteria; Proteobacteria; Gammaproteobacteria; Enterobacterales; Pectobacteriaceae; Dickeya; Dickeya paradisiaca
580332.Slit	Bacteria; Proteobacteria; Betaproteobacteria; Nitrosomonadales; Gallionellaceae; Sideroxydans; Sideroxydans lithotrophicus
160488.PP	Bacteria; Proteobacteria; Gammaproteobacteria; Pseudomonadales; Pseudomonadaceae; Pseudomonas; Pseudomonas putida
58051.PE36	Bacteria; Proteobacteria; Gammaproteobacteria; Alteromonadales; Moritellaceae; Moritella; unclassified Moritella
585198.HMPREF0574	Bacteria; Actinobacteria; Actinobacteria; Actinomycetales; Actinomycetaceae; Mobiluncus; Mobiluncus curtisii; Mobiluncus curtisii subsp. curtisii
589865.DaAHT2	Bacteria; Proteobacteria; Deltaproteobacteria; Desulfobacterales; Desulfobulbaceae; Desulfurivibrio; Desulfurivibrio alkaliphilus
590409.Dd586	Bacteria; Proteobacteria; Gammaproteobacteria; Enterobacterales; Pectobacteriaceae; Dickeya; Dickeya zeae
591023.AM202	Bacteria; Proteobacteria; Gammaproteobacteria; Pasteurellales; Pasteurellaceae; Actinobacillus; Actinobacillus minor
59196.RICGR	Bacteria; Proteobacteria; Gammaproteobacteria; Legionellales; Coxiellaceae; Rickettsiella; Rickettsiella grylli
592316.Pat9b	Bacteria; Proteobacteria; Gammaproteobacteria; Enterobacterales; Erwiniaceae; Pantoea; unclassified Pantoea
167879.CPS	Bacteria; Proteobacteria; Gammaproteobacteria; Alteromonadales; Colwelliaceae; Colwellia; Colwellia psychrerythraea
595494.Tola	Bacteria; Proteobacteria; Gammaproteobacteria; Aeromonadales; Aeromonadaceae; Tolumonas; Tolumonas auensis
596151.DesfrDRAFT	Bacteria; Proteobacteria; Deltaproteobacteria; Desulfovibrionales; Desulfovibrionaceae; Desulfovibrio; Desulfovibrio fructosivorans
629265.PMA4326	Bacteria; Proteobacteria; Gammaproteobacteria; Pseudomonadales; Pseudomonadaceae; Pseudomonas; Pseudomonas syringae pv. maculicola
62977.ACIAD1895	Bacteria; Proteobacteria; Gammaproteobacteria; Pseudomonadales; Moraxellaceae; Acinetobacter; Acinetobacter baylyi
634176.NT05HA	Bacteria; Proteobacteria; Gammaproteobacteria; Pasteurellales; Pasteurellaceae; Aggregatibacter; Aggregatibacter aphrophilus
634499.EpC	Bacteria; Proteobacteria; Gammaproteobacteria; Enterobacterales; Erwiniaceae; Erwinia; Erwinia pyrifoliae
634500.EbC	Bacteria; Proteobacteria; Gammaproteobacteria; Enterobacterales; Erwiniaceae; Erwinia; Erwinia billingiae
634503.NT01EI	Bacteria; Proteobacteria; Gammaproteobacteria; Enterobacterales; Hafniaceae; Edwardsiella; Edwardsiella ictaluri
637905.SVI	Bacteria; Proteobacteria; Gammaproteobacteria; Alteromonadales; Shewanellaceae; Shewanella; Shewanella violacea
637910.ROD	Bacteria; Proteobacteria; Gammaproteobacteria; Enterobacterales; Enterobacteriaceae; Citrobacter; Citrobacter rodentium
177416.FTT	Bacteria; Proteobacteria; Gammaproteobacteria; Thiotrichales; Francisellaceae; Francisella; Francisella tularensis; Francisella tularensis subsp. tularensis
637911.AM305	Bacteria; Proteobacteria; Gammaproteobacteria; Pasteurellales; Pasteurellaceae; Actinobacillus; Actinobacillus minor
640513.Entas	Bacteria; Proteobacteria; Gammaproteobacteria; Enterobacterales; Enterobacteriaceae; Enterobacter; Enterobacter asburiae
641491.DND132	Bacteria; Proteobacteria; Deltaproteobacteria; Desulfovibrionales; Desulfovibrionaceae; Desulfovibrio; Desulfovibrio desulfuricans
643562.Daes	Bacteria; Proteobacteria; Deltaproteobacteria; Desulfovibrionales; Desulfovibrionaceae; Pseudodesulfovibrio; Pseudodesulfovibrio aespoeensis
644282.Deba	Bacteria; Proteobacteria; Deltaproteobacteria; Desulfarculales; Desulfarculaceae; Desulfarculus; Desulfarculus baarsii
644968.DFW101	Unclassified
648757.Rvan	Bacteria; Proteobacteria; Alphaproteobacteria; Rhizobiales; Hyphomicrobiaceae; Rhodomicrobium; Rhodomicrobium vannielii
663321.REG	Bacteria; Proteobacteria; Gammaproteobacteria; Enterobacterales; Enterobacteriaceae; unclassified Enterobacteriaceae; ant, tsetse, mealybug, aphid, etc. endosymbionts; aphid secondary symbionts; Candidatus Regiella; Candidatus Regiella insecticola
665029.EAMY	Bacteria; Proteobacteria; Gammaproteobacteria; Enterobacterales; Erwiniaceae; Erwinia; Erwinia amylovora
667014.Thein	Bacteria; Thermodesulfobacteria; Thermodesulfobacteria; Thermodesulfobacteriales; Thermodesulfobacteriaceae; Thermodesulfatator; Thermodesulfatator indicus
1002339.HMPREF9373	Bacteria; Proteobacteria; Gammaproteobacteria; Pseudomonadales; Moraxellaceae; Psychrobacter; unclassified Psychrobacter
177437.HRM2	Bacteria; Proteobacteria; Deltaproteobacteria; Desulfobacterales; Desulfobacteraceae; Desulfobacterium; Desulfobacterium autotrophicum
667128.HMPREF0621	Bacteria; Proteobacteria; Gammaproteobacteria; Pasteurellales; Pasteurellaceae; Pasteurella; Pasteurella dagmatis
667129.HMPREF0758	Bacteria; Proteobacteria; Gammaproteobacteria; Enterobacterales; Yersiniaceae; Serratia; Serratia odorifera
669262.COK	Bacteria; Proteobacteria; Gammaproteobacteria; Pasteurellales; Pasteurellaceae; Mannheimia; Mannheimia haemolytica; Mannheimia haemolytica serotype A2
674977.VMC	Bacteria; Proteobacteria; Gammaproteobacteria; Vibrionales; Vibrionaceae; Vibrio; Vibrio alginolyticus
675806.VII	Bacteria; Proteobacteria; Gammaproteobacteria; Vibrionales; Vibrionaceae; Vibrio; Vibrio mimicus
675812.VHA	Bacteria; Proteobacteria; Gammaproteobacteria; Vibrionales; Vibrionaceae; Grimontia; Grimontia hollisae
675813.VIB	Bacteria; Proteobacteria; Gammaproteobacteria; Vibrionales; Vibrionaceae; Vibrio; Vibrio metschnikovii
675814.VIC	Bacteria; Proteobacteria; Gammaproteobacteria; Vibrionales; Vibrionaceae; Vibrio; Vibrio coralliilyticus
675815.VOA	Bacteria; Proteobacteria; Gammaproteobacteria; Vibrionales; Vibrionaceae; Vibrio; unclassified Vibrio
675816.VIA	Bacteria; Proteobacteria; Gammaproteobacteria; Vibrionales; Vibrionaceae; Vibrio; Vibrio orientalis
177439.DP0997	Bacteria; Proteobacteria; Deltaproteobacteria; Desulfobacterales; Desulfobulbaceae; Desulfotalea; Desulfotalea psychrophila
675817.VDA	Bacteria; Proteobacteria; Gammaproteobacteria; Vibrionales; Vibrionaceae; Photobacterium; Photobacterium damselae; Photobacterium damselae subsp. damselae
676032.FN3523	Bacteria; Proteobacteria; Gammaproteobacteria; Thiotrichales; Francisellaceae; Francisella; Francisella tularensis; Francisella tularensis subsp. novicida
682634.SOD	Bacteria; Proteobacteria; Gammaproteobacteria; Enterobacterales; Yersiniaceae; Serratia; Serratia plymuthica
690850.Desaf	Bacteria; Proteobacteria; Deltaproteobacteria; Desulfovibrionales; Desulfovibrionaceae; Desulfocurvibacter; Desulfocurvibacter africanus; Desulfocurvibacter africanus subsp. africanus
693661.Arcve	Archaea; Euryarchaeota; Archaeoglobi; Archaeoglobales; Archaeoglobaceae; Archaeoglobus; Archaeoglobus veneficus
694569.D7S	Bacteria; Proteobacteria; Gammaproteobacteria; Pasteurellales; Pasteurellaceae; Aggregatibacter; Aggregatibacter actinomycetemcomitans
696369.DesniDRAFT	Bacteria; Firmicutes; Clostridia; Clostridiales; Peptococcaceae; Desulfotomaculum; Desulfotomaculum nigrificans
697282.Mettu	Bacteria; Proteobacteria; Gammaproteobacteria; Methylococcales; Methylococcaceae; Methylobacter; Methylobacter tundripaludum
698757.Pogu	Archaea; Crenarchaeota; Thermoprotei; Thermoproteales; Thermoproteaceae; Pyrobaculum; Pyrobaculum oguniense
178306.PAE2566	Archaea; Crenarchaeota; Thermoprotei; Thermoproteales; Thermoproteaceae; Pyrobaculum; Pyrobaculum aerophilum
701176.VIBRN418	Bacteria; Proteobacteria; Gammaproteobacteria; Vibrionales; Vibrionaceae; Vibrio; unclassified Vibrio
701347.Entcl	Bacteria; Proteobacteria; Gammaproteobacteria; Enterobacterales; Enterobacteriaceae; Pluralibacter; Enterobacter lignolyticus
706191.PANA	Bacteria; Proteobacteria; Gammaproteobacteria; Enterobacterales; Erwiniaceae; Pantoea; Pantoea ananatis
710696.Intca	Bacteria; Actinobacteria; Actinobacteria; Micrococcales; Intrasporangiaceae; Intrasporangium; Intrasporangium calvum
712898.Pvag	Bacteria; Proteobacteria; Gammaproteobacteria; Enterobacterales; Erwiniaceae; Pantoea; Pantoea vagans
71421.HI1371	Bacteria; Proteobacteria; Gammaproteobacteria; Pasteurellales; Pasteurellaceae; Haemophilus; Haemophilus influenzae
715451.ambt	Bacteria; Proteobacteria; Gammaproteobacteria; Alteromonadales; Alteromonadaceae; Alteromonas; Alteromonas naphthalenivorans
716541.ECL	Bacteria; Proteobacteria; Gammaproteobacteria; Enterobacterales; Enterobacteriaceae; Enterobacter; Enterobacter cloacae; Enterobacter cloacae subsp. cloacae
717774.Marme	Bacteria; Proteobacteria; Gammaproteobacteria; Oceanospirillales; Oceanospirillaceae; Marinomonas; Marinomonas mediterranea
187272.Mlg	Bacteria; Proteobacteria; Gammaproteobacteria; Chromatiales; Ectothiorhodospiraceae; Alkalilimnicola; Alkalilimnicola ehrlichii
718254.ENC	Bacteria; Proteobacteria; Gammaproteobacteria; Enterobacterales; Enterobacteriaceae; Enterobacter; Enterobacter cloacae; Enterobacter cloacae subsp. cloacae
722419.PH505	Bacteria; Proteobacteria; Gammaproteobacteria; Alteromonadales; Pseudoalteromonadaceae; Pseudoalteromonas; Pseudoalteromonas haloplanktis
741091.Rahaq	Bacteria; Proteobacteria; Gammaproteobacteria; Enterobacterales; Yersiniaceae; Rahnella; unclassified Rahnella
743720.Psefu	Bacteria; Proteobacteria; Gammaproteobacteria; Pseudomonadales; Pseudomonadaceae; Pseudomonas; Pseudomonas fulva
745277.Rahaq2	Bacteria; Proteobacteria; Gammaproteobacteria; Enterobacterales; Yersiniaceae; Rahnella; Rahnella aquatilis
746360.PFWH6	Bacteria; Proteobacteria; Gammaproteobacteria; Pseudomonadales; Pseudomonadaceae; Pseudomonas; Pseudomonas fluorescens
747365.Thena	Bacteria; Firmicutes; Clostridia; Thermoanaerobacterales; Thermodesulfobiaceae; Thermodesulfobium; Thermodesulfobium narugense
760568.Desku	Bacteria; Firmicutes; Clostridia; Clostridiales; Peptococcaceae; Desulfofundulus; Desulfofundulus kuznetsovii
762983.HMPREF9444	Bacteria; Proteobacteria; Gammaproteobacteria; Aeromonadales; Succinivibrionaceae; Succinatimonas; Succinatimonas hippei
765910.MarpuDRAFT	Bacteria; Proteobacteria; Gammaproteobacteria; Chromatiales; Chromatiaceae; Marichromatium; Marichromatium purpuratum
768066.HELO	Bacteria; Proteobacteria; Gammaproteobacteria; Oceanospirillales; Halomonadaceae; Halomonas; Halomonas elongata
768679.TTX	Archaea; Crenarchaeota; Thermoprotei; Thermoproteales; Thermoproteaceae; Thermoproteus; Thermoproteus tenax
76869.PputGB1	Bacteria; Proteobacteria; Gammaproteobacteria; Pseudomonadales; Pseudomonadaceae; Pseudomonas; Pseudomonas putida
768706.Desor	Bacteria; Firmicutes; Clostridia; Clostridiales; Peptococcaceae; Desulfosporosinus; Desulfosporosinus orientis
795359.TOPB45	Bacteria; Thermodesulfobacteria; Thermodesulfobacteria; Thermodesulfobacteriales; Thermodesulfobacteriaceae; Thermodesulfobacterium; Thermodesulfobacterium geofontis
796620.VIBC2010	Bacteria; Proteobacteria; Gammaproteobacteria; Vibrionales; Vibrionaceae; Vibrio; Vibrio caribbeanicus
83406.HDN1F	Bacteria; Proteobacteria; Gammaproteobacteria; unclassified Gammaproteobacteria; unclassified Gammaproteobacteria miscellaneous
187410.y2723	Bacteria; Proteobacteria; Gammaproteobacteria; Enterobacterales; Yersiniaceae; Yersinia; Yersinia pestis
857087.Metme	Bacteria; Proteobacteria; Gammaproteobacteria; Methylococcales; Methylococcaceae; Methylomonas; Methylomonas methanica
857571.EA1	Bacteria; Proteobacteria; Gammaproteobacteria; Pseudomonadales; Moraxellaceae; Moraxella; Moraxella catarrhalis
859654.BVAF	Bacteria; Proteobacteria; Gammaproteobacteria; Enterobacterales; Enterobacteriaceae; unclassified Enterobacteriaceae; ant, tsetse, mealybug, aphid, etc. endosymbionts; ant endosymbionts; Candidatus Blochmannia; Candidatus Blochmannia vafer
862965.PARA	Bacteria; Proteobacteria; Gammaproteobacteria; Pasteurellales; Pasteurellaceae; Haemophilus; Haemophilus parainfluenzae
871585.BDGL	Bacteria; Proteobacteria; Gammaproteobacteria; Pseudomonadales; Moraxellaceae; Acinetobacter; Acinetobacter pittii
87626.PTD2	Bacteria; Proteobacteria; Gammaproteobacteria; Alteromonadales; Pseudoalteromonadaceae; Pseudoalteromonas; Pseudoalteromonas tunicata
878320.AcavA	Bacteria; Proteobacteria; Gammaproteobacteria; Aeromonadales; Aeromonadaceae; Aeromonas; Aeromonas caviae
880072.Desac	Bacteria; Proteobacteria; Deltaproteobacteria; Syntrophobacterales; Syntrophaceae; Desulfobacca; Desulfobacca acetoxidans
882.DVU2776	Bacteria; Proteobacteria; Deltaproteobacteria; Desulfovibrionales; Desulfovibrionaceae; Desulfovibrio; Desulfovibrio vulgaris
882102.VAA	Bacteria; Proteobacteria; Gammaproteobacteria; Vibrionales; Vibrionaceae; Vibrio; Vibrio anguillarum; Vibrio anguillarum serovar O1
194439.CT0851	Bacteria; Chlorobi; Chlorobia; Chlorobiales; Chlorobiaceae; Chlorobaculum; Chlorobaculum tepidum
882884.SARI	Bacteria; Proteobacteria; Gammaproteobacteria; Enterobacterales; Enterobacteriaceae; Salmonella; Salmonella enterica; Salmonella enterica subsp. arizonae; Salmonella enterica subsp. arizonae serovar 62:z4,z23:-
883.DvMF	Bacteria; Proteobacteria; Deltaproteobacteria; Desulfovibrionales; Desulfovibrionaceae; Desulfovibrio; Desulfovibrio vulgaris
887324.HMPREF0027	Bacteria; Proteobacteria; Gammaproteobacteria; Pasteurellales; Pasteurellaceae; Actinobacillus; Actinobacillus ureae
888057.HMPREF9064	Bacteria; Proteobacteria; Gammaproteobacteria; Pasteurellales; Pasteurellaceae; Aggregatibacter; Aggregatibacter segnis
891974.Pstas	Bacteria; Proteobacteria; Gammaproteobacteria; Enterobacterales; Enterobacteriaceae; unclassified Enterobacteriaceae; unclassified Enterobacteriaceae miscellaneous
903503.MEPCIT	Bacteria; Proteobacteria; Gammaproteobacteria; Enterobacterales; Enterobacteriaceae; Candidatus Moranella; Candidatus Moranella endobia
903510.vfu	Bacteria; Proteobacteria; Gammaproteobacteria; Vibrionales; Vibrionaceae; Vibrio; Vibrio furnissii
926569.ANT	Bacteria; Chloroflexi; Anaerolineae; Anaerolineales; Anaerolineaceae; Anaerolinea; Anaerolinea thermophila
94122.Shewana3	Bacteria; Proteobacteria; Gammaproteobacteria; Alteromonadales; Shewanellaceae; Shewanella; unclassified Shewanella
945543.VIBR0546	Bacteria; Proteobacteria; Gammaproteobacteria; Vibrionales; Vibrionaceae; Vibrio; Vibrio brasiliensis
194439.CT2250	Bacteria; Chlorobi; Chlorobia; Chlorobiales; Chlorobiaceae; Chlorobaculum; Chlorobaculum tepidum
945550.VISI1226	Bacteria; Proteobacteria; Gammaproteobacteria; Vibrionales; Vibrionaceae; Vibrio; Vibrio sinaloensis
96561.Dole	Bacteria; Proteobacteria; Deltaproteobacteria; Desulfobacterales; Desulfobacteraceae; Desulfococcus; Desulfococcus oleovorans
983545.Glaag	Bacteria; Proteobacteria; Gammaproteobacteria; Alteromonadales; Alteromonadaceae; Glaciecola; unclassified Glaciecola
985053.VMUT	Archaea; Crenarchaeota; Thermoprotei; Thermoproteales; Thermoproteaceae; Vulcanisaeta; Vulcanisaeta moutnovskia
99287.STM1084	Bacteria; Proteobacteria; Gammaproteobacteria; Enterobacterales; Enterobacteriaceae; Salmonella; Salmonella enterica; Salmonella enterica subsp. enterica; Salmonella enterica subsp. enterica serovar Typhimurium
998088.B565	Bacteria; Proteobacteria; Gammaproteobacteria; Aeromonadales; Aeromonadaceae; Aeromonas; Aeromonas veronii
999141.GME	Bacteria; Proteobacteria; Gammaproteobacteria; Oceanospirillales; Halomonadaceae; Halomonas; unclassified Halomonas
999630.TUZN	Archaea; Crenarchaeota; Thermoprotei; Thermoproteales; Thermoproteaceae; Thermoproteus; Thermoproteus uzoniensis
NP_231000	Bacteria; Proteobacteria; Gammaproteobacteria; Vibrionales; Vibrionaceae; Vibrio; Vibrio cholerae; Vibrio cholerae O1; Vibrio cholerae O1 biovar El Tor
NP_661745	Bacteria; Chlorobi; Chlorobia; Chlorobiales; Chlorobiaceae; Chlorobaculum; Chlorobaculum tepidum
196162.Noca	Bacteria; Actinobacteria; Actinobacteria; Propionibacteriales; Nocardioidaceae; Nocardioides; unclassified Nocardioides
NP_663123	Bacteria; Chlorobi; Chlorobia; Chlorobiales; Chlorobiaceae; Chlorobaculum; Chlorobaculum tepidum
NP_717969	Bacteria; Proteobacteria; Gammaproteobacteria; Alteromonadales; Shewanellaceae; Shewanella; Shewanella oneidensis
NP_746126	Bacteria; Proteobacteria; Gammaproteobacteria; Pseudomonadales; Pseudomonadaceae; Pseudomonas; Pseudomonas putida
NP_793124	Bacteria; Proteobacteria; Gammaproteobacteria; Pseudomonadales; Pseudomonadaceae; Pseudomonas; Pseudomonas syringae pv. tomato
WP_000895407	Bacteria; Proteobacteria; Gammaproteobacteria; Vibrionales; Vibrionaceae; Vibrio
WP_003020235	Bacteria; Proteobacteria; Gammaproteobacteria; Thiotrichales; Francisellaceae; Francisella
WP_003240638	Bacteria; Proteobacteria; Gammaproteobacteria; Pseudomonadales; Pseudomonadaceae; Pseudomonas
WP_003542676	Bacteria; Firmicutes; Clostridia; Clostridiales; Peptococcaceae; Desulfotomaculum; Desulfotomaculum nigrificans
WP_003660019	Bacteria; Proteobacteria; Gammaproteobacteria; Pseudomonadales; Moraxellaceae; Moraxella; Moraxella catarrhalis
WP_004244693	Bacteria; Proteobacteria; Gammaproteobacteria; Enterobacterales; Morganellaceae; Proteus
198214.SF0971	Bacteria; Proteobacteria; Gammaproteobacteria; Enterobacterales; Enterobacteriaceae; Shigella; Shigella flexneri; Shigella flexneri 2a
WP_004927084	Bacteria; Proteobacteria; Gammaproteobacteria; Pseudomonadales; Moraxellaceae; Acinetobacter; Acinetobacter baylyi
WP_005223277	Bacteria; Proteobacteria; Gammaproteobacteria; Chromatiales; Chromatiaceae; Marichromatium
WP_005224991	Bacteria; Proteobacteria; Gammaproteobacteria; Chromatiales; Chromatiaceae; Marichromatium
WP_005371320	Bacteria; Proteobacteria; Gammaproteobacteria; Methylococcales; Methylococcaceae; Methylomicrobium; Methylomicrobium agile
WP_005419649	Bacteria; Proteobacteria; Gammaproteobacteria; Vibrionales; Vibrionaceae; Aliivibrio; Aliivibrio fischeri
WP_005721637	Bacteria; Proteobacteria; Gammaproteobacteria; Pasteurellales; Pasteurellaceae; Pasteurella; Pasteurella multocida
WP_005767383	Bacteria; Proteobacteria; Gammaproteobacteria; Pseudomonadales; Pseudomonadaceae; Pseudomonas
WP_005808391	Bacteria; Firmicutes; Clostridia; Clostridiales; Peptococcaceae; Desulfitobacterium
WP_006250062	Bacteria; Proteobacteria; Gammaproteobacteria; Pasteurellales; Pasteurellaceae; Mannheimia; Mannheimia haemolytica
WP_006520419	Bacteria; Firmicutes; Clostridia; Clostridiales; Peptococcaceae; Desulfallas; Desulfallas gibsoniae
1005057.BUAMB	Bacteria; Proteobacteria; Gammaproteobacteria; Enterobacterales; Erwiniaceae; Buchnera; Buchnera aphidicola; Buchnera aphidicola Uroleucon ambrosiae
198628.Dda3937	Bacteria; Proteobacteria; Gammaproteobacteria; Enterobacterales; Pectobacteriaceae; Dickeya; Dickeya dadantii
WP_006522281	Bacteria; Firmicutes; Clostridia; Clostridiales; Peptococcaceae; Desulfallas; Desulfallas gibsoniae
WP_006929290	Bacteria; Calditrichaeota; Calditrichae; Calditrichales; Calditrichaceae; Caldithrix; Caldithrix abyssi
WP_007637290	Bacteria; Proteobacteria; Gammaproteobacteria; Alteromonadales; Alteromonadaceae; Paraglaciecola; Paraglaciecola psychrophila
WP_009551559	Bacteria; Proteobacteria; Betaproteobacteria; Burkholderiales; unclassified Burkholderiales; unclassified Burkholderiales miscellaneous
WP_009551567	Bacteria; Proteobacteria; Betaproteobacteria; Burkholderiales; unclassified Burkholderiales; unclassified Burkholderiales miscellaneous
WP_010616552	Bacteria; Proteobacteria; Gammaproteobacteria; Enterobacterales; Erwiniaceae; Pantoea
WP_010932532	Bacteria; Chlorobi; Chlorobia; Chlorobiales; Chlorobiaceae; Chlorobaculum; Chlorobaculum tepidum
WP_010954804	Bacteria; Proteobacteria; Gammaproteobacteria; Pseudomonadales; Pseudomonadaceae; Pseudomonas
WP_010960615	Bacteria; Proteobacteria; Gammaproteobacteria; Methylococcales; Methylococcaceae; Methylococcus; Methylococcus capsulatus
WP_011043160	Bacteria; Proteobacteria; Gammaproteobacteria; Alteromonadales; Colwelliaceae; Colwellia; Colwellia psychrerythraea
198804.BUsg451	Bacteria; Proteobacteria; Gammaproteobacteria; Enterobacterales; Erwiniaceae; Buchnera; Buchnera aphidicola; Buchnera aphidicola Schizaphis graminum
WP_011072361	Bacteria; Proteobacteria; Gammaproteobacteria; Alteromonadales; Shewanellaceae; Shewanella; Shewanella oneidensis
WP_011126687	Bacteria; Proteobacteria; Gammaproteobacteria; Enterobacterales; Enterobacteriaceae; ant endosymbionts; Candidatus Blochmannia
WP_011233915	Bacteria; Proteobacteria; Gammaproteobacteria; Alteromonadales; Idiomarinaceae; Idiomarina
WP_011280493	Bacteria; Proteobacteria; Gammaproteobacteria; Pseudomonadales; Moraxellaceae; Psychrobacter; Psychrobacter arcticus
WP_011311877	Bacteria; Proteobacteria; Betaproteobacteria; Nitrosomonadales; Thiobacillaceae; Thiobacillus; Thiobacillus denitrificans
WP_011312838	Bacteria; Proteobacteria; Betaproteobacteria; Nitrosomonadales; Thiobacillaceae; Thiobacillus; Thiobacillus denitrificans
WP_011312992	Bacteria; Proteobacteria; Betaproteobacteria; Nitrosomonadales; Thiobacillaceae; Thiobacillus; Thiobacillus denitrificans
WP_011313000	Bacteria; Proteobacteria; Betaproteobacteria; Nitrosomonadales; Thiobacillaceae; Thiobacillus; Thiobacillus denitrificans
WP_011313170	Bacteria; Proteobacteria; Betaproteobacteria; Nitrosomonadales; Thiobacillaceae; Thiobacillus; Thiobacillus denitrificans
WP_011328365	Bacteria; Proteobacteria; Gammaproteobacteria; Alteromonadales; Pseudoalteromonadaceae; Pseudoalteromonas
199310.c1107	Bacteria; Proteobacteria; Gammaproteobacteria; Enterobacterales; Enterobacteriaceae; Escherichia; Escherichia coli
WP_011345272	Bacteria; Firmicutes; Clostridia; Thermoanaerobacterales; Thermoanaerobacteraceae; Carboxydothermus
WP_011385732	Bacteria; Proteobacteria; Alphaproteobacteria; Rhodospirillales; Rhodospirillaceae; Magnetospirillum
WP_011393134	Bacteria; Firmicutes; Clostridia; Thermoanaerobacterales; Thermoanaerobacteraceae; Moorella; Moorella thermoacetica
WP_011396415	Bacteria; Proteobacteria; Gammaproteobacteria; Oceanospirillales; Hahellaceae; Hahella; Hahella chejuensis
WP_011459007	Bacteria; Firmicutes; Clostridia; Clostridiales; Peptococcaceae; Desulfitobacterium; Desulfitobacterium hafniense
WP_011496246	Bacteria; Proteobacteria; Gammaproteobacteria; Alteromonadales; Shewanellaceae; Shewanella; Shewanella denitrificans
WP_011507220	Bacteria; Proteobacteria; Gammaproteobacteria; Oceanospirillales; Halomonadaceae; Chromohalobacter; Chromohalobacter salexigens
WP_011521442	Bacteria; Acidobacteria; Acidobacteriia; Acidobacteriales; Acidobacteriaceae; Candidatus Koribacter
WP_011526984	Bacteria; Proteobacteria; Deltaproteobacteria; Desulfovibrionales; Desulfovibrionaceae; Lawsonia; Lawsonia intracellularis
WP_011608483	Bacteria; Proteobacteria; Gammaproteobacteria; Pasteurellales; Pasteurellaceae; Histophilus; Histophilus somni
203907.Bfl418	Bacteria; Proteobacteria; Gammaproteobacteria; Enterobacterales; Enterobacteriaceae; unclassified Enterobacteriaceae; ant, tsetse, mealybug, aphid, etc. endosymbionts; ant endosymbionts; Candidatus Blochmannia
WP_011629398	Bacteria; Proteobacteria; Gammaproteobacteria; Chromatiales; Ectothiorhodospiraceae; Alkalilimnicola; Alkalilimnicola ehrlichii
WP_011637266	Bacteria; Proteobacteria; Gammaproteobacteria; Alteromonadales; Shewanellaceae; Shewanella; Shewanella frigidimarina
WP_011700824	Bacteria; Proteobacteria; Deltaproteobacteria; Syntrophobacterales; Syntrophobacteraceae; Syntrophobacter; Syntrophobacter fumaroxidans
WP_011706490	Bacteria; Proteobacteria; Gammaproteobacteria; Aeromonadales; Aeromonadaceae; Aeromonas
WP_011711751	Bacteria; Proteobacteria; Alphaproteobacteria; Magnetococcales; Magnetococcaceae; Magnetococcus; Magnetococcus marinus
WP_011735441	Bacteria; Proteobacteria; Deltaproteobacteria; Desulfuromonadales; Desulfuromonadaceae; Pelobacter; Pelobacter propionicus
WP_011738206	Bacteria; Proteobacteria; Gammaproteobacteria; unclassified Gammaproteobacteria; sulfur-oxidizing symbionts; Candidatus Ruthia
WP_011744037	Bacteria; Chlorobi; Chlorobia; Chlorobiales; Chlorobiaceae; Chlorobium; Chlorobium phaeobacteroides
WP_011756473	Bacteria; Actinobacteria; Actinobacteria; Propionibacteriales; Nocardioidaceae; Nocardioides
WP_011905508	Bacteria; Actinobacteria; Actinobacteria; Micromonosporales; Micromonosporaceae; Salinispora; Salinispora tropica
204669.Acid345	Bacteria; Acidobacteria; Acidobacteriia; Acidobacteriales; Acidobacteriaceae; Candidatus Koribacter; Candidatus Koribacter versatilis
WP_012070927	Bacteria; Proteobacteria; Gammaproteobacteria; Oceanospirillales; Oceanospirillaceae; Marinomonas; unclassified Marinomonas
WP_012173892	Bacteria; Proteobacteria; Deltaproteobacteria; Desulfobacterales; Desulfobacteraceae; Desulfococcus; Desulfococcus oleovorans
WP_012185910	Archaea; Crenarchaeota; Thermoprotei; Thermoproteales; Thermoproteaceae; Caldivirga; Caldivirga maquilingensis
WP_012303252	Bacteria; Firmicutes; Clostridia; Clostridiales; Peptococcaceae; Candidatus Desulforudis
WP_012475252	Bacteria; Chlorobi; Chlorobia; Chlorobiales; Chlorobiaceae; Chlorobium; Chlorobium phaeobacteroides
WP_012499202	Bacteria; Chlorobi; Chlorobia; Chlorobiales; Chlorobiaceae; Chloroherpeton; Chloroherpeton thalassium
WP_012500176	Bacteria; Chlorobi; Chlorobia; Chlorobiales; Chlorobiaceae; Chloroherpeton; Chloroherpeton thalassium
WP_012504631	Bacteria; Chlorobi; Chlorobia; Chlorobiales; Chlorobiaceae; Prosthecochloris
WP_012546467	Bacteria; Nitrospirae; Nitrospirales; Nitrospiraceae; Thermodesulfovibrio
WP_012636952	Bacteria; Proteobacteria; Gammaproteobacteria; Chromatiales; Ectothiorhodospiraceae; Thioalkalivibrio; Thioalkalivibrio sulfidiphilus
205914.HS	Bacteria; Proteobacteria; Gammaproteobacteria; Pasteurellales; Pasteurellaceae; Histophilus; Histophilus somni
WP_012638739	Bacteria; Proteobacteria; Gammaproteobacteria; Chromatiales; Ectothiorhodospiraceae; Thioalkalivibrio; Thioalkalivibrio sulfidiphilus
WP_012639608	Bacteria; Proteobacteria; Gammaproteobacteria; Chromatiales; Ectothiorhodospiraceae; Thioalkalivibrio; Thioalkalivibrio sulfidiphilus
WP_012729434	Bacteria; Proteobacteria; Gammaproteobacteria; Aeromonadales; Aeromonadaceae; Tolumonas; Tolumonas auensis
WP_012813492	Bacteria; Firmicutes; Clostridia; Clostridiales; Peptococcaceae; Desulfofarcimen; Desulfofarcimen acetoxidans
WP_012814256	Bacteria; Actinobacteria; Actinobacteria; Nakamurellales; Nakamurellaceae; Nakamurella; Nakamurella multipartita
WP_012818192	Bacteria; Firmicutes; Clostridia; Thermoanaerobacterales; Thermoanaerobacteraceae; Ammonifex
WP_012941106	Archaea; Euryarchaeota; Archaeoglobi; Archaeoglobales; Archaeoglobaceae; Archaeoglobus; Archaeoglobus profundus
WP_012969276	Bacteria; Proteobacteria; Gammaproteobacteria; Chromatiales; Chromatiaceae; Allochromatium; Allochromatium vinosum
WP_012970469	Bacteria; Proteobacteria; Gammaproteobacteria; Chromatiales; Chromatiaceae; Allochromatium; Allochromatium vinosum
WP_012987337	Bacteria; Proteobacteria; Gammaproteobacteria; Enterobacterales; Morganellaceae; Xenorhabdus; Xenorhabdus bovienii
205918.Psyr	Bacteria; Proteobacteria; Gammaproteobacteria; Pseudomonadales; Pseudomonadaceae; Pseudomonas; Pseudomonas syringae; Pseudomonas syringae pv. syringae
WP_013029812	Bacteria; Proteobacteria; Betaproteobacteria; Nitrosomonadales; Gallionellaceae; Sideroxydans; Sideroxydans lithotrophicus
WP_013029820	Bacteria; Proteobacteria; Betaproteobacteria; Nitrosomonadales; Gallionellaceae; Sideroxydans; Sideroxydans lithotrophicus
WP_013051566	Bacteria; Proteobacteria; Gammaproteobacteria; Alteromonadales; Shewanellaceae; Shewanella; Shewanella violacea
WP_013087664	Bacteria; Proteobacteria; Gammaproteobacteria; Enterobacterales; Enterobacteriaceae; Candidatus Riesia
WP_013164234	Bacteria; Proteobacteria; Deltaproteobacteria; Desulfobacterales; Desulfobulbaceae; Desulfurivibrio; Desulfurivibrio alkaliphilus
WP_013188796	Bacteria; Actinobacteria; Actinobacteria; Actinomycetales; Actinomycetaceae; Mobiluncus; Mobiluncus curtisii
WP_013258806	Bacteria; Proteobacteria; Deltaproteobacteria; Desulfarculales; Desulfarculaceae; Desulfarculus; Desulfarculus baarsii
WP_013261659	Bacteria; Proteobacteria; Gammaproteobacteria; unclassified Gammaproteobacteria; unclassified Gammaproteobacteria miscellaneous
WP_013345333	Bacteria; Proteobacteria; Gammaproteobacteria; Alteromonadales; Ferrimonadaceae; Ferrimonas; Ferrimonas balearica
WP_013418278	Bacteria; Proteobacteria; Alphaproteobacteria; Rhizobiales; Hyphomicrobiaceae; Rhodomicrobium
205922.Pfl01	Bacteria; Proteobacteria; Gammaproteobacteria; Pseudomonadales; Pseudomonadaceae; Pseudomonas; Pseudomonas fluorescens
WP_013493096	Bacteria; Actinobacteria; Actinobacteria; Micrococcales; Intrasporangiaceae; Intrasporangium; Intrasporangium calvum
WP_013561137	Bacteria; Chloroflexi; Anaerolineae; Anaerolineales; Anaerolineaceae; Anaerolinea; Anaerolinea thermophila
WP_013661951	Bacteria; Proteobacteria; Gammaproteobacteria; Oceanospirillales; Oceanospirillaceae; Marinomonas; Marinomonas mediterranea
WP_013684347	Archaea; Euryarchaeota; Archaeoglobi; Archaeoglobales; Archaeoglobaceae; Archaeoglobus; Archaeoglobus veneficus
WP_013745113	Bacteria; Proteobacteria; Gammaproteobacteria; Pasteurellales; Pasteurellaceae; Gallibacterium; Gallibacterium anatis
WP_013756706	Bacteria; Firmicutes; Clostridia; Thermoanaerobacterales; Thermodesulfobiaceae; Thermodesulfobium
WP_013784154	Bacteria; Proteobacteria; Gammaproteobacteria; Alteromonadales; Alteromonadaceae; Alteromonas; Alteromonas naphthalenivorans
WP_013818491	Bacteria; Proteobacteria; Gammaproteobacteria; Methylococcales; Methylococcaceae; Methylomonas; Methylomonas methanica
WP_013907513	Bacteria; Thermodesulfobacteria; Thermodesulfobacteriales; Thermodesulfobacteriaceae; Thermodesulfatator
WP_013975739	Bacteria; Proteobacteria; Gammaproteobacteria; Enterobacterales; Enterobacteriaceae; Candidatus Moranella
207559.Dde	Bacteria; Proteobacteria; Deltaproteobacteria; Desulfovibrionales; Desulfovibrionaceae; Desulfovibrio; Desulfovibrio alaskensis
WP_014108779	Bacteria; Proteobacteria; Gammaproteobacteria; Alteromonadales; Alteromonadaceae; Glaciecola; Glaciecola nitratireducens
WP_014126343	Archaea; Crenarchaeota; Thermoprotei; Thermoproteales; Thermoproteaceae; Thermoproteus; Thermoproteus tenax
WP_014146908	Bacteria; Proteobacteria; Gammaproteobacteria; Methylococcales; Methylococcaceae; Methylomicrobium; Methylomicrobium alcaliphilum
WP_014292835	Bacteria; Proteobacteria; Gammaproteobacteria; Aeromonadales; Aeromonadaceae; Oceanimonas; unclassified Oceanimonas
WP_014432440	Bacteria; Chloroflexi; Caldilineae; Caldilineales; Caldilineaceae; Caldilinea; Caldilinea aerophila
WP_014778151	Bacteria; Proteobacteria; Gammaproteobacteria; Chromatiales; Chromatiaceae; Thiocystis; Thiocystis violascens
WP_014779048	Bacteria; Proteobacteria; Gammaproteobacteria; Chromatiales; Chromatiaceae; Thiocystis; Thiocystis violascens
WP_014808601	Bacteria; Proteobacteria; Deltaproteobacteria; Syntrophobacterales; Syntrophaceae; Desulfomonile; Desulfomonile tiedjei
WP_014808985	Bacteria; Proteobacteria; Deltaproteobacteria; Syntrophobacterales; Syntrophaceae; Desulfomonile; Desulfomonile tiedjei
WP_014827244	Bacteria; Firmicutes; Clostridia; Clostridiales; Peptococcaceae; Desulfosporosinus; Desulfosporosinus acidiphilus
207949.RED65	Bacteria; Proteobacteria; Gammaproteobacteria; Oceanospirillales; Oceanospirillaceae; Bermanella; Bermanella marisrubri
WP_014855699	Bacteria; Ignavibacteriae; Ignavibacteria; Ignavibacteriales; Melioribacteraceae; Melioribacter; Melioribacter roseus
WP_014871390	Bacteria; Proteobacteria; Gammaproteobacteria; Alteromonadales; Alteromonadaceae; Marinobacter; unclassified Marinobacter
WP_014887824	Bacteria; Proteobacteria; Gammaproteobacteria; Enterobacterales; Enterobacteriaceae; unclassified Enterobacteriaceae; ant, tsetse, mealybug, aphid, etc. endosymbionts; aphid secondary symbionts
WP_014888775	Bacteria; Proteobacteria; Gammaproteobacteria; Enterobacterales; Enterobacteriaceae; unclassified Enterobacteriaceae; ant, tsetse, mealybug, aphid, etc. endosymbionts; aphid secondary symbionts
WP_015005218	Bacteria; Proteobacteria; Gammaproteobacteria; Thiotrichales; Piscirickettsiaceae; Cycloclasticus
WP_015046127	Bacteria; Proteobacteria; Gammaproteobacteria; Cellvibrionales; Cellvibrionaceae; Simiduia; Simiduia agarivorans
WP_015257688	Bacteria; Proteobacteria; Gammaproteobacteria; Chromatiales; Ectothiorhodospiraceae; Thioalkalivibrio; Thioalkalivibrio nitratireducens
WP_015258467	Bacteria; Proteobacteria; Gammaproteobacteria; Chromatiales; Ectothiorhodospiraceae; Thioalkalivibrio; Thioalkalivibrio nitratireducens
WP_015258538	Bacteria; Proteobacteria; Gammaproteobacteria; Chromatiales; Ectothiorhodospiraceae; Thioalkalivibrio; Thioalkalivibrio nitratireducens
WP_015279545	Bacteria; Proteobacteria; Gammaproteobacteria; Chromatiales; Chromatiaceae; Thioflavicoccus; Thioflavicoccus mobilis
1005058.UMN179	Bacteria; Proteobacteria; Gammaproteobacteria; Pasteurellales; Pasteurellaceae; Gallibacterium; Gallibacterium anatis
207954.MED92	Bacteria; Proteobacteria; Gammaproteobacteria; Oceanospirillales; Oceanospirillaceae; Neptuniibacter; Neptuniibacter caesariensis
WP_015280333	Bacteria; Proteobacteria; Gammaproteobacteria; Chromatiales; Chromatiaceae; Thioflavicoccus; Thioflavicoccus mobilis
WP_015282162	Bacteria; Proteobacteria; Gammaproteobacteria; Chromatiales; Chromatiaceae; Thioflavicoccus; Thioflavicoccus mobilis
WP_015402730	Bacteria; Proteobacteria; Deltaproteobacteria; Desulfobacterales; Desulfobulbaceae; Desulfocapsa; Desulfocapsa sulfexigens
WP_015432856	Bacteria; Proteobacteria; Gammaproteobacteria; Pasteurellales; Pasteurellaceae; Bibersteinia; Bibersteinia trehalosi
WP_015486929	Bacteria; Proteobacteria; Gammaproteobacteria; Oceanospirillales; Oceanospirillaceae; Thalassolituus; Thalassolituus oleivorans
WP_015539531	Bacteria; Actinobacteria; Coriobacteriia; Eggerthellales; Eggerthellaceae; Gordonibacter
WP_015591840	Archaea; Euryarchaeota; Archaeoglobi; Archaeoglobales; Archaeoglobaceae; Archaeoglobus; Archaeoglobus sulfaticallidus
WP_015655054	Bacteria; Actinobacteria; Actinobacteria; Streptomycetales; Streptomycetaceae; Streptomyces; Streptomyces davaonensis
WP_015696703	Bacteria; Proteobacteria; Gammaproteobacteria; Enterobacterales; Yersiniaceae; Rahnella; Rahnella aquatilis
WP_015747799	Bacteria; Actinobacteria; Actinobacteria; Nakamurellales; Nakamurellaceae; Nakamurella; Nakamurella multipartita
208964.PA2608	Bacteria; Proteobacteria; Gammaproteobacteria; Pseudomonadales; Pseudomonadaceae; Pseudomonas; Pseudomonas aeruginosa
WP_015870759	Bacteria; Proteobacteria; Gammaproteobacteria; Enterobacterales; Hafniaceae; Edwardsiella; Edwardsiella ictaluri
WP_015904072	Bacteria; Proteobacteria; Deltaproteobacteria; Desulfobacterales; Desulfobacteraceae; Desulfobacterium; Desulfobacterium autotrophicum
WP_021760357	Bacteria; Proteobacteria; Deltaproteobacteria; Desulfovibrionales; Desulfovibrionaceae; Desulfovibrio; Desulfovibrio gigas
WP_022546826	Bacteria; Bacteroidetes; Bacteroidia; Bacteroidales; unclassified Bacteroidales; unclassified Bacteroidales miscellaneous
WP_024081175	Bacteria; Proteobacteria; Alphaproteobacteria; Rhodospirillales; Rhodospirillaceae; Magnetospirillum; Magnetospirillum gryphiswaldense
WP_025314884	Bacteria; Proteobacteria; Gammaproteobacteria; Orbales; Orbaceae; Gilliamella; Gilliamella apicola
WP_025391325	Bacteria; Proteobacteria; Deltaproteobacteria; Desulfurellales; Desulfurellaceae; Desulfurella
WP_025392436	Bacteria; Proteobacteria; Deltaproteobacteria; Desulfurellales; Desulfurellaceae; Desulfurella
WP_043108407	Bacteria; Proteobacteria; Gammaproteobacteria; unclassified Gammaproteobacteria; unclassified Gammaproteobacteria miscellaneous
WP_043109153	Bacteria; Proteobacteria; Gammaproteobacteria; unclassified Gammaproteobacteria; unclassified Gammaproteobacteria miscellaneous
211586.SO	Bacteria; Proteobacteria; Gammaproteobacteria; Alteromonadales; Shewanellaceae; Shewanella; Shewanella oneidensis
YP_002247857	Bacteria; Nitrospirae; Nitrospira; Nitrospirales; Nitrospiraceae; Thermodesulfovibrio; Thermodesulfovibrio yellowstonii
YP_169495	Bacteria; Proteobacteria; Gammaproteobacteria; Thiotrichales; Francisellaceae; Francisella; Francisella tularensis; Francisella tularensis subsp. tularensis
YP_204884	Bacteria; Proteobacteria; Gammaproteobacteria; Vibrionales; Vibrionaceae; Aliivibrio; Aliivibrio fischeri
YP_430477	Bacteria; Firmicutes; Clostridia; Thermoanaerobacterales; Thermoanaerobacteraceae; Moorella; Moorella thermoacetica
YP_857184	Bacteria; Proteobacteria; Gammaproteobacteria; Aeromonadales; Aeromonadaceae; Aeromonas; Aeromonas hydrophila; Aeromonas hydrophila subsp. hydrophila
214092.YPO1447	Bacteria; Proteobacteria; Gammaproteobacteria; Enterobacterales; Yersiniaceae; Yersinia; Yersinia pestis
216595.PFLU3793	Bacteria; Proteobacteria; Gammaproteobacteria; Pseudomonadales; Pseudomonadaceae; Pseudomonas; Pseudomonas fluorescens
216895.VV1	Bacteria; Proteobacteria; Gammaproteobacteria; Vibrionales; Vibrionaceae; Vibrio; Vibrio vulnificus
218491.ECA1762	Bacteria; Proteobacteria; Gammaproteobacteria; Enterobacterales; Pectobacteriaceae; Pectobacterium; Pectobacterium atrosepticum
218493.SBG	Bacteria; Proteobacteria; Gammaproteobacteria; Enterobacterales; Enterobacteriaceae; Salmonella; Salmonella bongori
220341.STY1111	Bacteria; Proteobacteria; Gammaproteobacteria; Enterobacterales; Enterobacteriaceae; Salmonella; Salmonella enterica; Salmonella enterica subsp. enterica; Salmonella enterica subsp. enterica serovar Typhi
220664.PFL	Bacteria; Proteobacteria; Gammaproteobacteria; Pseudomonadales; Pseudomonadaceae; Pseudomonas; Pseudomonas protegens
1005090.BAKON	Bacteria; Proteobacteria; Gammaproteobacteria; Enterobacterales; Erwiniaceae; Buchnera; Buchnera aphidicola; Buchnera aphidicola Acyrthosiphon kondoi
221988.MS0846	Bacteria; Proteobacteria; Gammaproteobacteria; Pasteurellales; Pasteurellaceae; Basfia; Mannheimia succiniciproducens
223283.PSPTO	Bacteria; Proteobacteria; Gammaproteobacteria; Pseudomonadales; Pseudomonadaceae; Pseudomonas; Pseudomonas syringae pv. tomato
223926.VP1626	Bacteria; Proteobacteria; Gammaproteobacteria; Vibrionales; Vibrionaceae; Vibrio; Vibrio parahaemolyticus
224325.AF2228	Archaea; Euryarchaeota; Archaeoglobi; Archaeoglobales; Archaeoglobaceae; Archaeoglobus; Archaeoglobus fulgidus
224915.bbp412	Bacteria; Proteobacteria; Gammaproteobacteria; Enterobacterales; Erwiniaceae; Buchnera; Buchnera aphidicola; Buchnera aphidicola Baizongia pistaciae
225849.swp	Bacteria; Proteobacteria; Gammaproteobacteria; Alteromonadales; Shewanellaceae; Shewanella; Shewanella piezotolerans
225937.HP15	Bacteria; Proteobacteria; Gammaproteobacteria; Alteromonadales; Alteromonadaceae; Marinobacter; Marinobacter adhaerens
228399.Aple02001879	Bacteria; Proteobacteria; Gammaproteobacteria; Pasteurellales; Pasteurellaceae; Actinobacillus; Actinobacillus pleuropneumoniae; Actinobacillus pleuropneumoniae serovar 1
228399.appser1	Bacteria; Proteobacteria; Gammaproteobacteria; Pasteurellales; Pasteurellaceae; Actinobacillus; Actinobacillus pleuropneumoniae; Actinobacillus pleuropneumoniae serovar 1
233412.HD1815	Bacteria; Proteobacteria; Gammaproteobacteria; Pasteurellales; Pasteurellaceae; Haemophilus; Haemophilus ducreyi
1006551.KOX	Bacteria; Proteobacteria; Gammaproteobacteria; Enterobacterales; Enterobacteriaceae; Klebsiella; Klebsiella michiganensis
234831.PSM	Bacteria; Proteobacteria; Gammaproteobacteria; Alteromonadales; Pseudoalteromonadaceae; Pseudoalteromonas; unclassified Pseudoalteromonas
243233.MCA1334	Bacteria; Proteobacteria; Gammaproteobacteria; Methylococcales; Methylococcaceae; Methylococcus; Methylococcus capsulatus
243265.plu1786	Bacteria; Proteobacteria; Gammaproteobacteria; Enterobacterales; Morganellaceae; Photorhabdus; Photorhabdus laumondii; Photorhabdus laumondii subsp. laumondii
243277.VC1356	Bacteria; Proteobacteria; Gammaproteobacteria; Vibrionales; Vibrionaceae; Vibrio; Vibrio cholerae; Vibrio cholerae O1; Vibrio cholerae O1 biovar El Tor
246194.CHY	Bacteria; Firmicutes; Clostridia; Thermoanaerobacterales; Thermoanaerobacteraceae; Carboxydothermus; Carboxydothermus hydrogenoformans
247633.GP2143	Bacteria; Proteobacteria; Gammaproteobacteria; Cellvibrionales; Spongiibacteraceae; unclassified Spongiibacteraceae; BD1-7 clade
247634.GPB2148	Bacteria; Proteobacteria; Gammaproteobacteria; Cellvibrionales; Halieaceae; unclassified Halieaceae
247639.MGP2080	Bacteria; Proteobacteria; Gammaproteobacteria; Cellvibrionales; Halieaceae; unclassified Halieaceae
259536.Psyc	Bacteria; Proteobacteria; Gammaproteobacteria; Pseudomonadales; Moraxellaceae; Psychrobacter; Psychrobacter arcticus
264730.PSPPH	Bacteria; Proteobacteria; Gammaproteobacteria; Pseudomonadales; Pseudomonadaceae; Pseudomonas; Pseudomonas savastanoi; Pseudomonas savastanoi pv. phaseolicola
1009370.ALO	Bacteria; Firmicutes; Negativicutes; Selenomonadales; Sporomusaceae; Acetonema; Acetonema longum
264732.Moth	Bacteria; Firmicutes; Clostridia; Thermoanaerobacterales; Thermoanaerobacteraceae; Moorella; Moorella thermoacetica
270374.MELB17	Bacteria; Proteobacteria; Gammaproteobacteria; Alteromonadales; Alteromonadaceae; Marinobacter; unclassified Marinobacter
272620.KPN	Bacteria; Proteobacteria; Gammaproteobacteria; Enterobacterales; Enterobacteriaceae; Klebsiella; Klebsiella pneumoniae; Klebsiella pneumoniae subsp. pneumoniae
272843.PM0401	Bacteria; Proteobacteria; Gammaproteobacteria; Pasteurellales; Pasteurellaceae; Pasteurella; Pasteurella multocida; Pasteurella multocida subsp. multocida
283942.IL0662	Bacteria; Proteobacteria; Gammaproteobacteria; Alteromonadales; Idiomarinaceae; Idiomarina; Idiomarina loihiensis
289376.THEYE	Bacteria; Nitrospirae; Nitrospira; Nitrospirales; Nitrospiraceae; Thermodesulfovibrio; Thermodesulfovibrio yellowstonii
290315.Clim	Bacteria; Chlorobi; Chlorobia; Chlorobiales; Chlorobiaceae; Chlorobium; Chlorobium limicola
290317.Cpha266	Bacteria; Chlorobi; Chlorobia; Chlorobiales; Chlorobiaceae; Chlorobium; Chlorobium phaeobacteroides
290318.Cvib	Bacteria; Chlorobi; Chlorobia; Chlorobiales; Chlorobiaceae; Chlorobium; Chlorobium phaeovibrioides
290338.CKO	Bacteria; Proteobacteria; Gammaproteobacteria; Enterobacterales; Enterobacteriaceae; Citrobacter; Citrobacter koseri
1028307.EAE	Bacteria; Proteobacteria; Gammaproteobacteria; Enterobacterales; Enterobacteriaceae; Klebsiella; Klebsiella aerogenes
290339.ESA	Bacteria; Proteobacteria; Gammaproteobacteria; Enterobacterales; Enterobacteriaceae; Cronobacter; Cronobacter sakazakii
290398.Csal	Bacteria; Proteobacteria; Gammaproteobacteria; Oceanospirillales; Halomonadaceae; Chromohalobacter; Chromohalobacter salexigens
290512.Paes	Bacteria; Chlorobi; Chlorobia; Chlorobiales; Chlorobiaceae; Prosthecochloris; Prosthecochloris aestuarii
291272.BPEN	Bacteria; Proteobacteria; Gammaproteobacteria; Enterobacterales; Enterobacteriaceae; unclassified Enterobacteriaceae; ant, tsetse, mealybug, aphid, etc. endosymbionts; ant endosymbionts; Candidatus Blochmannia; Candidatus Blochmannia pennsylvanicus
