WP_044850645	Bacteria; Actinobacteria; Actinobacteria; Pseudonocardiales; Pseudonocardiaceae; Amycolatopsis; Amycolatopsis orientalis
WP_084252619	Bacteria; Actinobacteria; Actinobacteria; Micrococcales; Dermabacteraceae; Devriesea; Devriesea agamarum
WP_060848753	Bacteria; Proteobacteria; Alphaproteobacteria; Rhizobiales; Methylobacteriaceae; Methylobacterium
WP_080530487	Bacteria; Proteobacteria; Gammaproteobacteria; Oceanospirillales; Alcanivoracaceae; Alcanivorax; Alcanivorax xenomutans
WP_097807194	Bacteria; Actinobacteria; Actinobacteria; Propionibacteriales; Propionibacteriaceae; Propionibacterium; Propionibacterium freudenreichii
WP_087515562	Bacteria; Proteobacteria; Gammaproteobacteria; Pseudomonadales; Pseudomonadaceae; Pseudomonas; unclassified Pseudomonas
NP_661651	Bacteria; Chlorobi; Chlorobia; Chlorobiales; Chlorobiaceae; Chlorobaculum; Chlorobaculum tepidum
WP_081148492	Bacteria; Proteobacteria; Gammaproteobacteria; Alteromonadales; Colwelliaceae; Colwellia; Colwellia beringensis
WP_096429290	Bacteria; Bacteroidetes; Bacteroidia; Marinilabiliales; Marinifilaceae; Labilibaculum; Labilibaculum antarcticum
YP_004997404	Bacteria; Proteobacteria; Gammaproteobacteria; Pseudomonadales; Moraxellaceae; Acinetobacter; Acinetobacter pittii
WP_081175521	Bacteria; Proteobacteria; Gammaproteobacteria; Pseudomonadales; Moraxellaceae; Acinetobacter; Acinetobacter lactucae
WP_088133464	Bacteria; Proteobacteria; Gammaproteobacteria; Vibrionales; Vibrionaceae; Vibrio; Vibrio gazogenes
WP_009881737	Bacteria; Actinobacteria; Actinobacteria; Micrococcales; Brevibacteriaceae; Brevibacterium; Brevibacterium aurantiacum
WP_073453581	Bacteria; Actinobacteria; Actinomycetales; Actinomycetaceae; Actinomyces
NP_252744	Bacteria; Proteobacteria; Gammaproteobacteria; Pseudomonadales; Pseudomonadaceae; Pseudomonas; Pseudomonas aeruginosa
WP_099338048	Bacteria; Proteobacteria; Gammaproteobacteria; Pseudomonadales; Moraxellaceae; Acinetobacter; unclassified Acinetobacter
WP_099949332	Bacteria; Proteobacteria; Gammaproteobacteria; Pseudomonadales; Moraxellaceae; Acinetobacter; Acinetobacter junii
WP_049163581	Bacteria; Firmicutes; Bacilli; Bacillales; Bacillaceae; Bacillus; Bacillus megaterium
WP_076754584	Bacteria; Proteobacteria; Gammaproteobacteria; Pseudomonadales; Moraxellaceae; Acinetobacter; Acinetobacter schindleri
WP_104852910	Bacteria; Proteobacteria; Gammaproteobacteria; Pseudomonadales; Moraxellaceae; Acinetobacter
WP_084197651	Bacteria; Proteobacteria; Gammaproteobacteria; Cellvibrionales; Halieaceae; Halioglobus; Halioglobus japonicus
WP_081179021	Bacteria; Proteobacteria; Gammaproteobacteria; Alteromonadales; Colwelliaceae; Colwellia; unclassified Colwellia
WP_089169320	Bacteria; Proteobacteria; Gammaproteobacteria; Pseudomonadales; Pseudomonadaceae; Azotobacter; Azotobacter chroococcum
WP_083769380	Bacteria; Actinobacteria; Acidimicrobiia; Acidimicrobiales; Acidimicrobiaceae; Acidimicrobium; Acidimicrobium ferrooxidans
NP_602334	Bacteria; Fusobacteria; Fusobacteriia; Fusobacteriales; Fusobacteriaceae; Fusobacterium; Fusobacterium nucleatum; Fusobacterium nucleatum subsp. nucleatum
WP_096365644	Bacteria; Proteobacteria; Gammaproteobacteria; Chromatiales; unclassified Chromatiales; Thiohalobacter; Thiohalobacter thiocyanaticus
WP_074702521	Bacteria; Actinobacteria; Actinobacteria; Micrococcales; Micrococcaceae; Arthrobacter; Arthrobacter crystallopoietes
WP_095065937	Bacteria; Firmicutes; Negativicutes; Veillonellales; Veillonellaceae; Veillonella; Veillonella rodentium
WP_097012426	Bacteria; Proteobacteria; Deltaproteobacteria; Desulfovibrionales; Desulfovibrionaceae; Pseudodesulfovibrio; Pseudodesulfovibrio profundus
WP_096526689	Bacteria; Proteobacteria; Gammaproteobacteria; Chromatiales; Chromatiaceae; Candidatus Nitrosoglobus
WP_096360306	Bacteria; Proteobacteria; Gammaproteobacteria; Acidiferrobacterales; Acidiferrobacteraceae; Sulfuricaulis; Sulfuricaulis limicola
WP_088617607	Bacteria; Proteobacteria; Gammaproteobacteria; Methylococcales; Methylococcaceae; Methylovulum; Methylovulum psychrotolerans
WP_096404051	Bacteria; Fusobacteria; Fusobacteriia; Fusobacteriales; Fusobacteriaceae; Fusobacterium; Fusobacterium varium
WP_087468247	Bacteria; Proteobacteria; Gammaproteobacteria; Cellvibrionales; Cellvibrionaceae; Cellvibrio; unclassified Cellvibrio
WP_045073677	Bacteria; Actinobacteria; Actinobacteria; Micrococcales; Micrococcaceae; Psychromicrobium; Psychromicrobium lacuslunae
WP_087458499	Bacteria; Firmicutes; Bacilli; Bacillales; Alicyclobacillaceae; Tumebacillus; Tumebacillus avium
WP_087067682	Bacteria; Cyanobacteria; Synechococcales; Synechococcaceae; Cyanobium; unclassified Cyanobium
NP_682476	Bacteria; Cyanobacteria; Synechococcales; Synechococcaceae; Thermosynechococcus; Thermosynechococcus elongatus
WP_096461145	Bacteria; Proteobacteria; Gammaproteobacteria; Acidiferrobacterales; Acidiferrobacteraceae; Sulfurifustis; Sulfurifustis variabilis
NP_719017	Bacteria; Proteobacteria; Gammaproteobacteria; Alteromonadales; Shewanellaceae; Shewanella; Shewanella oneidensis
WP_010078770	Bacteria; Actinobacteria; Micrococcales; Micrococcaceae; Micrococcus
WP_088909266	Bacteria; Firmicutes; Bacilli; Bacillales; Paenibacillaceae; Brevibacillus; Brevibacillus formosus
YP_002347357	Bacteria; Proteobacteria; Gammaproteobacteria; Enterobacterales; Yersiniaceae; Yersinia; Yersinia pestis
WP_089610147	Bacteria; Firmicutes; Clostridia; Clostridiales; Peptococcaceae; Dehalobacterium; Dehalobacterium formicoaceticum
WP_094061819	Bacteria; Proteobacteria; Gammaproteobacteria; Oceanospirillales; Oceanospirillaceae; Bacterioplanes; Bacterioplanes sanyensis
WP_088875870	Bacteria; Proteobacteria; Gammaproteobacteria; Vibrionales; Vibrionaceae; Vibrio; Vibrio mediterranei
YP_204084	Bacteria; Proteobacteria; Gammaproteobacteria; Vibrionales; Vibrionaceae; Aliivibrio; Aliivibrio fischeri
WP_085659782	Bacteria; Chlorobi; Chlorobia; Chlorobiales; Chlorobiaceae; Prosthecochloris; unclassified Prosthecochloris
WP_077708434	Bacteria; Firmicutes; Negativicutes; Veillonellales; Veillonellaceae; Veillonella; Veillonella parvula
WP_094236309	Bacteria; Firmicutes; Bacilli; Bacillales; Alicyclobacillaceae; Tumebacillus; Tumebacillus algifaecis
WP_078043579	Bacteria; Proteobacteria; Gammaproteobacteria; Cellvibrionales; Cellvibrionaceae; Cellvibrio
WP_096036634	Bacteria; Proteobacteria; Gammaproteobacteria; Vibrionales; Vibrionaceae; Vibrio; Vibrio anguillarum
WP_080916368	Bacteria; Proteobacteria; Gammaproteobacteria; Alteromonadales; Shewanellaceae; Shewanella; Shewanella japonica
YP_429776	Bacteria; Firmicutes; Clostridia; Thermoanaerobacterales; Thermoanaerobacteraceae; Moorella; Moorella thermoacetica
WP_100646665	Bacteria; Proteobacteria; Gammaproteobacteria; Aeromonadales; Aeromonadaceae; Aeromonas; Aeromonas veronii
WP_075091475	Bacteria; Planctomycetes; Planctomycetia; Planctomycetales; Planctomycetaceae; Planctomyces; unclassified Planctomyces
WP_088132993	Bacteria; Proteobacteria; Gammaproteobacteria; Vibrionales; Vibrionaceae; Vibrio; Vibrio gazogenes
WP_073351383	Bacteria; Proteobacteria; Gammaproteobacteria; Aeromonadales; Aeromonadaceae; Aeromonas; Aeromonas hydrophila
NP_952740	Bacteria; Proteobacteria; Deltaproteobacteria; Desulfuromonadales; Geobacteraceae; Geobacter; Geobacter sulfurreducens
WP_073538970	Bacteria; Firmicutes; Clostridia; Clostridiales; Clostridiaceae; Clostridium; Clostridium kluyveri
WP_089346856	Bacteria; Proteobacteria; Gammaproteobacteria; Alteromonadales; Pseudoalteromonadaceae; Pseudoalteromonas; Pseudoalteromonas espejiana
YP_857821	Bacteria; Proteobacteria; Gammaproteobacteria; Aeromonadales; Aeromonadaceae; Aeromonas; Aeromonas hydrophila; Aeromonas hydrophila subsp. hydrophila
WP_096399862	Bacteria; Proteobacteria; Deltaproteobacteria; Desulfovibrionales; Desulfovibrionaceae; Desulfovibrio
WP_094082776	Bacteria; Chlorobi; Chlorobia; Chlorobiales; Chlorobiaceae; Prosthecochloris; unclassified Prosthecochloris
WP_088881254	Bacteria; Proteobacteria; Gammaproteobacteria; Vibrionales; Vibrionaceae; Vibrio; Vibrio rotiferianus
WP_083755165	Bacteria; Firmicutes; Clostridia; Clostridiales; Peptococcaceae; Desulfotomaculum; Desulfotomaculum reducens
WP_088876078	Bacteria; Proteobacteria; Gammaproteobacteria; Vibrionales; Vibrionaceae; Vibrio; Vibrio mediterranei
WP_094059711	Bacteria; Proteobacteria; Gammaproteobacteria; Oceanospirillales; Oceanospirillaceae; Bacterioplanes; Bacterioplanes sanyensis
WP_077535894	Bacteria; Proteobacteria; Gammaproteobacteria; Alteromonadales; Pseudoalteromonadaceae; Pseudoalteromonas
WP_099994145	Bacteria; Proteobacteria; Gammaproteobacteria; Aeromonadales; Aeromonadaceae; Aeromonas; Aeromonas salmonicida
NP_797059	Bacteria; Proteobacteria; Gammaproteobacteria; Vibrionales; Vibrionaceae; Vibrio; Vibrio parahaemolyticus
WP_086993175	Bacteria; Proteobacteria; Gammaproteobacteria; Alteromonadales; Pseudoalteromonadaceae; Pseudoalteromonas
WP_099798724	Bacteria; Cyanobacteria; Synechococcales; Synechococcaceae; Synechococcus
WP_094038592	Bacteria; Proteobacteria; Gammaproteobacteria; Aeromonadales; Aeromonadaceae; Zobellella; Zobellella denitrificans
WP_075465166	Bacteria; Proteobacteria; Betaproteobacteria; Burkholderiales; Burkholderiaceae; Ralstonia; Ralstonia solanacearum
WP_080888184	Bacteria; Nitrospirae; Nitrospira; Nitrospirales; Nitrospiraceae; Nitrospira; Nitrospira japonica
WP_103828433	Bacteria; Proteobacteria; Gammaproteobacteria; Aeromonadales; Aeromonadaceae; Aeromonas
WP_096071640	Bacteria; Firmicutes; Clostridia; Clostridiales; Clostridiaceae; Clostridium; Clostridium perfringens
WP_011437572	Bacteria; Actinobacteria; Frankiales; Frankiaceae; Frankia
WP_096740054	Bacteria; Proteobacteria; Gammaproteobacteria; Alteromonadales; Pseudoalteromonadaceae; Pseudoalteromonas
WP_098972365	Bacteria; Proteobacteria; Gammaproteobacteria; Aeromonadales; Aeromonadaceae; Aeromonas; unclassified Aeromonas
WP_098985058	Bacteria; Proteobacteria; Gammaproteobacteria; Aeromonadales; Aeromonadaceae; Aeromonas; unclassified Aeromonas
NP_231901	Bacteria; Proteobacteria; Gammaproteobacteria; Vibrionales; Vibrionaceae; Vibrio; Vibrio cholerae; Vibrio cholerae O1; Vibrio cholerae O1 biovar El Tor
WP_082240911	Bacteria; Firmicutes; Bacilli; Bacillales; Bacillaceae; Virgibacillus; unclassified Virgibacillus
YP_446406	Bacteria; Bacteroidetes; Bacteroidetes Order II. Incertae sedis; Rhodothermaceae; Salinibacter; Salinibacter ruber
WP_077714543	Bacteria; Firmicutes; Clostridia; Clostridiales; Peptococcaceae; Desulfotomaculum; Desulfotomaculum ferrireducens
WP_081562410	Bacteria; Proteobacteria; Alphaproteobacteria; Rhodospirillales; Acetobacteraceae
WP_089196995	Bacteria; Proteobacteria; Gammaproteobacteria; Enterobacterales; Yersiniaceae; Serratia; Serratia marcescens
WP_072287483	Bacteria; Proteobacteria; Deltaproteobacteria; Desulfuromonadales; Desulfuromonadaceae; Pelobacter; Pelobacter acetylenicus
WP_077261252	Bacteria; Proteobacteria; Gammaproteobacteria; Vibrionales; Vibrionaceae; Vibrio
YP_002247949	Bacteria; Nitrospirae; Nitrospira; Nitrospirales; Nitrospiraceae; Thermodesulfovibrio; Thermodesulfovibrio yellowstonii
YP_001006402	Bacteria; Proteobacteria; Gammaproteobacteria; Enterobacterales; Yersiniaceae; Yersinia; Yersinia enterocolitica; Yersinia enterocolitica subsp. enterocolitica
WP_098931279	Bacteria; Proteobacteria; Gammaproteobacteria; Enterobacterales; Yersiniaceae; Serratia; Serratia fonticola
NP_267150	Bacteria; Firmicutes; Bacilli; Lactobacillales; Streptococcaceae; Lactococcus; Lactococcus lactis; Lactococcus lactis subsp. lactis
WP_072282677	Bacteria; Proteobacteria; Deltaproteobacteria; Desulfuromonadales; Desulfuromonadaceae; Pelobacter; unclassified Pelobacter
WP_086035928	Bacteria; Firmicutes; Clostridia; Clostridiales; Ruminococcaceae; unclassified Ruminococcaceae; unclassified Ruminococcaceae miscellaneous
WP_081461995	Bacteria; Firmicutes; Clostridia; Clostridiales; Peptococcaceae; Desulfotomaculum; Desulfotomaculum ruminis
WP_087280877	Bacteria; Proteobacteria; Betaproteobacteria; Burkholderiales; Comamonadaceae; Comamonas; Comamonas serinivorans
NP_687762	Bacteria; Firmicutes; Bacilli; Lactobacillales; Streptococcaceae; Streptococcus; Streptococcus agalactiae; Streptococcus agalactiae serogroup V
YP_001255364	Bacteria; Firmicutes; Clostridia; Clostridiales; Clostridiaceae; Clostridium; Clostridium botulinum; Clostridium botulinum A
WP_077180009	Bacteria; Proteobacteria; Betaproteobacteria; Burkholderiales; Burkholderiaceae; Burkholderia; Burkholderia cenocepacia
WP_088902346	Bacteria; Proteobacteria; Gammaproteobacteria; Enterobacterales; Enterobacteriaceae; Citrobacter
WP_095848594	Bacteria; Proteobacteria; Gammaproteobacteria; Enterobacterales; Enterobacteriaceae; Gibbsiella; Gibbsiella quercinecans
WP_066610768	Bacteria; Proteobacteria; Alphaproteobacteria; Rhizobiales; Bradyrhizobiaceae; Bosea; unclassified Bosea
WP_085071824	Bacteria; Proteobacteria; Gammaproteobacteria; Enterobacterales; Erwiniaceae; Pantoea; Pantoea alhagi
WP_095986282	Bacteria; Proteobacteria; Deltaproteobacteria; Myxococcales; Cystobacterineae; Archangiaceae; Cystobacter; Cystobacter fuscus
WP_086888477	Archaea; Euryarchaeota; Halobacteria; Natrialbales; Natrialbaceae; Natronolimnobius; Natronolimnobius aegyptiacus
WP_063186013	Bacteria; Proteobacteria; Alphaproteobacteria; Rhizobiales; Chelatococcaceae; Chelatococcus; Chelatococcus daeguensis
WP_089176000	Bacteria; Proteobacteria; Alphaproteobacteria; Rhizobiales; Bradyrhizobiaceae; Bosea; unclassified Bosea
WP_099325825	Bacteria; Planctomycetes; Candidatus Brocadiae; Candidatus Brocadiales; Candidatus Brocadiaceae; Candidatus Kuenenia
WP_096518167	Bacteria; Proteobacteria; Alphaproteobacteria; Rhodobacterales; Rhodobacteraceae; unclassified Rhodobacteraceae
WP_083855103	Bacteria; Planctomycetes; Phycisphaerae; Phycisphaerales; Phycisphaeraceae; Phycisphaera; Phycisphaera mikurensis
WP_082314054	Bacteria; Proteobacteria; Gammaproteobacteria; Vibrionales; Vibrionaceae; Vibrio; Vibrio coralliilyticus
WP_019401183	Bacteria; Proteobacteria; Alphaproteobacteria; Rhizobiales; Chelatococcaceae; Chelatococcus
WP_080625137	Bacteria; Proteobacteria; Gammaproteobacteria; Enterobacterales; Enterobacteriaceae; Citrobacter
WP_095980665	Bacteria; Proteobacteria; Deltaproteobacteria; Myxococcales; Cystobacterineae; Archangiaceae; Melittangium; Melittangium boletus
NP_833828	Bacteria; Firmicutes; Bacilli; Bacillales; Bacillaceae; Bacillus; Bacillus cereus
WP_096422891	Bacteria; Actinobacteria; Actinobacteria; Micrococcales; Microbacteriaceae; Microcella; Microcella alkaliphila
YP_038171	Bacteria; Firmicutes; Bacilli; Bacillales; Bacillaceae; Bacillus; Bacillus thuringiensis; Bacillus thuringiensis serovar konkukian
WP_075938729	Bacteria; Firmicutes; Negativicutes; Veillonellales; Veillonellaceae; Negativicoccus; Negativicoccus massiliensis
WP_085755727	Bacteria; Planctomycetes; Phycisphaerae; Sedimentisphaerales; Sedimentisphaeraceae; Sedimentisphaera; Sedimentisphaera salicampi
WP_077540753	Bacteria; Planctomycetes; Phycisphaerae; Sedimentisphaerales; Sedimentisphaeraceae; Sedimentisphaera; Sedimentisphaera cyanobacteriorum
NP_293878	Bacteria; Deinococcus-Thermus; Deinococci; Deinococcales; Deinococcaceae; Deinococcus; Deinococcus radiodurans
WP_096474896	Bacteria; Proteobacteria; Betaproteobacteria; Burkholderiales; Burkholderiaceae; Burkholderia; Burkholderia stabilis
WP_096486108	Bacteria; Proteobacteria; Alphaproteobacteria; Rhizobiales; Methylobacteriaceae; Methylorubrum; Methylorubrum populi
WP_048977446	Bacteria; Proteobacteria; Gammaproteobacteria; Enterobacterales
WP_075733990	Bacteria; Actinobacteria; Actinobacteria; Corynebacteriales; Corynebacteriaceae; Corynebacterium; Corynebacterium phocae
WP_080225664	Bacteria; Proteobacteria; Gammaproteobacteria; Enterobacterales; Enterobacteriaceae; Salmonella; Salmonella enterica
WP_095281794	Bacteria; Proteobacteria; Gammaproteobacteria; Enterobacterales; Enterobacteriaceae; Lelliottia; Lelliottia jeotgali
YP_006120025	Bacteria; Proteobacteria; Gammaproteobacteria; Enterobacterales; Enterobacteriaceae; Escherichia; Escherichia coli; Escherichia coli O83:H1
WP_076761541	Bacteria; Actinobacteria; Actinobacteria; Corynebacteriales; Corynebacteriaceae; Corynebacterium; Corynebacterium pseudotuberculosis
YP_003612837	Bacteria; Proteobacteria; Gammaproteobacteria; Enterobacterales; Enterobacteriaceae; Enterobacter; Enterobacter cloacae; Enterobacter cloacae subsp. cloacae
WP_076691478	Bacteria; Actinobacteria; Actinobacteria; Micrococcales; Microbacteriaceae; Microbacterium; Microbacterium aurum
WP_095075462	Bacteria; Actinobacteria; Actinobacteria; Corynebacteriales; Corynebacteriaceae; Corynebacterium; Corynebacterium ulcerans
WP_011102731	Bacteria; Actinobacteria; Actinobacteria; Micrococcales; unclassified Micrococcales; Tropheryma; Tropheryma whipplei
WP_081172037	Bacteria; Actinobacteria; Actinobacteria; Actinomycetales; Actinomycetaceae; Actinomyces; Actinomyces gaoshouyii
WP_049086300	Bacteria; Proteobacteria; Gammaproteobacteria; Enterobacterales; Enterobacteriaceae; Klebsiella
WP_076933826	Bacteria; Proteobacteria; Gammaproteobacteria; Enterobacterales; Enterobacteriaceae; Salmonella; Salmonella enterica
NP_460389	Bacteria; Proteobacteria; Gammaproteobacteria; Enterobacterales; Enterobacteriaceae; Salmonella; Salmonella enterica; Salmonella enterica subsp. enterica; Salmonella enterica subsp. enterica serovar Typhimurium
WP_086058624	Bacteria; Proteobacteria; Betaproteobacteria; Burkholderiales; Alcaligenaceae; Bordetella
NP_347229	Bacteria; Firmicutes; Clostridia; Clostridiales; Clostridiaceae; Clostridium; Clostridium acetobutylicum
WP_088759952	Bacteria; Proteobacteria; Gammaproteobacteria; Enterobacterales; Enterobacteriaceae; Salmonella; Salmonella enterica
WP_086798560	Bacteria; Proteobacteria; Gammaproteobacteria; Pseudomonadales; Pseudomonadaceae; Pseudomonas; Pseudomonas fragi
WP_076687153	Bacteria; Actinobacteria; Streptomycetales; Streptomycetaceae; Streptomyces
NP_310398	Bacteria; Proteobacteria; Gammaproteobacteria; Enterobacterales; Enterobacteriaceae; Escherichia; Escherichia coli; Escherichia coli O157:H7
WP_105949453	Bacteria; Actinobacteria; Actinobacteria; Micrococcales; Microbacteriaceae; Microbacterium; unclassified Microbacterium
WP_086073157	Bacteria; Proteobacteria; Betaproteobacteria; Burkholderiales; Alcaligenaceae; Bordetella
WP_088730629	Bacteria; Proteobacteria; Gammaproteobacteria; Enterobacterales; Enterobacteriaceae; Salmonella; Salmonella enterica
WP_088530519	Bacteria; Proteobacteria; Gammaproteobacteria; Alteromonadales; Pseudoalteromonadaceae; Pseudoalteromonas; Pseudoalteromonas piscicida
NP_456104	Bacteria; Proteobacteria; Gammaproteobacteria; Enterobacterales; Enterobacteriaceae; Salmonella; Salmonella enterica; Salmonella enterica subsp. enterica; Salmonella enterica subsp. enterica serovar Typhi
WP_089074017	Bacteria; Proteobacteria; Gammaproteobacteria; Vibrionales; Vibrionaceae; Paraphotobacterium; Paraphotobacterium marinum
WP_079231120	Bacteria; Proteobacteria; Gammaproteobacteria; Enterobacterales; Enterobacteriaceae; Enterobacter; Enterobacter ludwigii
WP_096757165	Bacteria; Proteobacteria; Gammaproteobacteria; Enterobacterales; Enterobacteriaceae
NP_926550	Bacteria; Cyanobacteria; Gloeobacteria; Gloeobacterales; Gloeobacteraceae; Gloeobacter; Gloeobacter violaceus
WP_095686677	Bacteria; Proteobacteria; Betaproteobacteria; Burkholderiales; Alcaligenaceae; Taylorella; Taylorella equigenitalis
WP_085786233	Bacteria; Proteobacteria; Alphaproteobacteria; Rhodobacterales; Rhodobacteraceae; Ketogulonicigenium; Ketogulonicigenium robustum
WP_011096644	Bacteria; Actinobacteria; Actinobacteria; Micrococcales; unclassified Micrococcales; Tropheryma; Tropheryma whipplei
YP_005794979	Bacteria; Proteobacteria; Alphaproteobacteria; Rhodobacterales; Rhodobacteraceae; Ketogulonicigenium; Ketogulonicigenium vulgare
WP_089073722	Bacteria; Proteobacteria; Gammaproteobacteria; Vibrionales; Vibrionaceae; Paraphotobacterium; Paraphotobacterium marinum
WP_077025843	Bacteria; Planctomycetes; Planctomycetia; Planctomycetales; Planctomycetaceae; Fuerstia; Fuerstia marisgermanicae
WP_096456057	Bacteria; Actinobacteria; Actinobacteria; Corynebacteriales; Corynebacteriaceae; Corynebacterium; Corynebacterium suranareeae
WP_086067018	Bacteria; Proteobacteria; Betaproteobacteria; Burkholderiales; Alcaligenaceae; Bordetella
WP_072563089	Bacteria; Proteobacteria; Alphaproteobacteria; Rhodospirillales; Acetobacteraceae; Granulibacter; Granulibacter bethesdensis
WP_084770253	Bacteria; Actinobacteria; Actinobacteria; Streptomycetales; Streptomycetaceae; Streptomyces; unclassified Streptomyces
WP_093941376	Bacteria; Actinobacteria; Actinobacteria; Pseudonocardiales; Pseudonocardiaceae; Actinoalloteichus; Actinoalloteichus hoggarensis
YP_005227281	Bacteria; Proteobacteria; Gammaproteobacteria; Enterobacterales; Enterobacteriaceae; Klebsiella; Klebsiella pneumoniae; Klebsiella pneumoniae subsp. pneumoniae
WP_094196649	Bacteria; Proteobacteria; Betaproteobacteria; Burkholderiales; Alcaligenaceae; Alcaligenes
WP_089415698	Bacteria; Proteobacteria; Betaproteobacteria; Neisseriales; Neisseriaceae; Vitreoscilla; Vitreoscilla filiformis
WP_099500276	Bacteria; Actinobacteria; Streptomycetales; Streptomycetaceae; Streptomyces
YP_004593741	Bacteria; Proteobacteria; Gammaproteobacteria; Enterobacterales; Enterobacteriaceae; Klebsiella; Klebsiella aerogenes
WP_080924156	Bacteria; Proteobacteria; Gammaproteobacteria; Enterobacterales; Enterobacteriaceae; Klebsiella
WP_084901325	Bacteria; Proteobacteria; Betaproteobacteria; Burkholderiales; Burkholderiaceae; Burkholderia; Pseudomonas mesoacidophila
WP_075156129	Bacteria; Proteobacteria; Betaproteobacteria; Burkholderiales; Burkholderiaceae; Paraburkholderia; unclassified Paraburkholderia
WP_097032356	Bacteria; Proteobacteria; Gammaproteobacteria; Enterobacterales; Pectobacteriaceae; Sodalis
WP_096745206	Bacteria; Proteobacteria; Betaproteobacteria; Burkholderiales; Burkholderiaceae; Ralstonia; Ralstonia pickettii
WP_087488198	Bacteria; Proteobacteria; Gammaproteobacteria; Enterobacterales; Erwiniaceae; Tatumella; Tatumella citrea
WP_085757857	Bacteria; Proteobacteria; Gammaproteobacteria; Cellvibrionales; Spongiibacteraceae; Oceanicoccus; Oceanicoccus sagamiensis
NP_357757	Bacteria; Firmicutes; Bacilli; Lactobacillales; Streptococcaceae; Streptococcus; Streptococcus pneumoniae
WP_099427674	Bacteria; Proteobacteria; Betaproteobacteria; Neisseriales; Chromobacteriaceae; Chromobacterium; Chromobacterium violaceum
WP_087472033	Bacteria; Actinobacteria; Actinobacteria; Micrococcales; Promicromonosporaceae; Cellulosimicrobium; Cellulosimicrobium cellulans
NP_600810	Bacteria; Actinobacteria; Actinobacteria; Corynebacteriales; Corynebacteriaceae; Corynebacterium; Corynebacterium glutamicum
WP_075740380	Bacteria; Actinobacteria; Pseudonocardiales; Pseudonocardiaceae; Actinoalloteichus
WP_095699713	Bacteria; Proteobacteria; Gammaproteobacteria; Enterobacterales; Pectobacteriaceae; Pectobacterium; Pectobacterium polaris
WP_083104136	Bacteria; Actinobacteria; Actinobacteria; Streptomycetales; Streptomycetaceae; Streptomyces; Streptomyces gilvosporeus
WP_094801528	Bacteria; Actinobacteria; Actinobacteria; Streptosporangiales; Nocardiopsaceae; Nocardiopsis; Nocardiopsis dassonvillei
WP_075587737	Bacteria; Proteobacteria; Betaproteobacteria; Burkholderiales; Comamonadaceae; Rhodoferax; Rhodoferax antarcticus
WP_085020195	Bacteria; Actinobacteria; Actinobacteria; Micrococcales; Microbacteriaceae; Cnuibacter; Cnuibacter physcomitrellae
YP_500390	Bacteria; Firmicutes; Bacilli; Bacillales; Staphylococcaceae; Staphylococcus; Staphylococcus aureus; Staphylococcus aureus subsp. aureus
WP_095660022	Bacteria; Actinobacteria; Actinobacteria; Corynebacteriales; Corynebacteriaceae; Corynebacterium; Corynebacterium glaucum
WP_104946054	Bacteria; Proteobacteria; Betaproteobacteria; Neisseriales; Chromobacteriaceae; Chromobacterium; Chromobacterium vaccinii
WP_095104679	Bacteria; Firmicutes; Bacilli; Bacillales; Staphylococcaceae; Staphylococcus
WP_099015573	Bacteria; Actinobacteria; Actinobacteria; Streptomycetales; Streptomycetaceae; Streptomyces; Streptomyces malaysiensis
WP_072568295	Bacteria; Proteobacteria; Gammaproteobacteria; Enterobacterales; Enterobacteriaceae; Enterobacter; unclassified Enterobacter
WP_096809082	Bacteria; Firmicutes; Bacilli; Bacillales; Staphylococcaceae; Staphylococcus; Staphylococcus nepalensis
WP_079418697	Bacteria; Proteobacteria; Betaproteobacteria; Burkholderiales; unclassified Burkholderiales; Burkholderiales Genera incertae sedis; Thiomonas; Thiomonas intermedia
NP_764995	Bacteria; Firmicutes; Bacilli; Bacillales; Staphylococcaceae; Staphylococcus; Staphylococcus epidermidis
WP_049427367	Bacteria; Firmicutes; Bacilli; Bacillales; Staphylococcaceae; Staphylococcus
WP_087436828	Bacteria; Firmicutes; Bacilli; Bacillales; Staphylococcaceae; Staphylococcus; Staphylococcus hominis
WP_095087334	Bacteria; Firmicutes; Bacilli; Bacillales; Staphylococcaceae; Staphylococcus; Staphylococcus stepanovicii
WP_079259682	Bacteria; Actinobacteria; Streptomycetales; Streptomycetaceae; Streptomyces
WP_070980634	Bacteria; Proteobacteria; Betaproteobacteria; Neisseriales; Chromobacteriaceae; Chromobacterium; Chromobacterium vaccinii
WP_053555900	Bacteria; Proteobacteria; Alphaproteobacteria; Sphingomonadales; Sphingomonadaceae; Sphingopyxis; unclassified Sphingopyxis
WP_099429156	Bacteria; Proteobacteria; Gammaproteobacteria; Pseudomonadales; Pseudomonadaceae; Pseudomonas; Pseudomonas putida
WP_085236300	Bacteria; Firmicutes; Bacilli; Bacillales; Staphylococcaceae; Staphylococcus; Staphylococcus lutrae
WP_096496100	Bacteria; Actinobacteria; Actinobacteria; Pseudonocardiales; Pseudonocardiaceae; Actinosynnema; Actinosynnema pretiosum
WP_077178022	Bacteria; Proteobacteria; Betaproteobacteria; Burkholderiales; Burkholderiaceae; Burkholderia; Burkholderia cenocepacia
WP_078093831	Bacteria; Actinobacteria; Actinobacteria; Streptomycetales; Streptomycetaceae; Streptomyces; unclassified Streptomyces
YP_003764969	Bacteria; Actinobacteria; Actinobacteria; Pseudonocardiales; Pseudonocardiaceae; Amycolatopsis; Amycolatopsis mediterranei
WP_079227791	Bacteria; Proteobacteria; Gammaproteobacteria; Pseudomonadales; Pseudomonadaceae; Pseudomonas; Pseudomonas putida
WP_099454352	Bacteria; Proteobacteria; Gammaproteobacteria; Pseudomonadales; Pseudomonadaceae; Pseudomonas; Pseudomonas putida
WP_086080220	Bacteria; Proteobacteria; Betaproteobacteria; Burkholderiales; Alcaligenaceae; Bordetella
WP_011137763	Bacteria; Proteobacteria; Betaproteobacteria; Neisseriales; Chromobacteriaceae; Chromobacterium; Chromobacterium violaceum
WP_072590953	Bacteria; Actinobacteria; Actinobacteria; Micrococcales; Microbacteriaceae; Microbacterium; unclassified Microbacterium
WP_095115087	Bacteria; Proteobacteria; Gammaproteobacteria; Pseudomonadales; Pseudomonadaceae; Pseudomonas
WP_083245964	Bacteria; Proteobacteria; Gammaproteobacteria; Pseudomonadales; Pseudomonadaceae; Pseudomonas; unclassified Pseudomonas
WP_075795417	Bacteria; Proteobacteria; Betaproteobacteria; Burkholderiales; Oxalobacteraceae; Massilia; Massilia putida
WP_103208332	Bacteria; Firmicutes; Bacilli; Bacillales; Staphylococcaceae; Staphylococcus; Staphylococcus felis
WP_095117255	Bacteria; Firmicutes; Bacilli; Bacillales; Staphylococcaceae; Staphylococcus; Staphylococcus muscae
WP_076748199	Bacteria; Proteobacteria; Gammaproteobacteria; Oceanospirillales; Halomonadaceae; Halomonas; unclassified Halomonas
WP_079236639	Bacteria; Actinobacteria; Actinobacteria; Micrococcales; Microbacteriaceae; Curtobacterium; Curtobacterium pusillum
WP_089594617	Bacteria; Actinobacteria; Actinobacteria; Micrococcales; Micrococcaceae; Arthrobacter; unclassified Arthrobacter
WP_103286442	Archaea; Thaumarchaeota; Nitrososphaeria; Candidatus Nitrosocaldales; Candidatus Nitrosocaldaceae; Candidatus Nitrosocaldus
WP_005872018	Bacteria; Proteobacteria; Epsilonproteobacteria; Campylobacterales; Campylobacteraceae; Campylobacter; Campylobacter gracilis
WP_081429479	Bacteria; Actinobacteria; Actinobacteria; Corynebacteriales; Corynebacteriaceae; Corynebacterium; Corynebacterium kroppenstedtii
WP_097789395	Bacteria; Proteobacteria; Gammaproteobacteria; Oceanospirillales; Halomonadaceae; Halomonas; Halomonas beimenensis
WP_096472682	Bacteria; Proteobacteria; Betaproteobacteria; Burkholderiales; Burkholderiaceae; Burkholderia; Burkholderia stabilis
WP_099881299	Bacteria; Proteobacteria; Betaproteobacteria; Burkholderiales; Oxalobacteraceae; Massilia; Massilia violaceinigra
WP_098925289	Bacteria; Firmicutes; Clostridia; Clostridiales; Ruminococcaceae; Faecalibacterium; Faecalibacterium prausnitzii
WP_089368376	Bacteria; Proteobacteria; Gammaproteobacteria; Alteromonadales; Pseudoalteromonadaceae; Pseudoalteromonas; Pseudoalteromonas nigrifaciens
WP_077537720	Bacteria; Proteobacteria; Gammaproteobacteria; Alteromonadales; Pseudoalteromonadaceae; Pseudoalteromonas
WP_091808109	Bacteria; Actinobacteria; Actinobacteria; Pseudonocardiales; Pseudonocardiaceae; Prauserella; Prauserella marina
WP_076073428	Bacteria; Proteobacteria; Alphaproteobacteria; Sphingomonadales; Sphingomonadaceae; Sphingopyxis
WP_099059338	Bacteria; Proteobacteria; Alphaproteobacteria; Rhizobiales; Rhizobiaceae; Rhizobium; unclassified Rhizobium
WP_089349136	Bacteria; Proteobacteria; Gammaproteobacteria; Alteromonadales; Pseudoalteromonadaceae; Pseudoalteromonas; Pseudoalteromonas espejiana
WP_084003524	Bacteria; Actinobacteria; Actinobacteria; Micrococcales; Microbacteriaceae; Agromyces; Agromyces aureus
WP_096794117	Bacteria; Proteobacteria; Gammaproteobacteria; Alteromonadales; Pseudoalteromonadaceae; Pseudoalteromonas; unclassified Pseudoalteromonas
WP_049397406	Bacteria; Proteobacteria; Gammaproteobacteria; Xanthomonadales; Xanthomonadaceae; Stenotrophomonas; Stenotrophomonas maltophilia
WP_088024229	Bacteria; Proteobacteria; Gammaproteobacteria; Xanthomonadales; Xanthomonadaceae; Stenotrophomonas; Stenotrophomonas maltophilia
WP_099556556	Bacteria; Proteobacteria; Alphaproteobacteria; Rhizobiales; unclassified Rhizobiales; Hartmannibacter; Hartmannibacter diazotrophicus
NP_239944	Bacteria; Proteobacteria; Gammaproteobacteria; Enterobacterales; Erwiniaceae; Buchnera; Buchnera aphidicola; Buchnera aphidicola Acyrthosiphon pisum
WP_076004240	Bacteria; Chloroflexi; Dehalococcoidia; Dehalogenimonas
WP_096380114	Bacteria; Actinobacteria; Actinobacteria; Micrococcales; Microbacteriaceae; Aurantimicrobium; Aurantimicrobium minutum
WP_078087745	Bacteria; Proteobacteria; Gammaproteobacteria; Oceanospirillales; Halomonadaceae; Halomonas
YP_003317523	Bacteria; Synergistetes; Synergistia; Synergistales; Synergistaceae; Thermanaerovibrio; Thermanaerovibrio acidaminovorans
WP_085752258	Bacteria; Proteobacteria; Betaproteobacteria; Burkholderiales; unclassified Burkholderiales; Burkholderiales Genera incertae sedis; Rhizobacter; Rhizobacter gummiphilus
WP_087460057	Bacteria; Proteobacteria; Gammaproteobacteria; Oceanospirillales; Oleiphilaceae; Oleiphilus; Oleiphilus messinensis
WP_013256053	Bacteria; Spirochaetes; Spirochaetia; Spirochaetales; Spirochaetaceae; Sediminispirochaeta; Sediminispirochaeta smaragdinae
WP_075433172	Bacteria; Proteobacteria; Gammaproteobacteria; Enterobacterales; Erwiniaceae; Buchnera; Buchnera aphidicola
WP_086161607	Bacteria; Actinobacteria; Actinobacteria; Streptomycetales; Streptomycetaceae; Streptomyces; unclassified Streptomyces
WP_096041609	Bacteria; Proteobacteria; Gammaproteobacteria; Alteromonadales; Pseudoalteromonadaceae; Pseudoalteromonas; Pseudoalteromonas agarivorans
WP_096922884	Bacteria; Proteobacteria; Gammaproteobacteria; Oceanospirillales; Halomonadaceae; Halomonas; Halomonas hydrothermalis
NP_214170	Bacteria; Aquificae; Aquificae; Aquificales; Aquificaceae; Aquifex; Aquifex aeolicus
WP_072572374	Bacteria; Proteobacteria; Alphaproteobacteria; Rhodospirillales; Acetobacteraceae; Granulibacter; Granulibacter bethesdensis
NP_301472	Bacteria; Actinobacteria; Actinobacteria; Corynebacteriales; Mycobacteriaceae; Mycobacterium; Mycobacterium leprae
WP_096394039	Archaea; Euryarchaeota; Halobacteria; Haloferacales; Halorubraceae; Halorubrum; Halorubrum trapanicum
NP_819676	Bacteria; Proteobacteria; Gammaproteobacteria; Legionellales; Coxiellaceae; Coxiella; Coxiella burnetii
WP_086928446	Bacteria; Proteobacteria; Betaproteobacteria; Burkholderiales; Comamonadaceae; Acidovorax; Acidovorax carolinensis
WP_086043053	Bacteria; Firmicutes; Bacilli; Bacillales; Staphylococcaceae; Macrococcus; Macrococcus canis
WP_075774219	Bacteria; Proteobacteria; Alphaproteobacteria; Rhodobacterales; Rhodobacteraceae; Thioclava
WP_086038997	Bacteria; Firmicutes; Bacilli; Bacillales; Staphylococcaceae; Macrococcus; Macrococcus caseolyticus
WP_078478561	Bacteria; Proteobacteria; Gammaproteobacteria; Pseudomonadales; Pseudomonadaceae; Pseudomonas
WP_085387972	Bacteria; Actinobacteria; Actinobacteria; Micrococcales; Promicromonosporaceae; Cellulosimicrobium; unclassified Cellulosimicrobium
WP_096076090	Bacteria; Firmicutes; Bacilli; Bacillales; Staphylococcaceae; Macrococcus
WP_079404340	Bacteria; Actinobacteria; Actinobacteria; Streptomycetales; Streptomycetaceae; Streptomyces; unclassified Streptomyces
WP_074060780	Bacteria; Proteobacteria; Alphaproteobacteria; Rhizobiales; Rhizobiaceae; Rhizobium
WP_074067318	Bacteria; Proteobacteria; Alphaproteobacteria; Rhizobiales; Rhizobiaceae; Rhizobium; Rhizobium gallicum
WP_081149633	Bacteria; Proteobacteria; Gammaproteobacteria; Alteromonadales; Colwelliaceae; Colwellia; Colwellia beringensis
WP_025103905	Bacteria; Actinobacteria; Micrococcales; Microbacteriaceae; Microbacterium
WP_075731132	Bacteria; Actinobacteria; Actinobacteria; Corynebacteriales; Corynebacteriaceae; Corynebacterium; Corynebacterium flavescens
WP_104822619	Bacteria; Proteobacteria; Alphaproteobacteria; Rhizobiales; Rhizobiaceae; Rhizobium; unclassified Rhizobium
NP_208365	Bacteria; Proteobacteria; Epsilonproteobacteria; Campylobacterales; Helicobacteraceae; Helicobacter; Helicobacter pylori
WP_104838981	Bacteria; Proteobacteria; Alphaproteobacteria; Rhizobiales; Rhizobiaceae; Sinorhizobium; Sinorhizobium fredii
YP_002825503	Bacteria; Proteobacteria; Alphaproteobacteria; Rhizobiales; Rhizobiaceae; Sinorhizobium; Sinorhizobium fredii
WP_098695599	Bacteria; Actinobacteria; Actinobacteria; Corynebacteriales; Nocardiaceae; Nocardia; Nocardia terpenica
WP_081178201	Bacteria; Proteobacteria; Gammaproteobacteria; Alteromonadales; Colwelliaceae; Colwellia; unclassified Colwellia
WP_077297062	Bacteria; Proteobacteria; Betaproteobacteria; Neisseriales; Chromobacteriaceae; Aquaspirillum; unclassified Aquaspirillum
WP_077733851	Bacteria; Proteobacteria; Betaproteobacteria; Burkholderiales; Alcaligenaceae; Paenalcaligenes; Paenalcaligenes hominis
YP_001326510	Bacteria; Proteobacteria; Alphaproteobacteria; Rhizobiales; Rhizobiaceae; Sinorhizobium; Sinorhizobium medicae
WP_087747997	Bacteria; Proteobacteria; Betaproteobacteria; Burkholderiales; Comamonadaceae; Acidovorax
WP_096749583	Bacteria; Proteobacteria; Betaproteobacteria; Burkholderiales; Burkholderiaceae; Burkholderia
WP_085859129	Bacteria; Proteobacteria; Alphaproteobacteria; Rhizobiales; Rhizobiaceae; Rhizobium
WP_077140835	Bacteria; Firmicutes; Bacilli; Bacillales; Staphylococcaceae; Auricoccus; Auricoccus indicus
WP_075380886	Bacteria; Proteobacteria; Alphaproteobacteria; Rhizobiales; Methylobacteriaceae; Methylobacterium; Methylobacterium phyllosphaerae
NP_385317	Bacteria; Proteobacteria; Alphaproteobacteria; Rhizobiales; Rhizobiaceae; Sinorhizobium; Sinorhizobium meliloti
WP_095434455	Bacteria; Proteobacteria; Alphaproteobacteria; Rhizobiales; Rhizobiaceae; Rhizobium; unclassified Rhizobium
WP_094397246	Bacteria; Firmicutes; Clostridia; Thermoanaerobacterales; Thermoanaerobacterales Family III. Incertae Sedis; Thermoanaerobacterium; Thermoanaerobacterium thermosaccharolyticum
WP_078197504	Bacteria; Proteobacteria; Betaproteobacteria; Burkholderiales; Burkholderiaceae; Cupriavidus; Cupriavidus necator
WP_087929007	Bacteria; Actinobacteria; Actinobacteria; Streptomycetales; Streptomycetaceae; Streptomyces; Streptomyces albireticuli
WP_098241220	Bacteria; Actinobacteria; Actinobacteria; Streptomycetales; Streptomycetaceae; Streptomyces; Streptomyces formicae
WP_049074535	Bacteria; Proteobacteria; Betaproteobacteria; Burkholderiales; Alcaligenaceae; Achromobacter
WP_078078369	Bacteria; Actinobacteria; Actinobacteria; Streptomycetales; Streptomycetaceae; Streptomyces; Streptomyces niveus
WP_099337701	Bacteria; Proteobacteria; Gammaproteobacteria; Pseudomonadales; Moraxellaceae; Acinetobacter; unclassified Acinetobacter
WP_078718991	Bacteria; Proteobacteria; Alphaproteobacteria; Rhizobiales; Bartonellaceae; Bartonella
WP_100259619	Bacteria; Proteobacteria; Alphaproteobacteria; Sphingomonadales; Erythrobacteraceae; Erythrobacter; Erythrobacter seohaensis
NP_419703	Bacteria; Proteobacteria; Alphaproteobacteria; Caulobacterales; Caulobacteraceae; Caulobacter; Caulobacter vibrioides
WP_096525730	Bacteria; Elusimicrobia; Endomicrobia; Endomicrobiales; Endomicrobiaceae; Endomicrobium
WP_072606443	Bacteria; Proteobacteria; Alphaproteobacteria; Rhizobiales; Phyllobacteriaceae; Mesorhizobium; Mesorhizobium oceanicum
WP_078986955	Bacteria; Chloroflexi; Dehalococcoidia; Dehalococcoidales; Dehalococcoidaceae; Dehalococcoides; Dehalococcoides mccartyi
WP_098193876	Bacteria; Bacteroidetes; Chitinophagia; Chitinophagales; Chitinophagaceae; Chitinophaga; Chitinophaga caeni
YP_207882	Bacteria; Proteobacteria; Betaproteobacteria; Neisseriales; Neisseriaceae; Neisseria; Neisseria gonorrhoeae
WP_088448184	Bacteria; Proteobacteria; Betaproteobacteria; Burkholderiales; Alcaligenaceae; Achromobacter; Achromobacter denitrificans
WP_087741320	Bacteria; Firmicutes; Bacilli; Lactobacillales; Lactobacillaceae; Lactobacillus; Lactobacillus zymae
WP_096476808	Bacteria; Chloroflexi; Dehalococcoidia; Dehalococcoidales; Dehalococcoidaceae; Dehalococcoides; Dehalococcoides mccartyi
WP_099781486	Bacteria; Proteobacteria; Alphaproteobacteria; Rhodospirillales; Acetobacteraceae; Roseomonas; unclassified Roseomonas
WP_103827510	Bacteria; Proteobacteria; Gammaproteobacteria; Aeromonadales; Aeromonadaceae; Aeromonas
WP_096297236	Bacteria; Proteobacteria; Gammaproteobacteria; Xanthomonadales; Xanthomonadaceae; Luteimonas
WP_098969522	Bacteria; Proteobacteria; Gammaproteobacteria; Aeromonadales; Aeromonadaceae; Aeromonas; unclassified Aeromonas
WP_096052239	Bacteria; Proteobacteria; Alphaproteobacteria; Caulobacterales; Caulobacteraceae; Caulobacter; Caulobacter vibrioides
WP_095012695	Bacteria; Proteobacteria; Alphaproteobacteria; Sphingomonadales; Erythrobacteraceae; Altererythrobacter; Altererythrobacter mangrovi
WP_100645768	Bacteria; Proteobacteria; Gammaproteobacteria; Aeromonadales; Aeromonadaceae; Aeromonas; Aeromonas veronii
WP_077975457	Bacteria; Chloroflexi; Dehalococcoidia; Dehalococcoidales; Dehalococcoidaceae; Dehalococcoides; Dehalococcoides mccartyi
WP_086913743	Bacteria; Proteobacteria; Betaproteobacteria; Burkholderiales; Comamonadaceae; Acidovorax; Acidovorax carolinensis
WP_096376916	Bacteria; Proteobacteria; Gammaproteobacteria; Xanthomonadales; Xanthomonadaceae; Lysobacter; Lysobacter enzymogenes
YP_004143637	Bacteria; Proteobacteria; Alphaproteobacteria; Rhizobiales; Phyllobacteriaceae; Mesorhizobium; Mesorhizobium ciceri; Mesorhizobium ciceri biovar biserrulae
WP_075798071	Bacteria; Proteobacteria; Alphaproteobacteria; Rhodospirillales; Acetobacteraceae; Roseomonas; Roseomonas gilardii
YP_856640	Bacteria; Proteobacteria; Gammaproteobacteria; Aeromonadales; Aeromonadaceae; Aeromonas; Aeromonas hydrophila; Aeromonas hydrophila subsp. hydrophila
WP_078706119	Bacteria; Proteobacteria; Alphaproteobacteria; Rhizobiales; Bartonellaceae; Bartonella; unclassified Bartonella
WP_089672445	Archaea; Euryarchaeota; Halobacteria; Haloferacales; Halorubraceae; Halohasta; Halohasta litchfieldiae
WP_078673709	Bacteria; Proteobacteria; Alphaproteobacteria; Rhizobiales; Bartonellaceae; Bartonella
WP_080058591	Bacteria; Bacteroidetes; Cytophagia; Cytophagales; Cytophagaceae; Spirosoma; Spirosoma aerolatum
NP_274271	Bacteria; Proteobacteria; Betaproteobacteria; Neisseriales; Neisseriaceae; Neisseria; Neisseria meningitidis; Neisseria meningitidis serogroup B
WP_098984145	Bacteria; Proteobacteria; Gammaproteobacteria; Aeromonadales; Aeromonadaceae; Aeromonas; unclassified Aeromonas
WP_094098936	Bacteria; Proteobacteria; Betaproteobacteria; Burkholderiales; Comamonadaceae; Acidovorax; Acidovorax carolinensis
WP_078525498	Bacteria; Proteobacteria; Alphaproteobacteria; Rhodospirillales; Acetobacteraceae; Komagataeibacter; Komagataeibacter nataicola
WP_078688505	Bacteria; Proteobacteria; Alphaproteobacteria; Rhizobiales; Bartonellaceae; Bartonella
WP_096032687	Bacteria; Proteobacteria; Alphaproteobacteria; Caulobacterales; Caulobacteraceae; Caulobacter; Caulobacter vibrioides
WP_100653663	Bacteria; Proteobacteria; Gammaproteobacteria; Aeromonadales; Aeromonadaceae; Aeromonas; Aeromonas veronii
WP_077031442	Bacteria; Proteobacteria; Alphaproteobacteria; Sphingomonadales; Sphingomonadaceae; Sphingopyxis; unclassified Sphingopyxis
WP_096450422	Bacteria; Proteobacteria; Betaproteobacteria; Rhodocyclales; Zoogloeaceae; Thauera; unclassified Thauera
WP_086891451	Bacteria; Actinobacteria; Actinobacteria; Corynebacteriales; Corynebacteriaceae; Corynebacterium; Corynebacterium striatum
NP_439755	Bacteria; Proteobacteria; Gammaproteobacteria; Pasteurellales; Pasteurellaceae; Haemophilus; Haemophilus influenzae
WP_096378466	Bacteria; Bacteroidetes; Flavobacteriia; Flavobacteriales; Blattabacteriaceae; Blattabacterium; Blattabacterium cuenoti
WP_099999396	Bacteria; Proteobacteria; Alphaproteobacteria; Rhizobiales; Phyllobacteriaceae; Phyllobacterium; Phyllobacterium zundukense
WP_013874495	Bacteria; Actinobacteria; Frankiales; Frankiaceae; Frankia
NP_881461	Bacteria; Proteobacteria; Betaproteobacteria; Burkholderiales; Alcaligenaceae; Bordetella; Bordetella pertussis
WP_072537247	Bacteria; Firmicutes; Tissierellia; Tissierellales; Peptoniphilaceae; Anaerococcus; Anaerococcus mediterraneensis
WP_090836101	Bacteria; Proteobacteria; Betaproteobacteria; Burkholderiales; Burkholderiaceae; Paraburkholderia; Paraburkholderia hospita
WP_075147593	Bacteria; Proteobacteria; Betaproteobacteria; Rhodocyclales; Zoogloeaceae; Thauera; Thauera chlorobenzoica
WP_076809400	Bacteria; Actinobacteria; Actinobacteria; Micrococcales; Dermabacteraceae; Brachybacterium; unclassified Brachybacterium
WP_096801702	Bacteria; Actinobacteria; Actinobacteria; Micrococcales; Dermabacteraceae; Brachybacterium; unclassified Brachybacterium
WP_072558587	Bacteria; Proteobacteria; Alphaproteobacteria; Sphingomonadales; Sphingomonadaceae; Sphingopyxis; unclassified Sphingopyxis
YP_109221	Bacteria; Proteobacteria; Betaproteobacteria; Burkholderiales; Burkholderiaceae; Burkholderia; Burkholderia pseudomallei
WP_094562791	Bacteria; Proteobacteria; Betaproteobacteria; Burkholderiales; Oxalobacteraceae; Herbaspirillum; unclassified Herbaspirillum
WP_089035156	Bacteria; Proteobacteria; Betaproteobacteria; Neisseriales; Neisseriaceae; Neisseria; Neisseria chenwenguii
WP_096742970	Bacteria; Proteobacteria; Gammaproteobacteria; Pasteurellales; Pasteurellaceae; Pasteurella; Pasteurella multocida
YP_006968351	Bacteria; Proteobacteria; Betaproteobacteria; Burkholderiales; Alcaligenaceae; Bordetella; Bordetella bronchiseptica
YP_003153484	Bacteria; Actinobacteria; Actinobacteria; Micrococcales; Dermabacteraceae; Brachybacterium; Brachybacterium faecium
WP_085363635	Bacteria; Proteobacteria; Betaproteobacteria; Neisseriales; Neisseriaceae; Neisseria; Neisseria zoodegmatis
WP_077751587	Bacteria; Proteobacteria; Gammaproteobacteria; Alteromonadales; Shewanellaceae; Shewanella; Shewanella psychrophila
YP_095211	Bacteria; Proteobacteria; Gammaproteobacteria; Legionellales; Legionellaceae; Legionella; Legionella pneumophila; Legionella pneumophila subsp. pneumophila
WP_096800829	Bacteria; Actinobacteria; Actinobacteria; Micrococcales; Dermabacteraceae; Brachybacterium; Brachybacterium ginsengisoli
WP_080915701	Bacteria; Proteobacteria; Gammaproteobacteria; Alteromonadales; Shewanellaceae; Shewanella; Shewanella japonica
WP_083172472	Bacteria; Proteobacteria; Gammaproteobacteria; Enterobacterales; Enterobacteriaceae; unclassified Enterobacteriaceae; ant, tsetse, mealybug, aphid, etc. endosymbionts; mealybug secondary endosymbionts
WP_079218526	Bacteria; Proteobacteria; Betaproteobacteria; Burkholderiales; Oxalobacteraceae; Herbaspirillum; Herbaspirillum robiniae
WP_089065067	Bacteria; Actinobacteria; Actinobacteria; Micrococcales; Dermabacteraceae; Brachybacterium; unclassified Brachybacterium
WP_094091127	Bacteria; Proteobacteria; Gammaproteobacteria; Legionellales; Legionellaceae; Legionella; Legionella clemsonensis
WP_086093788	Bacteria; Proteobacteria; Betaproteobacteria; Burkholderiales; Alcaligenaceae; Bordetella
WP_095418466	Bacteria; Proteobacteria; Betaproteobacteria; Burkholderiales; Burkholderiaceae; Paraburkholderia; Paraburkholderia aromaticivorans
WP_049062367	Bacteria; Actinobacteria; Corynebacteriales; Corynebacteriaceae; Corynebacterium
WP_094070136	Bacteria; Proteobacteria; Alphaproteobacteria; Rhodobacterales; Rhodobacteraceae; Labrenzia; unclassified Labrenzia
WP_072638862	Bacteria; Proteobacteria; Alphaproteobacteria; Rhizobiales; Rhizobiaceae; Rhizobium; Rhizobium leguminosarum
WP_072625273	Bacteria; Actinobacteria; Actinobacteria; Micrococcales; Intrasporangiaceae; Janibacter; Janibacter indicus
WP_077807335	Bacteria; Proteobacteria; Alphaproteobacteria; Rhodospirillales; Acetobacteraceae; Neoasaia; Neoasaia chiangmaiensis
WP_088904592	Bacteria; Proteobacteria; Gammaproteobacteria; Alteromonadales; Shewanellaceae; Shewanella; Shewanella marisflavi
WP_095673351	Bacteria; Actinobacteria; Actinobacteria; Candidatus Nanopelagicales; Candidatus Nanopelagicaceae; Candidatus Planktophila
WP_075726294	Bacteria; Actinobacteria; Actinobacteria; Corynebacteriales; Corynebacteriaceae; Corynebacterium; Corynebacterium aquilae
WP_088871454	Bacteria; Proteobacteria; Alphaproteobacteria; Rhodospirillales; Rhodospirillaceae; Nitrospirillum; Nitrospirillum amazonense
YP_006897484	Bacteria; Proteobacteria; Betaproteobacteria; Burkholderiales; Alcaligenaceae; Bordetella; Bordetella parapertussis
WP_100257780	Bacteria; Proteobacteria; Gammaproteobacteria; Oceanospirillales; Saccharospirillaceae; Reinekea; Reinekea forsetii
WP_072598345	Bacteria; Proteobacteria; Alphaproteobacteria; Sphingomonadales; Sphingomonadaceae; Tardibacter; Tardibacter chloracetimidivorans
WP_064011427	Bacteria; Thermotogae; Thermotogae; Thermotogales; Fervidobacteriaceae; Fervidobacterium; Fervidobacterium pennivorans
WP_085777705	Bacteria; Proteobacteria; Alphaproteobacteria; Rhizobiales; Rhizobiaceae; Rhizobium; unclassified Rhizobium
WP_095676000	Bacteria; Actinobacteria; Actinobacteria; Candidatus Nanopelagicales; Candidatus Nanopelagicaceae; Candidatus Planktophila
YP_002344609	Bacteria; Proteobacteria; Epsilonproteobacteria; Campylobacterales; Campylobacteraceae; Campylobacter; Campylobacter jejuni; Campylobacter jejuni subsp. jejuni
NP_797859	Bacteria; Proteobacteria; Gammaproteobacteria; Vibrionales; Vibrionaceae; Vibrio; Vibrio parahaemolyticus
WP_077041521	Bacteria; Actinobacteria; Actinobacteria; Corynebacteriales; Nocardiaceae; Rhodococcus; unclassified Rhodococcus
WP_075150784	Bacteria; Proteobacteria; Alphaproteobacteria; Sphingomonadales; Sphingomonadaceae; Sphingomonas; Sphingomonas koreensis
WP_088880856	Bacteria; Proteobacteria; Gammaproteobacteria; Vibrionales; Vibrionaceae; Vibrio; Vibrio rotiferianus
WP_025402727	Bacteria; Actinobacteria; Actinobacteria; Corynebacteriales; Corynebacteriaceae; Corynebacterium; Corynebacterium falsenii
WP_095692354	Bacteria; Actinobacteria; Actinobacteria; Candidatus Nanopelagicales; Candidatus Nanopelagicaceae; Candidatus Planktophila
WP_080882032	Bacteria; Firmicutes; Bacilli; Lactobacillales; Lactobacillaceae; Lactobacillus; Lactobacillus amylolyticus
NP_354187	Bacteria; Proteobacteria; Alphaproteobacteria; Rhizobiales; Rhizobiaceae; Agrobacterium; Agrobacterium fabrum
WP_085736817	Bacteria; Proteobacteria; Alphaproteobacteria; Rhizobiales; Rhizobiaceae; Rhizobium
WP_095674612	Bacteria; Actinobacteria; Actinobacteria; Candidatus Nanopelagicales; Candidatus Nanopelagicaceae; Candidatus Planktophila
WP_095684541	Bacteria; Actinobacteria; Actinobacteria; Candidatus Nanopelagicales; Candidatus Nanopelagicaceae; Candidatus Planktophila
WP_095693479	Bacteria; Actinobacteria; Actinobacteria; Candidatus Nanopelagicales; Candidatus Nanopelagicaceae; Candidatus Planktophila
WP_078607118	Bacteria; Proteobacteria; Gammaproteobacteria; Vibrionales; Vibrionaceae; Vibrio; Vibrio owensii
WP_095696102	Bacteria; Actinobacteria; Actinobacteria; Candidatus Nanopelagicales; Candidatus Nanopelagicaceae; Candidatus Planktophila
WP_086255647	Bacteria; Proteobacteria; Epsilonproteobacteria; Campylobacterales; Campylobacteraceae; Campylobacter
WP_078639816	Bacteria; Actinobacteria; Actinobacteria; Streptomycetales; Streptomycetaceae; Streptomyces; Streptomyces hygroscopicus
WP_095696903	Bacteria; Actinobacteria; Actinobacteria; Candidatus Nanopelagicales; Candidatus Nanopelagicaceae; Candidatus Planktophila
WP_095592695	Bacteria; Proteobacteria; Gammaproteobacteria; Aeromonadales; Aeromonadaceae; Aeromonas; Aeromonas dhakensis
WP_076593764	Bacteria; Proteobacteria; Betaproteobacteria; Burkholderiales; Oxalobacteraceae; Herminiimonas; Herminiimonas arsenitoxidans
WP_086049414	Bacteria; Proteobacteria; Gammaproteobacteria; Vibrionales; Vibrionaceae; Vibrio; Vibrio alginolyticus
WP_095531638	Bacteria; Actinobacteria; unclassified Actinobacteria
WP_084208141	Bacteria; Proteobacteria; Gammaproteobacteria; Oceanospirillales; Halomonadaceae; Cobetia
WP_096779183	Bacteria; Proteobacteria; Gammaproteobacteria; Aeromonadales; Aeromonadaceae; Zobellella; Zobellella denitrificans
WP_084441429	Bacteria; Actinobacteria; Actinobacteria; Micrococcales; Dermatophilaceae; Dermatophilus; Dermatophilus congolensis
WP_100692016	Bacteria; Proteobacteria; Gammaproteobacteria; Alteromonadales; Idiomarinaceae; Idiomarina; unclassified Idiomarina
WP_096047250	Bacteria; Proteobacteria; Epsilonproteobacteria; Campylobacterales; Campylobacteraceae; Sulfurospirillum; unclassified Sulfurospirillum
WP_101709827	Bacteria; Proteobacteria; Betaproteobacteria; Neisseriales; Chromobacteriaceae; Chromobacterium; unclassified Chromobacterium
WP_075996084	Bacteria; Proteobacteria; Alphaproteobacteria; Rhizobiales; Phyllobacteriaceae; Nitratireductor; Nitratireductor basaltis
WP_077971236	Bacteria; Proteobacteria; Alphaproteobacteria; Rhizobiales; Bartonellaceae; Bartonella; Bartonella apis
WP_089133736	Bacteria; Proteobacteria; Alphaproteobacteria; Sphingomonadales; Sphingomonadaceae; Sphingorhabdus; unclassified Sphingorhabdus
WP_086901500	Bacteria; Proteobacteria; Gammaproteobacteria; Oceanospirillales; Halomonadaceae; Kushneria; Kushneria marisflavi
WP_095677566	Bacteria; Actinobacteria; Actinobacteria; Candidatus Nanopelagicales; Candidatus Nanopelagicaceae; Candidatus Planktophila
WP_079558234	Bacteria; Bacteroidetes; Bacteroidia; Marinilabiliales; Marinilabiliaceae; Alkalitalea; Alkalitalea saponilacus
WP_011664225	Bacteria; Proteobacteria; Alphaproteobacteria; Rhizobiales; Bradyrhizobiaceae; Rhodopseudomonas; Rhodopseudomonas palustris
WP_095528089	Bacteria; Actinobacteria; unclassified Actinobacteria
WP_075473906	Bacteria; Proteobacteria; Gammaproteobacteria; Enterobacterales; Erwiniaceae; Buchnera; Buchnera aphidicola
WP_100093173	Bacteria; Proteobacteria; Alphaproteobacteria; Sphingomonadales; Sphingomonadaceae; Sphingorhabdus; unclassified Sphingorhabdus
WP_104814699	Bacteria; Actinobacteria; Actinobacteria; Streptomycetales; Streptomycetaceae; Kitasatospora; unclassified Kitasatospora
WP_076931559	Bacteria; Bacteroidetes; Bacteroidia; Bacteroidales; Dysgonamonadaceae; Proteiniphilum; Proteiniphilum saccharofermentans
WP_087908112	Bacteria; Firmicutes; Bacilli; Lactobacillales; Lactobacillaceae; Lactobacillus; Lactobacillus fermentum
NP_771670	Bacteria; Proteobacteria; Alphaproteobacteria; Rhizobiales; Bradyrhizobiaceae; Bradyrhizobium; Bradyrhizobium diazoefficiens
WP_072666471	Bacteria; Proteobacteria; Gammaproteobacteria; Enterobacterales; Erwiniaceae; Erwinia
YP_001635798	Bacteria; Chloroflexi; Chloroflexia; Chloroflexales; Chloroflexineae; Chloroflexaceae; Chloroflexus
WP_076770592	Bacteria; Proteobacteria; Alphaproteobacteria; Rhizobiales; Brucellaceae; Brucella
WP_086623000	Bacteria; Proteobacteria; Gammaproteobacteria; Oceanospirillales; Halomonadaceae; Kushneria; Kushneria konosiri
WP_077510586	Bacteria; Proteobacteria; Alphaproteobacteria; Sphingomonadales; Sphingomonadaceae; Sphingomonas; unclassified Sphingomonas
WP_100282868	Bacteria; Proteobacteria; Alphaproteobacteria; Sphingomonadales; Sphingomonadaceae; Sphingomonas; unclassified Sphingomonas
WP_095671383	Bacteria; Actinobacteria; Actinobacteria; Candidatus Nanopelagicales; Candidatus Nanopelagicaceae; Candidatus Planktophila
WP_084263796	Bacteria; Actinobacteria; Rubrobacteria; Rubrobacterales; Rubrobacteraceae; Rubrobacter; Rubrobacter radiotolerans
YP_204797	Bacteria; Proteobacteria; Gammaproteobacteria; Vibrionales; Vibrionaceae; Aliivibrio; Aliivibrio fischeri
WP_089195514	Bacteria; Proteobacteria; Gammaproteobacteria; Enterobacterales; Yersiniaceae; Serratia; Serratia marcescens
WP_095689350	Bacteria; Actinobacteria; Actinobacteria; Candidatus Nanopelagicales; Candidatus Nanopelagicaceae; Candidatus Planktophila
WP_097384720	Bacteria; Proteobacteria; Alphaproteobacteria; Sphingomonadales; Sphingomonadaceae; Sphingobium; Sphingobium yanoikuyae
WP_088768072	Bacteria; Proteobacteria; Gammaproteobacteria; Alteromonadales; Idiomarinaceae; Idiomarina; Idiomarina piscisalsi
WP_087439231	Bacteria; Proteobacteria; Epsilonproteobacteria; Campylobacterales; Campylobacteraceae; Sulfurospirillum
WP_095446394	Bacteria; Proteobacteria; Alphaproteobacteria; Rhizobiales; Brucellaceae; Ochrobactrum; Ochrobactrum quorumnocens
WP_089186919	Bacteria; Proteobacteria; Gammaproteobacteria; Enterobacterales
WP_079211736	Bacteria; Proteobacteria; Alphaproteobacteria; Rhizobiales; Brucellaceae; Ochrobactrum; Ochrobactrum pituitosum
WP_077991954	Bacteria; Proteobacteria; Alphaproteobacteria; Rhizobiales; Bartonellaceae; Bartonella; Bartonella apis
WP_076797927	Bacteria; Actinobacteria; Actinobacteria; Micrococcales; Micrococcaceae; Arthrobacter; unclassified Arthrobacter
YP_170578	Bacteria; Proteobacteria; Gammaproteobacteria; Thiotrichales; Francisellaceae; Francisella; Francisella tularensis; Francisella tularensis subsp. tularensis
WP_102245628	Bacteria; Proteobacteria; Betaproteobacteria; Rhodocyclales; Zoogloeaceae; Azoarcus; unclassified Azoarcus
WP_096405119	Bacteria; Bacteroidetes; Bacteroidia; Bacteroidales; Prevotellaceae; Prevotella; Prevotella intermedia
WP_085259560	Bacteria; Actinobacteria; Actinobacteria; Corynebacteriales; Mycobacteriaceae; Mycolicibacter; Mycolicibacter terrae
WP_080617048	Bacteria; Proteobacteria; Alphaproteobacteria; Rhodobacterales; Rhodobacteraceae; Rhodovulum; unclassified Rhodovulum
WP_077131768	Bacteria; Bacteroidetes; Cytophagia; Cytophagales; Cytophagaceae; Spirosoma; Spirosoma montaniterrae
WP_100018758	Bacteria; Bacteroidetes; Bacteroidia; Bacteroidales; Prevotellaceae; Prevotella; Prevotella intermedia
WP_100277248	Bacteria; Proteobacteria; Zetaproteobacteria; Mariprofundales; Mariprofundaceae; Mariprofundus; Mariprofundus aestuarium
WP_076389566	Bacteria; Actinobacteria; Actinobacteria; Propionibacteriales; Propionibacteriaceae; Propionimicrobium; unclassified Propionimicrobium
WP_100022355	Bacteria; Bacteroidetes; Bacteroidia; Bacteroidales; Prevotellaceae; Prevotella; Prevotella intermedia
WP_013422872	Bacteria; Actinobacteria; Actinobacteria; Frankiales; Frankiaceae; Frankia; Frankia inefficax
WP_096385050	Bacteria; Cyanobacteria; Pleurocapsales; Dermocarpellaceae; Stanieria; unclassified Stanieria
WP_096057858	Bacteria; Verrucomicrobia; Opitutae; Opitutales; Opitutaceae; Nibricoccus; Nibricoccus aquaticus
WP_099983375	Bacteria; Bacteroidetes; Bacteroidia; Bacteroidales; Prevotellaceae; Prevotella; Prevotella intermedia
WP_097372784	Bacteria; Proteobacteria; Alphaproteobacteria; Rhodobacterales; Rhodobacteraceae; Celeribacter; Celeribacter manganoxidans
WP_086089947	Bacteria; Proteobacteria; Alphaproteobacteria; Rhizobiales; unclassified Rhizobiales; Pseudorhodoplanes; Pseudorhodoplanes sinuspersici
WP_100265638	Bacteria; Proteobacteria; Zetaproteobacteria; Mariprofundales; Mariprofundaceae; Mariprofundus; Mariprofundus ferrinatatus
WP_088771861	Bacteria; Proteobacteria; Gammaproteobacteria; Thiotrichales; Francisellaceae; Francisella; Francisella halioticida
YP_009358784	Bacteria; Actinobacteria; Actinobacteria; Corynebacteriales; Mycobacteriaceae; Mycobacterium; Mycobacterium tuberculosis; Mycobacterium tuberculosis variant bovis
WP_088820666	Bacteria; Proteobacteria; Gammaproteobacteria; Thiotrichales; Francisellaceae; Francisella; Francisella noatunensis
WP_096356895	Bacteria; Proteobacteria; Alphaproteobacteria; Rhizobiales; Bradyrhizobiaceae; Variibacter; Variibacter gotjawalensis
WP_094104203	Bacteria; Firmicutes; Bacilli; Lactobacillales; Lactobacillaceae; Pediococcus; Pediococcus pentosaceus
WP_080442921	Bacteria; Firmicutes; Clostridia; Clostridiales; Clostridiaceae; Clostridium; Clostridium botulinum
WP_100014311	Bacteria; Bacteroidetes; Bacteroidia; Bacteroidales; Prevotellaceae; Prevotella; Prevotella intermedia
WP_086962921	Bacteria; Proteobacteria; Gammaproteobacteria; Aeromonadales; Aeromonadaceae; Oceanisphaera; Oceanisphaera avium
WP_087034327	Bacteria; Proteobacteria; Gammaproteobacteria; Aeromonadales; Aeromonadaceae; Oceanisphaera; Oceanisphaera profunda
WP_087461959	Bacteria; Proteobacteria; Gammaproteobacteria; Oceanospirillales; Oleiphilaceae; Oleiphilus; Oleiphilus messinensis
WP_099779180	Bacteria; Bacteroidetes; Bacteroidia; Bacteroidales; Porphyromonadaceae; Porphyromonas; Porphyromonas gingivalis
WP_096439376	Bacteria; Actinobacteria; Actinobacteria; Corynebacteriales; Mycobacteriaceae; Mycobacterium; Mycobacterium shigaense
WP_088769686	Bacteria; Firmicutes; Bacilli; Lactobacillales; Lactobacillaceae; Lactobacillus; Lactobacillus pentosus
YP_100036	Bacteria; Bacteroidetes; Bacteroidia; Bacteroidales; Bacteroidaceae; Bacteroides; Bacteroides fragilis
WP_095688466	Bacteria; Actinobacteria; Actinobacteria; Candidatus Nanopelagicales; Candidatus Nanopelagicaceae; Candidatus Nanopelagicus
NP_636087	Bacteria; Proteobacteria; Gammaproteobacteria; Xanthomonadales; Xanthomonadaceae; Xanthomonas; Xanthomonas campestris; Xanthomonas campestris pv. campestris
YP_001388599	Bacteria; Firmicutes; Clostridia; Clostridiales; Clostridiaceae; Clostridium; Clostridium botulinum; Clostridium botulinum A
WP_095686001	Bacteria; Actinobacteria; Actinobacteria; Candidatus Nanopelagicales; Candidatus Nanopelagicaceae; Candidatus Planktophila
WP_087636017	Bacteria; Proteobacteria; Alphaproteobacteria; Rhodospirillales; Acetobacteraceae; Acetobacter; Acetobacter ascendens
NP_625724	Unclassified
WP_104795659	Bacteria; Firmicutes; Bacilli; Lactobacillales; Lactobacillaceae; Lactobacillus; Lactobacillus plantarum
WP_100667564	Bacteria; Firmicutes; Bacilli; Bacillales; Alicyclobacillaceae; Kyrpidia; Kyrpidia spormannii
WP_088364888	Bacteria; Proteobacteria; Alphaproteobacteria; Rhodospirillales; Acetobacteraceae; Acetobacter; Acetobacter pasteurianus
WP_076642475	Bacteria; Firmicutes; Bacilli; Lactobacillales; Lactobacillaceae; Lactobacillus; Lactobacillus plantarum
WP_076714211	Bacteria; Proteobacteria; Alphaproteobacteria; Sphingomonadales; Sphingomonadaceae; Sphingomonas; unclassified Sphingomonas
WP_077496541	Bacteria; Firmicutes; Bacilli; Lactobacillales; Streptococcaceae; Streptococcus; Streptococcus gallolyticus
WP_081535406	Bacteria; Proteobacteria; Alphaproteobacteria; Rhodobacterales; Rhodobacteraceae; Rhodovulum; unclassified Rhodovulum
WP_014521588	Bacteria; Firmicutes; Clostridia; Clostridiales; Clostridiaceae; Clostridium; Clostridium botulinum
NP_711326	Bacteria; Spirochaetes; Spirochaetia; Leptospirales; Leptospiraceae; Leptospira; Leptospira interrogans; Leptospira interrogans serovar Lai
WP_087921512	Bacteria; Proteobacteria; Gammaproteobacteria; Xanthomonadales; Xanthomonadaceae; Stenotrophomonas; unclassified Stenotrophomonas
WP_088371633	Bacteria; Proteobacteria; Gammaproteobacteria; Xanthomonadales; Xanthomonadaceae; Xylella; Xylella fastidiosa
NP_810230	Bacteria; Bacteroidetes; Bacteroidia; Bacteroidales; Bacteroidaceae; Bacteroides; Bacteroides thetaiotaomicron
WP_085773080	Bacteria; Proteobacteria; Alphaproteobacteria; Rhizobiales; Methylocystaceae; Methylocystis; Methylocystis bryophila
WP_095415282	Bacteria; Planctomycetes; Planctomycetia; Planctomycetales; Planctomycetaceae; Thermogutta; Thermogutta terrifontis
WP_077082631	Bacteria; Bacteroidetes; Bacteroidia; Bacteroidales; Porphyromonadaceae; Porphyromonas; Porphyromonas gingivalis
WP_095071604	Bacteria; Bacteroidetes; Flavobacteriia; Flavobacteriales; Flavobacteriaceae; Chryseobacterium; Chryseobacterium taklimakanense
WP_095658289	Bacteria; Actinobacteria; unclassified Actinobacteria
WP_076021659	Bacteria; Proteobacteria; Betaproteobacteria; unclassified Betaproteobacteria; unclassified Betaproteobacteria miscellaneous
WP_077206650	Archaea; Euryarchaeota; Halobacteria; Halobacteriales; Haloarculaceae; Halorientalis; unclassified Halorientalis
WP_077811912	Bacteria; Proteobacteria; Alphaproteobacteria; Rhodospirillales; Acetobacteraceae; Acetobacter; Acetobacter subgen. Acetobacter; Acetobacter aceti
NP_224728	Bacteria; Chlamydiae; Chlamydiia; Chlamydiales; Chlamydiaceae; Chlamydia; Chlamydia pneumoniae
WP_085764447	Bacteria; Firmicutes; Bacilli; Lactobacillales; Lactobacillaceae; Lactobacillus; Lactobacillus plantarum
WP_082840860	Bacteria; Planctomycetes; Planctomycetia; Planctomycetales; Gemmataceae; Gemmata; unclassified Gemmata
WP_049443131	Bacteria; Proteobacteria; Gammaproteobacteria; Xanthomonadales; Xanthomonadaceae; Stenotrophomonas; Stenotrophomonas maltophilia
WP_099841506	Bacteria; Bacteroidetes; Bacteroidia; Bacteroidales; Porphyromonadaceae; Porphyromonas; Porphyromonas gingivalis
WP_077931333	Bacteria; Proteobacteria; Alphaproteobacteria; Rhodospirillales; Acetobacteraceae; Acetobacter; Acetobacter persici
WP_072711137	Bacteria; Proteobacteria; Gammaproteobacteria; Thiotrichales; Francisellaceae; Francisella; Francisella uliginis
WP_079220613	Bacteria; Proteobacteria; Gammaproteobacteria; Xanthomonadales; Xanthomonadaceae; Stenotrophomonas; Stenotrophomonas maltophilia
WP_089179315	Bacteria; Proteobacteria; Alphaproteobacteria; Rhodospirillales; Acetobacteraceae; Acetobacter
WP_020459333	Bacteria; Actinobacteria; Actinobacteria; Frankiales; Frankiaceae; Frankia; unclassified Frankia
YP_887387	Bacteria; Actinobacteria; Actinobacteria; Corynebacteriales; Mycobacteriaceae; Mycolicibacterium; Mycolicibacterium smegmatis
WP_087022916	Bacteria; Actinobacteria; Actinobacteria; Corynebacteriales; Mycobacteriaceae; Mycolicibacterium; Mycolicibacterium aurum
WP_075139955	Bacteria; Firmicutes; Bacilli; Lactobacillales; Lactobacillaceae; Pediococcus; Pediococcus acidilactici
WP_094179996	Bacteria; Actinobacteria; Actinobacteria; Micrococcales; Cellulomonadaceae; Cellulomonas; unclassified Cellulomonas
WP_095911095	Bacteria; Bacteroidetes; Flavobacteriia; Flavobacteriales; Flavobacteriaceae; Capnocytophaga; Capnocytophaga gingivalis
WP_083584931	Bacteria; Chlamydiae; Chlamydiia; Chlamydiales; Chlamydiaceae; Chlamydia; Chlamydia trachomatis
WP_075722899	Bacteria; Actinobacteria; Actinobacteria; Corynebacteriales; Corynebacteriaceae; Corynebacterium; Corynebacterium stationis
WP_087077775	Bacteria; Actinobacteria; Actinobacteria; Corynebacteriales; Mycobacteriaceae; Mycobacterium; Mycobacterium dioxanotrophicus
WP_096311346	Bacteria; Actinobacteria; Actinobacteria; Corynebacteriales; Mycobacteriaceae; Mycobacterium; unclassified Mycobacterium
WP_078019672	Bacteria; Actinobacteria; Actinobacteria; Corynebacteriales; Mycobacteriaceae; Mycolicibacterium; Mycolicibacterium litorale
WP_087542469	Bacteria; Cyanobacteria; Nostocales; unclassified Nostocales; unclassified Nostocales miscellaneous
WP_088564433	Bacteria; Proteobacteria; Oligoflexia; Bdellovibrionales; Bdellovibrionaceae; Bdellovibrio; Bdellovibrio bacteriovorus
WP_087208109	Bacteria; Proteobacteria; Alphaproteobacteria; Rhodobacterales; Rhodobacteraceae; Yoonia; Yoonia vestfoldensis
WP_077282693	Bacteria; Firmicutes; Bacilli; Lactobacillales; Leuconostocaceae; Leuconostoc
WP_095698180	Bacteria; Actinobacteria; Actinobacteria; Candidatus Nanopelagicales; Candidatus Nanopelagicaceae; Candidatus Planktophila
YP_001297239	Bacteria; Bacteroidetes; Flavobacteriia; Flavobacteriales; Flavobacteriaceae; Flavobacterium; Flavobacterium psychrophilum
WP_100075765	Bacteria; Bacteroidetes; Flavobacteriia; Flavobacteriales; Flavobacteriaceae; Chryseobacterium; Chryseobacterium camelliae
WP_096786530	Bacteria; Proteobacteria; Alphaproteobacteria; Rhodobacterales; Rhodobacteraceae; Rhodobacter; unclassified Rhodobacter
WP_083013158	Bacteria; Actinobacteria; Actinobacteria; Corynebacteriales; Mycobacteriaceae; Mycobacteroides; Mycobacteroides saopaulense
WP_096501926	Bacteria; Actinobacteria; Actinobacteria; Corynebacteriales; Mycobacteriaceae; Mycobacteroides; Mycobacterium stephanolepidis
WP_087446387	Bacteria; Proteobacteria; Betaproteobacteria; Nitrosomonadales; Gallionellaceae; Sulfuriferula; unclassified Sulfuriferula
WP_096688188	Bacteria; Cyanobacteria; Nostocales; Calotrichaceae; Calothrix
WP_089029862	Bacteria; Bacteroidetes; Flavobacteriia; Flavobacteriales; Flavobacteriaceae; Chryseobacterium; unclassified Chryseobacterium
WP_080133072	Bacteria; Chlamydiae; Chlamydiia; Chlamydiales; Chlamydiaceae; Chlamydia; Chlamydia suis
WP_095803378	Bacteria; Firmicutes; Bacilli; Lactobacillales; Enterococcaceae; Enterococcus; Enterococcus thailandicus
WP_074966198	Bacteria; Proteobacteria; Alphaproteobacteria; Rhodobacterales; Rhodobacteraceae; Paracoccus; Paracoccus aminovorans
WP_086380101	Bacteria; Chlamydiae; Chlamydiia; Chlamydiales; Chlamydiaceae; Chlamydia; Chlamydia abortus
WP_080622703	Bacteria; Proteobacteria; Alphaproteobacteria; Rhodobacterales; Rhodobacteraceae; Paracoccus; Paracoccus yeei
WP_085373054	Bacteria; Proteobacteria; Alphaproteobacteria; Rhodospirillales; Rhodospirillaceae; Magnetospirillum; unclassified Magnetospirillum
WP_085775531	Bacteria; Bacteroidetes; Flavobacteriia; Flavobacteriales; Flavobacteriaceae; Nonlabens; Nonlabens sediminis
WP_085376633	Bacteria; Proteobacteria; Alphaproteobacteria; Rhodobacterales; Rhodobacteraceae; Paracoccus; Paracoccus contaminans
WP_096788825	Bacteria; Proteobacteria; Alphaproteobacteria; Rhodobacterales; Rhodobacteraceae; Phaeobacter; Phaeobacter piscinae
WP_096593249	Bacteria; Cyanobacteria; Nostocales; Calotrichaceae; Calothrix; unclassified Calothrix
WP_096707061	Bacteria; Proteobacteria; Alphaproteobacteria; Rhodobacterales; Rhodobacteraceae; Phaeobacter; Phaeobacter gallaeciensis
WP_100210576	Bacteria; Bacteroidetes; Flavobacteriia; Flavobacteriales; Flavobacteriaceae; Tenacibaculum; Tenacibaculum maritimum
YP_001703530	Bacteria; Actinobacteria; Actinobacteria; Corynebacteriales; Mycobacteriaceae; Mycobacteroides; Mycobacteroides abscessus
WP_095919561	Bacteria; Bacteroidetes; Flavobacteriia; Flavobacteriales; Flavobacteriaceae; Capnocytophaga; Capnocytophaga canimorsus
WP_099340297	Bacteria; Proteobacteria; Alphaproteobacteria; Pelagibacterales; Candidatus Fonsibacter
WP_080239006	Bacteria; Bacteroidetes; Cytophagia; Cytophagales; Cytophagaceae; Spirosoma; Spirosoma rigui
WP_095917483	Bacteria; Bacteroidetes; Flavobacteriia; Flavobacteriales; Flavobacteriaceae; Capnocytophaga; Capnocytophaga canimorsus
WP_088882245	Archaea; Euryarchaeota; Thermococci; Thermococcales; Thermococcaceae; Thermococcus; unclassified Thermococcus
WP_072504016	Bacteria; Proteobacteria; Alphaproteobacteria; Rhodobacterales; Rhodobacteraceae; Phaeobacter; Phaeobacter porticola
WP_075663762	Bacteria; Actinobacteria; Actinobacteria; Corynebacteriales; Corynebacteriaceae; Corynebacterium; Corynebacterium frankenforstense
WP_076579626	Archaea; Euryarchaeota; Halobacteria; Natrialbales; Natrialbaceae; Haloterrigena; Haloterrigena daqingensis
WP_076347575	Bacteria; Planctomycetes; Planctomycetia; Planctomycetales; Isosphaeraceae; Paludisphaera; Paludisphaera borealis
WP_088161077	Bacteria; Bacteroidetes; Sphingobacteriia; Sphingobacteriales; Sphingobacteriaceae; Sphingobacterium; unclassified Sphingobacterium
WP_086908162	Archaea; Thaumarchaeota; Nitrosopumilales; Nitrosopumilaceae; Candidatus Nitrosomarinus
WP_075994726	Bacteria; Bacteroidetes; Sphingobacteriia; Sphingobacteriales; Sphingobacteriaceae; Sphingobacterium; unclassified Sphingobacterium
WP_080041088	Bacteria; Actinobacteria; Actinobacteria; Streptosporangiales; Streptosporangiaceae; Nonomuraea; unclassified Nonomuraea
WP_076731609	Bacteria; Bacteroidetes; Flavobacteriia; Flavobacteriales; Flavobacteriaceae; Lacinutrix; Lacinutrix venerupis
WP_077810908	Bacteria; Bacteroidetes; Flavobacteriia; Flavobacteriales; Flavobacteriaceae; Polaribacter; unclassified Polaribacter
WP_076619186	Bacteria; Bacteroidetes; Flavobacteriia; Flavobacteriales; Flavobacteriaceae; Winogradskyella; unclassified Winogradskyella
WP_084014586	Bacteria; Firmicutes; Bacilli; Lactobacillales; Leuconostocaceae; Leuconostoc; Leuconostoc mesenteroides
WP_085412798	Bacteria; Bacteroidetes; Cytophagia; Cytophagales; Cytophagaceae; Fibrella; unclassified Fibrella
WP_063599240	Bacteria; Proteobacteria; Betaproteobacteria; Burkholderiales; Burkholderiaceae; Pandoraea; Pandoraea pnomenusa
WP_079692966	Bacteria; Proteobacteria; Gammaproteobacteria; Pseudomonadales; Moraxellaceae; Psychrobacter; unclassified Psychrobacter
WP_095069131	Bacteria; Bacteroidetes; Flavobacteriia; Flavobacteriales; Flavobacteriaceae; Tenacibaculum; Tenacibaculum jejuense
WP_076698817	Bacteria; Bacteroidetes; Flavobacteriia; Flavobacteriales; Flavobacteriaceae; Seonamhaeicola; unclassified Seonamhaeicola
WP_077355579	Bacteria; Proteobacteria; Alphaproteobacteria; Caulobacterales; Caulobacteraceae; Brevundimonas; unclassified Brevundimonas
YP_426911	Bacteria; Proteobacteria; Alphaproteobacteria; Rhodospirillales; Rhodospirillaceae; Rhodospirillum; Rhodospirillum rubrum
WP_072613461	Bacteria; Firmicutes; Bacilli; Lactobacillales; Leuconostocaceae; Leuconostoc; Leuconostoc suionicum
WP_099622028	Bacteria; Proteobacteria; Alphaproteobacteria; Caulobacterales; Caulobacteraceae; Caulobacter; Caulobacter mirabilis
WP_100183059	Archaea; Thaumarchaeota; unclassified Thaumarchaeota; Candidatus Nitrosotenuis
WP_096686614	Bacteria; Bacteroidetes; Flavobacteriia; Flavobacteriales; Ichthyobacteriaceae; Ichthyobacterium; Ichthyobacterium seriolicida
WP_093096601	Bacteria; Bacteroidetes; Sphingobacteriia; Sphingobacteriales; Sphingobacteriaceae; Sphingobacterium; Sphingobacterium mizutaii
WP_083643974	Bacteria; Bacteroidetes; Flavobacteriia; Flavobacteriales; Flavobacteriaceae; Gramella; Gramella flava
WP_096620223	Bacteria; Cyanobacteria; Nostocales; Calotrichaceae; Calothrix; unclassified Calothrix
WP_095894201	Bacteria; Bacteroidetes; Flavobacteriia; Flavobacteriales; Flavobacteriaceae; Capnocytophaga; unclassified Capnocytophaga
WP_076696518	Bacteria; Proteobacteria; Alphaproteobacteria; Rhodobacterales; Rhodobacteraceae; Pelagibaca; Pelagibaca abyssi
WP_075325451	Bacteria; Bacteroidetes; Flavobacteriia; Flavobacteriales; Flavobacteriaceae; Salegentibacter
WP_089422312	Bacteria; Proteobacteria; Alphaproteobacteria; Rhodobacterales; Rhodobacteraceae; Sulfitobacter
WP_092255217	Bacteria; Actinobacteria; Actinobacteria; Corynebacteriales; Corynebacteriaceae; Corynebacterium; Corynebacterium cystitidis
WP_072553455	Bacteria; Bacteroidetes; Flavobacteriia; Flavobacteriales; Flavobacteriaceae; Gramella; Gramella salexigens
WP_095914303	Bacteria; Bacteroidetes; Flavobacteriia; Flavobacteriales; Flavobacteriaceae; Capnocytophaga; Capnocytophaga leadbetteri
WP_095896104	Bacteria; Bacteroidetes; Flavobacteriia; Flavobacteriales; Flavobacteriaceae; Capnocytophaga; Capnocytophaga stomatis
WP_076628570	Bacteria; Proteobacteria; Alphaproteobacteria; Rhodobacterales; Rhodobacteraceae; Tateyamaria; Tateyamaria omphalii
WP_075691966	Bacteria; Actinobacteria; Actinobacteria; Corynebacteriales; Corynebacteriaceae; Corynebacterium; Corynebacterium sphenisci
WP_084636873	Bacteria; Actinobacteria; Actinobacteria; Micrococcales; Micrococcaceae; Neomicrococcus; Neomicrococcus aestuarii
WP_098028737	Bacteria; Bacteroidetes; Flavobacteriia; Flavobacteriales; Flavobacteriaceae; Capnocytophaga; Capnocytophaga cynodegmi
WP_096741881	Bacteria; Firmicutes; Bacilli; Lactobacillales; Enterococcaceae; Enterococcus; unclassified Enterococcus
WP_094034897	Bacteria; Proteobacteria; Alphaproteobacteria; Rhodobacterales; Rhodobacteraceae; Antarctobacter; Antarctobacter heliothermus
WP_081506747	Bacteria; Proteobacteria; Alphaproteobacteria; Rhodobacterales; Rhodobacteraceae; Roseovarius; Roseovarius mucosus
WP_095912478	Bacteria; Bacteroidetes; Flavobacteriia; Flavobacteriales; Flavobacteriaceae; Capnocytophaga; unclassified Capnocytophaga
WP_072556650	Bacteria; Bacteroidetes; Flavobacteriia; Flavobacteriales; Flavobacteriaceae; Tenacibaculum; Tenacibaculum todarodis
WP_096351758	Bacteria; Bacteroidetes; Sphingobacteriia; Sphingobacteriales; Sphingobacteriaceae; Mucilaginibacter; Mucilaginibacter gotjawali
WP_094996901	Bacteria; Bacteroidetes; Flavobacteriia; Flavobacteriales; Flavobacteriaceae; Maribacter; Maribacter cobaltidurans
WP_088593806	Bacteria; Bacteroidetes; Flavobacteriia; Flavobacteriales; Flavobacteriaceae; Capnocytophaga; unclassified Capnocytophaga
WP_095898051	Bacteria; Bacteroidetes; Flavobacteriia; Flavobacteriales; Flavobacteriaceae; Capnocytophaga; Capnocytophaga sputigena
NP_870472	Bacteria; Planctomycetes; Planctomycetia; Pirellulales; Pirellulaceae; Rhodopirellula; Rhodopirellula baltica
WP_086545043	Bacteria; Bacteroidetes; Sphingobacteriia; Sphingobacteriales; Sphingobacteriaceae; unclassified Sphingobacteriaceae
WP_076381970	Bacteria; Bacteroidetes; Chitinophagia; Chitinophagales; Chitinophagaceae; Filimonas; Filimonas lacunae
WP_094570500	Bacteria; Bacteroidetes; Sphingobacteriia; Sphingobacteriales; Sphingobacteriaceae; Mucilaginibacter; unclassified Mucilaginibacter
WP_079243349	Bacteria; Bacteroidetes; Flavobacteriia; Flavobacteriales; Flavobacteriaceae; Chryseobacterium; Chryseobacterium indologenes
YP_144329	Bacteria; Deinococcus-Thermus; Deinococci; Thermales; Thermaceae; Thermus; Thermus thermophilus
WP_095901035	Bacteria; Bacteroidetes; Flavobacteriia; Flavobacteriales; Flavobacteriaceae; Capnocytophaga; Capnocytophaga sputigena
WP_099439209	Bacteria; Bacteroidetes; Sphingobacteriia; Sphingobacteriales; Sphingobacteriaceae; Pedobacter; Pedobacter ginsengisoli
WP_079207107	Bacteria; Bacteroidetes; Flavobacteriia; Flavobacteriales; Flavobacteriaceae; Riemerella; Riemerella anatipestifer
WP_015919252	Bacteria; Thermotogae; Thermotogae; Thermotogales; Thermotogaceae; Thermotoga; Thermotoga neapolitana
WP_078403325	Bacteria; Bacteroidetes; Flavobacteriia; Flavobacteriales; Flavobacteriaceae; Elizabethkingia; Elizabethkingia ursingii
WP_094080835	Bacteria; Fusobacteria; Fusobacteriia; Fusobacteriales; Leptotrichiaceae; Leptotrichia; unclassified Leptotrichia
NP_229624	Bacteria; Thermotogae; Thermotogae; Thermotogales; Thermotogaceae; Thermotoga; Thermotoga maritima
WP_048810872	Bacteria; Thermotogae; Thermotogae; Thermotogales; Thermotogaceae; Thermotoga; Thermotoga petrophila
WP_008194366	Bacteria; Thermotogae; Thermotogae; Thermotogales; Thermotogaceae; Thermotoga
WP_012310869	Bacteria; Thermotogae; Thermotogae; Thermotogales; Thermotogaceae; Thermotoga; unclassified Thermotoga
WP_088862300	Archaea; Euryarchaeota; Thermococci; Thermococcales; Thermococcaceae; Thermococcus; Thermococcus celer
WP_012056285	Bacteria; Thermotogae; Thermotogae; Thermotogales; Fervidobacteriaceae; Thermosipho; Thermosipho melanesiensis
WP_099210645	Archaea; Euryarchaeota; Thermococci; Thermococcales; Thermococcaceae; Thermococcus; unclassified Thermococcus
WP_075780440	Bacteria; Thermotogae; Thermotogae; Petrotogales; Petrotogaceae; Marinitoga; unclassified Marinitoga
WP_088884861	Archaea; Euryarchaeota; Thermococci; Thermococcales; Thermococcaceae; Thermococcus; Thermococcus gorgonarius
WP_088858160	Archaea; Euryarchaeota; Thermococci; Thermococcales; Thermococcaceae; Thermococcus; Thermococcus profundus
WP_072311596	Bacteria; Proteobacteria; Deltaproteobacteria; Desulfovibrionales; Desulfovibrionaceae; Desulfovibrio
WP_075665287	Unclassified
WP_080316526	Bacteria; Firmicutes; Bacilli; Lactobacillales; Lactobacillaceae; Lactobacillus; Lactobacillus plantarum
WP_014835484	Archaea; Euryarchaeota; Thermococci; Thermococcales; Thermococcaceae; Pyrococcus; Pyrococcus furiosus
WP_020921686	Bacteria; Proteobacteria; Alphaproteobacteria; Rhizobiales; Rhizobiaceae; Rhizobium; Rhizobium etli
WP_011101405	Bacteria; Firmicutes; Bacilli; Lactobacillales; Lactobacillaceae; Lactobacillus; Lactobacillus plantarum
WP_010109218	Bacteria; Proteobacteria; Betaproteobacteria; Burkholderiales; Burkholderiaceae; Burkholderia; Burkholderia oklahomensis
WP_010119096	Bacteria; Proteobacteria; Betaproteobacteria; Burkholderiales; Burkholderiaceae; Burkholderia; Burkholderia oklahomensis
WP_014187828	Bacteria; Proteobacteria; Alphaproteobacteria; Rhodospirillales; Rhodospirillaceae; Azospirillum; Azospirillum lipoferum
WP_012975646	Bacteria; Proteobacteria; Alphaproteobacteria; Rhodospirillales; Rhodospirillaceae; Azospirillum; Azospirillum lipoferum
WP_096618509	Bacteria; Cyanobacteria; Nostocales; Calotrichaceae; Calothrix; unclassified Calothrix
WP_098943087	Bacteria; Proteobacteria; Gammaproteobacteria; Enterobacterales; Morganellaceae; Proteus
WP_076201102	Bacteria; Proteobacteria; Betaproteobacteria; Burkholderiales; Comamonadaceae; Rhodoferax; Rhodoferax koreense
WP_095747575	Bacteria; Proteobacteria; Betaproteobacteria; Burkholderiales; Comamonadaceae; Variovorax; Variovorax boronicumulans
WP_023596376	Bacteria; Proteobacteria; Betaproteobacteria; Burkholderiales; Burkholderiaceae; Pandoraea
WP_075097960	Bacteria; Proteobacteria; Deltaproteobacteria; Myxococcales; Sorangiineae; Sandaracinaceae; Sandaracinus; Sandaracinus amylolyticus
WP_100274338	Bacteria; Proteobacteria; Gammaproteobacteria; Pseudomonadales; Moraxellaceae; Moraxella; Moraxella osloensis
WP_080048674	Bacteria; Proteobacteria; Gammaproteobacteria; Pseudomonadales; Pseudomonadaceae; Pseudomonas; unclassified Pseudomonas
NP_874832	Bacteria; Cyanobacteria; Synechococcales; Prochloraceae; Prochlorococcus; Prochlorococcus marinus; Prochlorococcus marinus subsp. marinus
WP_072136693	Bacteria; Proteobacteria; Gammaproteobacteria; Enterobacterales; Erwiniaceae; Pantoea; Pantoea ananatis
WP_088455234	Bacteria; Actinobacteria; Actinobacteria; Micrococcales; Microbacteriaceae; Cryobacterium; unclassified Cryobacterium
WP_084744867	Bacteria; Actinobacteria; Actinobacteria; Streptomycetales; Streptomycetaceae; Kitasatospora; Kitasatospora albolonga
YP_001088202	Bacteria; Firmicutes; Clostridia; Clostridiales; Peptostreptococcaceae; Clostridioides; Clostridioides difficile
WP_074871276	Bacteria; Proteobacteria; Gammaproteobacteria; Pseudomonadales; Pseudomonadaceae; Pseudomonas
WP_081529133	Bacteria; Actinobacteria; Actinobacteria; Corynebacteriales; Mycobacteriaceae; Mycolicibacterium; Mycolicibacterium vaccae
WP_011606316	Bacteria; Actinobacteria; Frankiales; Frankiaceae; Frankia
WP_078479190	Bacteria; Proteobacteria; Gammaproteobacteria; Pseudomonadales; Pseudomonadaceae; Pseudomonas; Pseudomonas parafulva
WP_096390390	Archaea; Euryarchaeota; Halobacteria; Haloferacales; Halorubraceae; Halopenitus; Halopenitus persicus
WP_088905129	Bacteria; Proteobacteria; Gammaproteobacteria; Alteromonadales; Shewanellaceae; Shewanella; Shewanella marisflavi
WP_075749963	Bacteria; Proteobacteria; Gammaproteobacteria; Pseudomonadales; Pseudomonadaceae; Pseudomonas; Pseudomonas alcaliphila
WP_081427298	Bacteria; Proteobacteria; Gammaproteobacteria; Pseudomonadales; Pseudomonadaceae; Pseudomonas; Pseudomonas frederiksbergensis
WP_078118748	Bacteria; Proteobacteria; Gammaproteobacteria; Chromatiales; Chromatiaceae; unclassified Chromatiaceae
YP_010419	Bacteria; Proteobacteria; Deltaproteobacteria; Desulfovibrionales; Desulfovibrionaceae; Desulfovibrio; Desulfovibrio vulgaris
WP_072334045	Bacteria; Proteobacteria; Deltaproteobacteria; Desulfovibrionales; Desulfovibrionaceae; Desulfovibrio; Desulfovibrio piger
WP_077400605	Bacteria; Proteobacteria; Gammaproteobacteria; Cellvibrionales; Microbulbiferaceae; Microbulbifer; Microbulbifer agarilyticus
WP_097784139	Bacteria; Actinobacteria; Actinobacteria; Propionibacteriales; Propionibacteriaceae; Propionibacterium; Propionibacterium freudenreichii
WP_011720108	Bacteria; Actinobacteria; Actinobacteria; Acidothermales; Acidothermaceae; Acidothermus; Acidothermus cellulolyticus
WP_077754173	Bacteria; Proteobacteria; Gammaproteobacteria; Alteromonadales; Shewanellaceae; Shewanella; Shewanella psychrophila
WP_086933770	Bacteria; Proteobacteria; Gammaproteobacteria; Cellvibrionales; Cellvibrionaceae; Agarilytica; Agarilytica rhodophyticola
WP_086795767	Bacteria; Proteobacteria; Gammaproteobacteria; Pseudomonadales; Pseudomonadaceae; Pseudomonas
WP_102827706	Bacteria; Proteobacteria; Gammaproteobacteria; Pseudomonadales; Pseudomonadaceae; Pseudomonas; Pseudomonas stutzeri
WP_082922793	Bacteria; Proteobacteria; Gammaproteobacteria; Chromatiales; Halothiobacillaceae; Halothiobacillus; unclassified Halothiobacillus
NP_790538	Bacteria; Proteobacteria; Gammaproteobacteria; Pseudomonadales; Pseudomonadaceae; Pseudomonas; Pseudomonas syringae pv. tomato
WP_095959714	Bacteria; Proteobacteria; Deltaproteobacteria; Myxococcales; Cystobacterineae; Myxococcaceae; Myxococcus; Myxococcus macrosporus
WP_079204573	Bacteria; Proteobacteria; Gammaproteobacteria; Pseudomonadales; Pseudomonadaceae; Pseudomonas; unclassified Pseudomonas
WP_099978295	Bacteria; Proteobacteria; Gammaproteobacteria; Pseudomonadales; Pseudomonadaceae; Pseudomonas
YP_237529	Bacteria; Proteobacteria; Gammaproteobacteria; Pseudomonadales; Pseudomonadaceae; Pseudomonas; Pseudomonas syringae
